lm0_x,lm0_y,lm0_z,lm1_x,lm1_y,lm1_z,lm2_x,lm2_y,lm2_z,lm3_x,lm3_y,lm3_z,lm4_x,lm4_y,lm4_z,lm5_x,lm5_y,lm5_z,lm6_x,lm6_y,lm6_z,lm7_x,lm7_y,lm7_z,lm8_x,lm8_y,lm8_z,lm9_x,lm9_y,lm9_z,lm10_x,lm10_y,lm10_z,lm11_x,lm11_y,lm11_z,lm12_x,lm12_y,lm12_z,lm13_x,lm13_y,lm13_z,lm14_x,lm14_y,lm14_z,lm15_x,lm15_y,lm15_z,lm16_x,lm16_y,lm16_z,lm17_x,lm17_y,lm17_z,lm18_x,lm18_y,lm18_z,lm19_x,lm19_y,lm19_z,lm20_x,lm20_y,lm20_z,label,handedness,confidence,image_path
0.0,0.0,0.0,-0.3330007,-0.22381696,-0.111304365,-0.5115073,-0.51680905,-0.17064491,-0.26002562,-0.6567306,-0.29814303,-0.117243744,-0.7360005,-0.3717148,-0.37745935,-0.9345637,-0.222674,-0.3422435,-0.8926922,-0.2737341,-0.27835822,-0.6579256,-0.3802195,-0.23095444,-0.542978,-0.33348063,-0.07791139,-0.9710718,-0.22571982,-0.029027434,-0.8608157,-0.28219232,-0.17425542,-0.63064575,-0.17893884,-0.21250588,-0.60779035,-0.28005624,0.10874439,-0.9259775,-0.113166876,-0.04082895,-0.83729005,-0.23939887,0.12972252,-0.6008502,-0.26006383,-0.086619854,-0.4614424,-0.36568582,0.37624508,-0.8412487,-0.19535047,0.13575481,-0.67807096,-0.24413091,0.26284134,-0.48973596,-0.34258333,0.17588237,-0.5105884,-0.33830887,N,Right,0.96,aug_N_032.jpg
0.0,0.0,0.0,-0.02876149,-0.22194539,-0.014554071,-0.33342,-0.6496021,-0.047411565,-0.086584866,-0.7536077,-0.21957007,0.08452437,-0.7030728,-0.14500758,-0.122553565,-1.0514483,-0.043673716,-0.058786247,-0.9170592,-0.0018299326,-0.05652506,-0.74742055,-0.12072805,0.011239865,-0.54111415,-0.0960719,0.044972487,-0.9989403,-0.009793155,0.06398578,-0.7702638,-0.0464518,0.017402034,-0.63622254,-0.042122174,0.1574204,-0.56778777,-0.058941953,0.32108098,-0.9997255,0.003915791,0.24838412,-0.8599736,-0.06213953,0.3587597,-0.58053267,-0.14002305,0.15834822,-0.4978024,-0.20432325,0.4299675,-0.9100046,0.016744368,0.4850042,-1.1882023,-0.04817309,0.49405274,-1.541642,-0.1424049,0.6448081,-1.9305004,-0.17576127,I,Right,0.96,aug_I_030.jpg
0.0,0.0,0.0,-0.29589453,-0.24411038,0.049262505,-0.4762182,-0.57701856,-0.028814478,-0.30192414,-0.6685824,-0.10908251,-0.033671662,-0.74640113,-0.1213774,-0.2335924,-0.95041674,0.04378021,-0.47389966,-1.4475404,-0.105602175,-0.5483102,-1.8051885,-0.1265697,-0.71226704,-2.2639425,-0.25477424,-0.09983416,-0.99487734,0.015879583,-0.10155156,-1.5145001,-0.07522794,-0.031474333,-1.7777634,-0.13308279,0.009966664,-2.2421865,-0.14696874,0.09722601,-0.9632578,-0.050511144,0.19308938,-1.4174321,-0.028908186,0.49294224,-1.7567871,-0.10969932,0.61201674,-2.1726592,-0.21443541,0.18717203,-0.7748565,-0.039385293,0.17558485,-0.7247182,-0.048543125,0.17830797,-0.5103429,-0.11684634,0.16386949,-0.46709308,-0.10481123,W,Right,0.96,aug_W_021.jpg
0.0,0.0,0.0,-0.20498812,-0.37525472,-0.10417644,-0.38369122,-0.57470214,-0.19424762,-0.6648967,-0.74968636,-0.22443485,-0.43943027,-0.86063826,-0.23866431,-0.21349542,-1.0927622,-0.15437429,-0.3142783,-1.393958,-0.100312635,-0.31744573,-1.8186932,-0.19226678,-0.43076023,-2.1260085,-0.27173826,-0.017758025,-0.9963371,-0.083648406,-0.10171873,-1.4549404,-0.25653502,-0.1299494,-1.7435939,-0.32431474,-0.1529244,-1.4406701,-0.3874034,0.123234145,-0.9460384,-0.07284898,0.20643829,-1.2325665,-0.19142565,0.046717416,-1.4769242,-0.40731534,-0.032750756,-1.3468795,-0.3184949,0.34368992,-0.75931126,-0.09204477,0.3363396,-1.2467583,-0.2675138,0.26336613,-1.41619,-0.41504624,0.19241653,-1.2434752,-0.36405993,D,Right,0.96,aug_D_028.jpg
0.0,0.0,0.0,-0.21935076,-0.25432667,0.101233356,-0.4497743,-0.6910952,-0.06065161,-0.08721365,-0.73443836,-0.1436628,0.04607026,-0.739439,-0.13456905,-0.18398705,-0.8796119,-0.12324399,-0.13306327,-0.7921074,-0.11884746,-0.11088473,-0.57991517,-0.17803659,-0.12033299,-0.5145334,-0.15029743,0.024812259,-0.999389,0.024616426,0.022101609,-0.8032568,-0.120447375,0.114106864,-0.6118528,-0.11145507,0.015341637,-0.38041854,-0.10983672,0.32971635,-0.87878937,-0.051291347,0.18003155,-0.7406102,-0.09887278,0.17005649,-0.6153045,-0.14154515,0.1018729,-0.49719056,-0.08192723,0.48801392,-0.7958509,0.086303115,0.332227,-0.63799894,-0.036548253,0.2863128,-0.58486986,-0.12855646,0.2803905,-0.45013925,-0.23016644,M,Right,0.96,aug_M_029.jpg
0.0,0.0,0.0,-0.16793855,-0.19335382,-0.14924516,-0.30363736,-0.5036513,-0.2085468,-0.21360052,-0.57056385,-0.30082563,0.074864976,-0.76011175,-0.26519153,-0.24679834,-0.9691749,-0.14599222,-0.10685168,-1.4064581,-0.117681436,-0.23367067,-1.9132819,-0.320472,-0.2656336,-2.3073525,-0.39695823,-0.019524664,-0.97925854,-0.20167181,0.11453593,-1.5205022,-0.1926829,0.062420566,-1.9104546,-0.21697178,-0.009971869,-2.3216288,-0.26645333,0.21567354,-0.8488036,-0.23404083,0.24071287,-0.7277086,-0.38298124,0.30937746,-0.67333794,-0.26970217,0.22424324,-0.60166436,-0.29021537,0.492941,-0.67795295,-0.08086426,0.44525456,-0.6650598,-0.22652298,0.46040654,-0.41873258,-0.3442619,0.35348955,-0.31302044,-0.35705075,2,Right,0.96,aug_2_012.jpg
0.0,0.0,0.0,-0.120893024,-0.29411137,-0.008734093,-0.28869087,-0.5716587,-0.22356345,-0.111670256,-0.715968,-0.20650496,0.09475257,-0.7361004,-0.20395492,-0.09410277,-0.9568558,-0.09953747,-0.23828053,-1.3641572,-0.11555303,-0.28055078,-1.6772407,-0.114400394,-0.29989636,-2.1458108,-0.121194705,0.07236491,-0.9973774,-0.0013321125,0.07277898,-0.72650206,-0.15522306,0.050889056,-0.6112074,-0.12563924,0.0954723,-0.4705352,-0.22199985,0.21126983,-0.8314812,0.01607782,0.27432466,-0.7050382,-0.1085009,0.24129634,-0.6048451,-0.14753196,0.17026664,-0.4457539,-0.12820138,0.37602758,-0.6884389,-0.045295704,0.4784005,-0.5883395,-0.18883125,0.35382706,-0.6229399,-0.19909003,0.32782206,-0.3847958,-0.1743312,1,Right,0.96,aug_1_002.jpg
0.0,0.0,0.0,-0.22000499,-0.09690707,-0.06549416,-0.4131013,-0.611666,-0.19423616,-0.1800251,-0.62661666,-0.32955027,0.07165898,-0.6816014,-0.30331656,-0.21655896,-0.9593003,-0.1816063,-0.22033961,-1.4442787,-0.16685337,-0.16774157,-1.8583744,-0.17229335,-0.31029296,-2.2657285,-0.29000953,0.023225958,-0.98147583,-0.19017263,-0.06137372,-0.7584533,-0.17869762,0.0716133,-0.5879914,-0.23669484,0.06967598,-0.3995667,-0.33454245,0.16127944,-0.9214275,-0.1335165,0.16258447,-0.86056477,-0.12916113,0.1606521,-0.58692497,-0.20798445,-0.014034913,-0.47771955,-0.30612683,0.4075262,-0.7581192,-0.045427788,0.41813836,-0.58981264,-0.22988427,0.24333686,-0.622156,-0.37483397,0.2990226,-0.39490703,-0.29548332,Z,Right,0.96,aug_Z_015.jpg
0.0,0.0,0.0,-0.2794111,-0.2768179,-0.0064562135,-0.47285342,-0.5519021,-0.106810205,-0.7010475,-0.9073097,-0.08555409,-0.67469305,-1.3265779,-0.16853969,-0.26656264,-0.8583164,-0.050029125,-0.36752772,-1.2950847,-0.084630676,-0.30205977,-1.67789,-0.11404898,-0.40358576,-2.0988097,-0.1581105,-0.03378085,-0.99928683,-0.016876591,-0.14044368,-1.5033041,-0.069252826,-0.18573737,-1.6977134,-0.17665438,-0.08239334,-2.1494153,-0.20373704,-0.024763249,-0.8906627,-0.06982055,-0.068199575,-0.71682304,-0.10129376,0.115805805,-0.6579248,-0.24336328,-0.012421397,-0.46779597,-0.10770287,0.35450628,-0.66678965,-0.007850559,0.27676404,-0.6769248,-0.10337663,0.1247611,-0.5045197,-0.15252154,0.2367176,-0.43051305,-0.15244639,3,Right,0.96,aug_3_022.jpg
0.0,0.0,0.0,-0.3365776,-0.18630157,0.0024509537,-0.40505588,-0.54384106,-0.14163296,-0.34804425,-0.5956248,-0.12889308,-0.05949149,-0.7298606,-0.22042967,-0.31218717,-1.0030732,-0.013614601,-0.2877835,-0.6946696,-0.19197643,-0.24066716,-0.657441,-0.20569003,-0.14022923,-0.4415914,-0.23887059,-0.17549902,-0.9840091,-0.0304345,-0.043861218,-0.8181834,-0.1805116,0.030100333,-0.5879989,-0.12986287,-0.162235,-0.4264842,-0.14208655,0.102049954,-0.9691794,-0.09362781,0.07232763,-0.8192139,0.007060307,0.11615913,-0.67216116,-0.1690875,0.008486156,-0.3829476,-0.32569504,0.2975806,-0.79673773,-0.017198492,0.17892475,-0.55622315,-0.119147055,0.0910754,-0.63686365,-0.15570575,0.106628105,-0.36489618,-0.22143021,S,Right,0.96,aug_S_012.jpg
0.0,0.0,0.0,-0.088327385,-0.18879522,-0.018245084,-0.15567967,-0.43035665,0.010378534,-0.103121154,-0.5876038,-0.070681244,0.11005478,-0.58051175,-0.081359826,-0.019521436,-0.86990184,-0.026402064,-0.14690216,-1.2121248,-0.05232542,-0.15075521,-1.5395057,-0.15834631,-0.26362026,-1.7343369,-0.08171199,0.08931937,-0.9940955,-0.06161381,0.09655158,-1.2445523,-0.07646247,0.09906157,-1.593363,-0.048368808,0.071860574,-1.936192,-0.16154046,0.26103202,-0.7676243,-0.07707873,0.20596297,-0.6635223,-0.05628406,0.18405019,-0.60212034,-0.15937902,0.23406263,-0.45259166,-0.09129491,0.31637722,-0.65393555,-0.09435128,0.3442189,-0.629622,-0.14285102,0.25497213,-0.49085385,-0.22580846,0.19859643,-0.4003412,-0.2187759,U,Right,0.96,aug_U_033.jpg
0.0,0.0,0.0,-0.11534232,-0.36339623,0.03233541,-0.1948072,-0.6714229,-0.053127848,-0.36656576,-0.68640864,-0.1649608,-0.30262068,-0.80896544,-0.25540358,-0.22873764,-0.9321775,-0.12933479,-0.07087128,-1.3207281,-0.17590982,-0.19529179,-1.5254419,-0.30276603,-0.2526643,-1.4013063,-0.37695363,0.112449974,-0.9926052,-0.045714676,0.10001585,-1.3471316,-0.101067126,0.0044575925,-1.6893493,-0.27064687,0.0026239962,-1.5255755,-0.2961303,0.19779047,-0.85194194,-0.04388281,0.22638904,-1.346743,-0.061782923,0.35406762,-1.5444797,-0.33054024,0.14272423,-1.3711056,-0.33362406,0.47052896,-0.6579088,0.029480848,0.43773833,-1.1299983,-0.28047162,0.41726103,-1.4082605,-0.21837236,0.35316384,-1.2429177,-0.2909339,O,Right,0.96,aug_O_025.jpg
0.0,0.0,0.0,-0.12144692,-0.3138927,-0.11165453,-0.43000826,-0.6697576,-0.17097026,-0.55033785,-0.75313437,-0.33459252,-0.3486879,-1.0065215,-0.27332297,-0.29961374,-1.1727843,-0.19700633,-0.28958452,-1.4935694,-0.38852933,-0.35199395,-1.8254632,-0.40375566,-0.3957669,-1.5455258,-0.48298264,-0.052837253,-0.9913982,-0.11974098,0.023086863,-0.88463634,-0.22720431,0.017639177,-0.7234655,-0.2920608,-0.032862697,-0.59871423,-0.21949282,0.23592934,-1.0945727,-0.10480848,0.13037314,-0.9393354,-0.23582523,0.08340334,-0.7986574,-0.23387222,0.011147387,-0.58181345,-0.2580195,0.33608034,-0.8284011,-0.12308399,0.54253614,-0.784879,-0.14739762,0.21353763,-0.69063723,-0.24341282,0.20268625,-0.5708687,-0.19663239,Q,Right,0.96,aug_Q_006.jpg
0.0,0.0,0.0,-0.25188333,-0.14585994,-0.026706083,-0.3872813,-0.5970623,-0.22600777,-0.3128684,-0.58239275,-0.25855017,-0.0665301,-0.70463014,-0.18671907,-0.18209186,-0.9171575,-0.06513534,-0.26671687,-1.4177155,-0.13902146,-0.32661843,-1.7850444,-0.17998205,-0.42791444,-2.19231,-0.23597126,0.0050184117,-0.9984815,-0.054860603,-0.03474517,-1.4912887,-0.1790613,-0.05400281,-1.892487,-0.22094144,0.09924496,-2.3378391,-0.24911055,0.21433876,-0.92223096,-0.048284315,0.1695412,-0.6719902,-0.22738546,0.04436976,-0.63438433,-0.26722777,0.16591501,-0.32085067,-0.23021403,0.36343688,-0.7667534,-0.05409526,0.44297662,-0.5420312,-0.13407964,0.33076942,-0.4506359,-0.2533784,0.17160268,-0.4025554,-0.22562334,R,Right,0.96,aug_R_009.jpg
0.0,0.0,0.0,-0.13642883,-0.41207036,-0.008128326,-0.3045827,-0.5424332,-0.121297725,-0.61028194,-0.6950643,-0.009512586,-0.8844863,-0.92417884,-0.21293579,-0.24839036,-0.95067996,-0.037370674,-0.082862265,-1.3259124,-0.05696491,-0.19344787,-1.6215801,-0.027872868,-0.25419,-2.0028389,-0.12116897,0.018230995,-0.99877375,0.04602934,0.011593126,-1.3520278,-0.12796636,0.015356452,-1.5796478,-0.2245863,-0.14198492,-1.2764369,-0.24793483,0.26243427,-0.8782517,0.010972472,0.14157009,-0.7778407,-0.09146981,0.112132914,-0.6438868,-0.20918296,0.112009235,-0.57936734,-0.124318235,0.36626488,-0.69683075,0.010148645,0.29609388,-0.7155645,-0.052439075,0.2631925,-0.5981816,-0.12140624,0.13520545,-0.47474295,-0.16753104,K,Right,0.96,aug_K_022.jpg
0.0,0.0,0.0,-0.022682488,-0.24696359,-0.10081495,-0.36131558,-0.58234054,-0.12050207,-0.073313504,-0.7365772,-0.17495145,0.11316563,-0.739131,-0.14428875,-0.12770225,-0.9351592,-0.0029405341,-0.2733923,-1.3251371,-0.1810636,-0.15464534,-1.7336624,-0.09663406,-0.17413104,-2.058747,-0.12368034,0.04146149,-0.9990249,0.015166346,0.08252132,-0.7795328,-0.12575635,0.035238117,-0.68931466,-0.13305385,0.047661092,-0.4891556,-0.26798975,0.2458645,-0.9625453,-0.05494129,0.23853917,-0.7468204,-0.12841722,0.15506992,-0.64303106,-0.08131224,0.19204493,-0.50099033,-0.17420773,0.43748897,-0.7262288,-0.03239918,0.28085622,-0.6604617,-0.12770909,0.4453614,-0.37350398,-0.13313037,0.24935336,-0.39251655,-0.2617231,1,Right,0.96,aug_1_010.jpg
0.0,0.0,0.0,-0.14987123,-0.32351944,-0.16780579,-0.29737428,-0.5881721,-0.17032154,-0.22395456,-0.6489688,-0.2966041,0.01376803,-0.68147194,-0.18923827,-0.18706112,-0.9938967,-0.06260681,-0.14923185,-1.3760527,-0.10819807,-0.17180881,-1.663297,-0.1949002,-0.24038668,-2.0497644,-0.28147873,0.03935656,-0.9934036,-0.10770374,-0.032478996,-1.4542514,-0.06347123,0.081790134,-1.6738052,-0.120681934,0.022084836,-2.2092175,-0.22604378,0.27283037,-0.91168815,-0.016332703,0.12633765,-0.8988371,-0.14312385,0.18679143,-0.64283425,-0.1551409,-0.0012455651,-0.5847661,-0.20645912,0.35536835,-0.697459,-0.060016144,0.23038663,-0.6713484,-0.14510824,0.1548239,-0.55938137,-0.23343357,0.17410003,-0.44912317,-0.2740664,R,Right,0.96,aug_R_033.jpg
0.0,0.0,0.0,-0.1551124,-0.24812105,0.0049122814,-0.28185835,-0.49639437,-0.16683052,-0.14565721,-0.6343376,-0.18058755,0.16868465,-0.7050509,-0.09609983,-0.09235821,-0.91777617,-0.07628332,-0.12408443,-0.7760345,-0.060000096,-0.030650215,-0.6348697,-0.12450965,-0.15664776,-0.56481075,-0.16649312,0.07706128,-0.99562335,-0.052873354,0.11066505,-0.8801541,-0.122911386,0.13622004,-0.5561938,-0.0861157,0.09094075,-0.46245328,-0.29954666,0.24529794,-0.9432376,0.0066235038,0.19020534,-0.73266137,-0.1574364,0.21638568,-0.6148305,-0.23123285,0.1508972,-0.58186185,-0.22259103,0.44955894,-0.8118561,-0.03160311,0.46798086,-0.66612756,-0.097268194,0.41267875,-0.5470779,-0.23555972,0.34653392,-0.3940685,-0.12327197,N,Right,0.96,aug_N_013.jpg
0.0,0.0,0.0,0.264157,-0.21303336,-0.06681211,0.5824466,-0.31031832,-0.15340859,0.8310107,-0.3312004,-0.22906111,1.0379053,-0.32871157,-0.31339958,0.957524,-0.18491428,-0.2431625,1.4394537,-0.1299135,-0.36486265,1.7528356,-0.08499351,-0.4355855,1.996498,-0.048787054,-0.4806897,0.9590718,0.011268171,-0.28293872,1.4844426,0.09167367,-0.41262802,1.8349762,0.1415858,-0.49751705,2.116767,0.17771678,-0.55294484,0.87830013,0.20202452,-0.31662387,1.3685347,0.28380212,-0.44032472,1.6982601,0.33392617,-0.49697503,1.9645224,0.37051922,-0.52800936,0.73241925,0.38717705,-0.34567016,1.1159639,0.4664891,-0.42598474,1.3689203,0.51230687,-0.43663803,1.5882624,0.54204464,-0.43830958,HELLO,Right,0.95,HELLO_011.jpg
0.0,0.0,0.0,-0.197235,-0.22849262,0.22907557,-0.382201,-0.47149828,0.36474743,-0.50400436,-0.61240846,0.44519496,-0.6121514,-0.67195654,0.5226008,-0.3895237,-0.84912986,0.40329352,-0.61871994,-1.0554714,0.54209596,-0.7539145,-1.1182623,0.6145112,-0.84843385,-1.1547185,0.656644,-0.409401,-0.8583263,0.30930027,-0.64602053,-1.0645797,0.46383688,-0.76148504,-1.0798628,0.50354004,-0.82924354,-1.062309,0.51501465,-0.41518947,-0.81340426,0.22051153,-0.65389454,-0.81798893,0.36354762,-0.6313111,-0.67648506,0.37579829,-0.56273216,-0.58148134,0.35606977,-0.42645878,-0.7362586,0.14374453,-0.6111443,-0.6733953,0.25775865,-0.601392,-0.5500377,0.28780976,-0.54059595,-0.4663284,0.2933833,E,Right,0.95,166.jpg
0.0,0.0,0.0,-0.16160591,-0.25699183,0.0033476562,-0.32457042,-0.5860588,-0.06246945,-0.19121352,-0.661098,-0.16260542,-0.024908574,-0.65773356,-0.223429,-0.12745485,-0.89335483,0.030412735,-0.17986694,-1.474473,-0.017413322,-0.19123979,-1.8824562,-0.1692158,-0.4022513,-2.229838,-0.1763551,0.13063648,-0.98993176,0.05449098,0.022574771,-1.4842575,-0.10442737,0.109502465,-2.0302112,-0.1085105,-0.053294342,-2.4019983,-0.14552875,0.22942248,-0.974775,0.025723925,0.3031412,-1.4328493,-0.07078625,0.46463254,-1.7289171,-0.05385146,0.33490807,-2.130878,-0.31269556,0.41656142,-0.793851,-0.13464019,0.43747738,-1.3242859,-0.07551404,0.6030579,-1.4861066,-0.097922795,0.4980255,-2.0089924,-0.2750232,4,Right,0.96,aug_4_031.jpg
0.0,0.0,0.0,-0.24943015,-0.13168147,0.0078074145,-0.37824932,-0.54218066,-0.059582256,-0.66769516,-0.70334595,-0.069409415,-0.9892556,-0.789148,-0.14261144,-0.21765728,-0.9160669,-0.03810838,-0.16926001,-0.7019497,-0.10796125,-0.23599978,-0.62822837,-0.1371434,-0.16051355,-0.47525352,-0.1425366,-0.009929368,-0.99883723,0.047175888,0.0776452,-0.6740476,-0.10070293,0.025809422,-0.5458287,-0.11599919,0.00012634152,-0.40829495,-0.06757901,0.122608535,-0.7967088,0.10392545,0.16756085,-0.6249075,-0.2051531,0.15259583,-0.56076926,-0.060071837,0.01914316,-0.47041678,-0.066682555,0.2837827,-0.6925123,0.015986612,0.5030325,-1.023512,-0.08493326,0.6031122,-1.3654295,-0.13294148,0.83876336,-1.7046082,-0.07264859,Y,Right,0.96,aug_Y_028.jpg
0.0,0.0,0.0,-0.1875389,-0.2378528,-0.12455692,-0.35236716,-0.6411703,-0.1217819,-0.12478306,-0.6638642,-0.17788741,-0.0029879664,-0.7017911,-0.23104393,-0.24497324,-0.8207883,-0.096223995,-0.20118064,-0.8343863,-0.149081,-0.10797162,-0.63256663,-0.16468182,-0.18418126,-0.49534243,-0.19904615,-0.08457829,-0.990723,-0.10636958,-0.07437824,-0.7511189,-0.123192355,-0.011692078,-0.59908,-0.2515627,0.003507747,-0.47290507,-0.16816474,0.12682506,-0.87575436,-0.05219368,0.07629355,-0.68741184,-0.13032861,0.08597537,-0.63159245,-0.1877215,0.04894599,-0.50657266,-0.23896664,0.29277226,-0.7214368,-0.12078529,0.25471485,-0.6543005,-0.18040709,0.23403929,-0.48018426,-0.20644785,0.173687,-0.40890378,-0.27968687,S,Right,0.96,aug_S_014.jpg
0.0,0.0,0.0,-0.12114614,-0.16756669,-0.12600122,-0.28911015,-0.6558914,-0.12294665,-0.116090134,-0.71105725,-0.25142273,0.06440121,-0.74274266,-0.2644449,-0.122084826,-0.9155893,-0.12324315,-0.08026444,-0.887013,-0.2198597,-0.12186868,-0.56401116,-0.16741115,0.019580072,-0.41537035,-0.19957568,0.067373656,-0.99710256,-0.03531785,0.029725969,-0.90207154,-0.17464195,0.045323506,-0.7826851,-0.3065768,0.059962202,-0.52713853,-0.23637182,0.360253,-0.9393543,-0.092860475,0.122972265,-0.79710096,-0.17846233,0.13629329,-0.71221375,-0.21451686,0.1360594,-0.53514975,-0.21177389,0.5391008,-0.80723387,-0.0136110615,0.28244418,-0.69897896,-0.21398136,0.31396082,-0.539015,-0.25192276,0.19034459,-0.5698295,-0.2021406,N,Right,0.96,aug_N_028.jpg
0.0,0.0,0.0,-0.08612232,-0.36205667,-0.007146381,-0.26771232,-0.63004625,-0.11796604,-0.11138828,-0.6828764,-0.13308138,0.021277588,-0.7557182,-0.185354,-0.18431532,-0.94053334,-0.064470276,-0.15382874,-0.87501246,-0.18182291,-0.09547196,-0.6487011,-0.20245877,-0.013957206,-0.5840111,-0.1589818,0.023513826,-0.9996923,0.007892511,0.08214356,-0.892963,-0.2531806,-0.023953594,-0.71744955,-0.20281701,0.091781445,-0.40767184,-0.22843716,0.17891017,-0.9087125,-0.038248345,0.057191428,-0.73154974,-0.09391622,0.10182911,-0.60647744,-0.25318682,-0.0007645897,-0.52957416,-0.15928708,0.32655483,-0.7379885,-0.08854081,0.3951426,-1.1299654,-0.08752134,0.20411675,-1.4027267,-0.30988252,0.24839164,-1.1741667,-0.3248797,J,Right,0.96,aug_J_007.jpg
0.0,0.0,0.0,-0.07047891,-0.32386425,-0.020689502,-0.3020447,-0.63940346,-0.037744645,-0.12303566,-0.75118554,-0.25027665,0.008109683,-0.6624144,-0.12266374,-0.19372724,-0.99401987,0.037605092,-0.3657118,-1.2648201,-0.028649997,-0.36784226,-1.6798104,-0.05027004,-0.5344324,-2.1019356,-0.12681943,0.020837354,-0.99977505,-0.0039703953,0.08486564,-1.3602442,0.046271868,0.28553718,-1.6937739,-0.027990151,0.5095046,-2.068344,-0.100900136,0.04049758,-0.9191753,0.033640537,0.11562241,-0.76492643,-0.13727994,0.08879993,-0.75539476,-0.14998685,0.12227578,-0.5106055,-0.17187749,0.26726222,-0.773029,-0.07835818,0.25923607,-0.6717315,-0.13481413,0.31622168,-0.6098656,-0.1612682,0.25693107,-0.45098883,-0.10891168,V,Right,0.96,aug_V_029.jpg
0.0,0.0,0.0,-0.025422586,-0.35106137,-0.09099239,0.21916218,-0.71925396,-0.13701785,0.6093156,-0.8956303,-0.21203135,0.9686163,-0.91306907,-0.29178333,0.6447935,-0.81529397,0.036535613,1.0043447,-1.0210289,-0.097073555,1.203777,-1.1401281,-0.19285645,1.3514693,-1.2359687,-0.2635116,0.77659506,-0.62952286,-0.024518562,1.0196625,-0.7433142,-0.30730343,0.6749443,-0.59962773,-0.38717386,0.36745375,-0.48703417,-0.36189994,0.851212,-0.43206516,-0.11139211,1.0434072,-0.5255626,-0.38847083,0.6532699,-0.3973457,-0.36029598,0.3561451,-0.3145401,-0.258861,0.88572806,-0.21182498,-0.20585434,0.9845821,-0.3068519,-0.37918365,0.6817458,-0.2393184,-0.3347863,0.43996283,-0.19196324,-0.25421008,G,Right,0.95,341.jpg
0.0,0.0,0.0,-0.2544837,-0.24538699,-0.06262174,-0.38771337,-0.4733522,-0.09944401,-0.28514633,-0.64927906,-0.0448325,-0.07551716,-0.5919096,-0.12801035,-0.26895282,-0.9493749,0.014592002,-0.35374704,-1.4013081,-0.038799427,-0.3698588,-1.7750111,-0.13957834,-0.44148824,-2.1009672,-0.16696285,-0.1523916,-0.9870758,-0.049579255,-0.097407535,-0.7396298,-0.16165024,0.07490843,-0.50898474,-0.09169209,-0.13433799,-0.5602739,-0.18797469,0.12658149,-0.8755444,-0.058692515,-0.033974048,-0.7641454,-0.13594697,0.035761423,-0.6146057,-0.21368381,0.10948734,-0.40693107,-0.11547023,0.31203464,-0.8012608,0.012310156,0.3255895,-0.549564,-0.08742409,0.2035113,-0.49335274,-0.1399481,0.064930975,-0.36418876,-0.19618294,Z,Right,0.96,aug_Z_022.jpg
0.0,0.0,0.0,-0.033202004,-0.24467826,-0.056073718,-0.32585534,-0.5619437,0.005027317,0.03201174,-0.60229677,-0.12201341,0.16270956,-0.66046417,-0.058524217,-0.049868446,-0.85422736,0.0878816,-0.09012121,-1.3916583,0.046080142,-0.18241434,-1.8478297,-0.13886684,-0.23430863,-2.1027267,-0.12435792,0.15277328,-0.98816794,0.013582392,0.08310867,-1.4845084,-0.015934302,0.16456237,-1.8406004,-0.06437837,0.05588659,-2.2210493,-0.10522793,0.33449623,-0.77506703,0.092626244,0.40247065,-1.3378372,-0.0066728382,0.39078414,-1.6922517,0.04371944,0.517267,-2.0292509,-0.22236997,0.46487552,-0.62151957,0.081889264,0.5901106,-1.1583602,-0.073357955,0.70820713,-1.525929,-0.011904898,0.53950894,-1.8218931,-0.04417129,4,Right,0.96,aug_4_010.jpg
0.0,0.0,0.0,-0.2899688,-0.27732015,-0.17503299,-0.3492694,-0.56861484,-0.168603,-0.13847835,-0.75961745,-0.15788257,-0.02186316,-0.7738261,-0.18704341,-0.3054526,-1.0701461,-0.11159652,-0.2958616,-1.3186991,-0.096098796,-0.30218294,-1.746,-0.1695326,-0.397484,-2.0989752,-0.21557249,-0.046533275,-0.996217,-0.073391326,-0.014691049,-0.8214429,-0.21079585,-0.021438304,-0.6110123,-0.16823216,-0.018236162,-0.4729069,-0.18362619,0.24346875,-0.94723517,-0.0868855,0.12760419,-0.7456524,-0.10342899,0.0866682,-0.55413353,-0.2368115,0.10408669,-0.4362423,-0.24721916,0.32418007,-0.75517964,-0.08792046,0.15210608,-0.719309,-0.10598555,0.24803951,-0.5499301,-0.14316869,0.21201341,-0.4456363,-0.22217469,1,Right,0.96,aug_1_021.jpg
0.0,0.0,0.0,-0.20243035,-0.28098056,-0.009274937,-0.38873145,-0.573422,-0.17650361,-0.16562693,-0.6405158,-0.13387807,-0.04831138,-0.797626,-0.24091324,-0.21372657,-0.947732,-0.060363635,-0.05550099,-0.83442307,-0.30186608,-0.14716354,-0.60739785,-0.27949822,-0.07552118,-0.48184747,-0.21200126,0.0465903,-0.9971725,-0.058961015,-0.095612764,-0.86247057,-0.19926767,-0.05203245,-0.62627935,-0.24513783,-0.021838501,-0.44087553,-0.22166507,0.12664904,-0.9342565,-0.047669306,0.151358,-0.6982326,-0.13404255,0.119035,-0.54783404,-0.14294071,-0.0033717155,-0.4876504,-0.25645223,0.35483888,-0.8086939,-0.14070286,0.37286314,-0.73651576,-0.17539284,0.20357539,-0.46545532,-0.22461796,0.27280775,-0.43293515,-0.24016953,M,Right,0.96,aug_M_022.jpg
0.0,0.0,0.0,0.48358968,-0.05071847,0.042920947,0.9085066,-0.20134176,0.02129232,1.2966765,-0.2487911,-0.053393304,1.6202761,-0.277619,-0.12592162,0.47828242,-0.8468211,0.21554904,1.0165559,-0.92075306,0.1064225,1.4387152,-0.91185945,-0.031133322,1.7483002,-0.8840044,-0.12354751,0.38847432,-0.9167362,0.09318007,1.0326295,-0.98739606,-0.0018863747,1.4742948,-0.9698834,-0.11082603,1.8257312,-0.9349641,-0.18585595,0.37286678,-0.9197165,-0.053453226,1.0187002,-1.0155764,-0.14109315,1.4542272,-0.995176,-0.18800867,1.7792106,-0.9509699,-0.21211484,0.4186649,-0.85950583,-0.21029238,0.9531553,-1.0043536,-0.27304044,1.3145217,-1.0031642,-0.26788506,1.6025362,-0.95846206,-0.25370434,C,Right,0.95,257.jpg
0.0,0.0,0.0,-0.2423628,-0.27203742,0.040054575,-0.4569632,-0.55762154,-0.035877883,-0.6232809,-0.7340039,-0.31594008,-0.43093994,-0.8707712,-0.20895256,-0.3354767,-1.0613605,-0.16583194,-0.35941136,-1.3528211,-0.19214322,-0.36845458,-1.6304168,-0.2553022,-0.41617522,-1.4964645,-0.25267693,-0.18155336,-0.97939384,-0.08846584,-0.099167705,-1.6236664,0.001909539,-0.0883948,-2.0118911,-0.16697241,-0.021244232,-2.3697615,-0.059462972,0.30009437,-0.9086806,0.008663485,0.13678855,-1.3236713,-0.049035992,0.1912435,-1.8040253,-0.14788736,0.07106713,-2.1354132,-0.08069001,0.3875269,-0.800581,-0.012008136,0.41384828,-1.2318242,-0.06523296,0.4541143,-1.4911108,-0.08285274,0.4587957,-1.8858576,-0.12076673,F,Right,0.96,aug_F_032.jpg
0.0,0.0,0.0,-0.24682495,-0.13950995,-0.16842662,-0.26176643,-0.5209741,-0.18123119,-0.4157016,-0.708994,-0.21684386,-0.3289941,-0.8304537,-0.30392203,-0.21889909,-0.9039454,-0.08510563,-0.33832833,-1.2172666,-0.20285319,-0.40888345,-1.6402141,-0.2983275,-0.35346192,-1.3414984,-0.478842,0.14488308,-0.98526216,-0.0909251,0.053125817,-1.3820432,-0.14606827,0.062672734,-1.8671561,-0.27147323,-0.09644766,-2.2971961,-0.33252007,0.2528177,-0.83568984,-0.09761944,0.21966287,-1.2689447,-0.1257249,0.21216968,-1.5968251,-0.21410921,0.20329094,-2.1007628,-0.338137,0.5055121,-0.636,-0.061829995,0.5069697,-1.0626543,-0.16743334,0.54798514,-1.5219796,-0.21077244,0.54958034,-1.9934679,-0.28639573,F,Right,0.96,aug_F_024.jpg
0.0,0.0,0.0,-0.09625504,-0.32627288,0.051527694,-0.31558892,-0.56029856,-0.10976167,-0.13887213,-0.69274735,-0.14178991,0.053068522,-0.6879866,-0.22606611,-0.12863225,-1.0210894,0.014886896,-0.18839405,-0.84814477,-0.17078428,-0.11215948,-0.59381354,-0.21926257,0.037694402,-0.53813666,-0.19104545,0.008489888,-0.9983572,-0.056665484,0.044526577,-0.76027983,-0.1904873,0.08757925,-0.6804012,-0.19433677,-0.01588113,-0.5290823,-0.20564763,0.35239857,-0.9201851,0.04032342,0.21145894,-0.8033705,-0.06313059,0.2240392,-0.6730724,-0.17355941,0.13330144,-0.6060943,-0.1465402,0.5041337,-0.674195,-0.031231664,0.47450656,-1.1678396,-0.054782342,0.63243806,-1.557565,-0.16211183,0.49578494,-1.8624296,-0.2907642,I,Right,0.96,aug_I_011.jpg
0.0,0.0,0.0,-0.21449672,-0.29547316,0.05181581,-0.4365063,-0.60180753,-0.005602849,-0.50305283,-1.02891,-0.20667948,-0.7902212,-1.3596985,-0.2014544,-0.09531365,-0.92327774,0.03821521,-0.117777176,-0.77882105,-0.088443555,-0.07226828,-0.7204422,-0.09870997,-0.051261548,-0.35095173,-0.16552752,0.10189833,-0.9947937,0.0015141278,-0.08380519,-0.8755446,-0.098947175,0.08258942,-0.63435733,-0.14027916,0.07473924,-0.45427126,-0.08405602,0.17444156,-0.8933704,0.08625302,0.33614028,-0.77159464,-0.026664086,0.20314428,-0.61308897,-0.07669212,0.028107222,-0.483133,-0.12272001,0.38958317,-0.8937264,-0.01990313,0.39491767,-0.71396667,-0.07514906,0.26982874,-0.54173803,-0.121731974,0.1998784,-0.5330036,-0.09421151,A,Right,0.96,aug_A_009.jpg
0.0,0.0,0.0,-0.14484178,-0.2221718,0.10664676,-0.2531348,-0.54965585,0.06648614,-0.65566295,-0.82254636,-0.00095435535,-0.8804322,-0.87765175,-0.09849356,-0.14994474,-0.9391962,0.05934572,-0.2672801,-1.4017857,-0.07704097,-0.14472337,-1.7056274,0.012030418,-0.36400768,-2.0692353,-0.06624947,0.07734687,-0.9968919,0.014966147,-0.041547824,-1.321801,-0.14879799,-0.11919901,-1.5207655,-0.14754882,-0.1911158,-1.4384543,-0.2318063,0.2648303,-1.0264896,0.059488293,0.1670737,-0.7837618,-0.06978994,0.14888339,-0.6165734,-0.005963877,0.09300445,-0.43843946,-0.071568005,0.3867449,-0.78718984,0.04668153,0.3030579,-0.6964207,-0.0028491644,0.156848,-0.4567003,-0.21178088,0.21087049,-0.39046198,-0.15765168,P,Right,0.96,aug_P_013.jpg
0.0,0.0,0.0,-0.065655425,-0.24223775,-0.10352181,-0.22154507,-0.52989596,-0.1654354,-0.49262136,-0.76818174,-0.1697352,-0.68202174,-0.89721423,-0.26358566,-0.013020976,-0.82703316,-0.14108661,-0.1721674,-1.387744,-0.22191243,-0.16490678,-1.5476007,-0.122284114,-0.15631959,-2.0039973,-0.14702994,0.12312008,-0.9804734,-0.15334086,0.13188794,-1.1934284,-0.23500884,0.02659466,-1.4176985,-0.28876647,-0.0010255282,-1.3891351,-0.3394479,0.27380702,-0.8164598,-0.090712115,0.17860551,-0.6864511,-0.26159966,0.22667043,-0.50746596,-0.2050647,0.12887466,-0.47286952,-0.25593802,0.43029153,-0.70180386,-0.13851403,0.43244326,-0.6363726,-0.15326554,0.41488782,-0.5582518,-0.13836387,0.26715147,-0.35032654,-0.15669645,K,Right,0.96,aug_K_003.jpg
0.0,0.0,0.0,-0.20800084,-0.21035793,-0.0075553358,-0.3879668,-0.5533858,0.045730963,-0.47072473,-0.9251095,-0.100825034,-0.75974137,-1.2064153,-0.12190259,-0.1699458,-0.8635755,0.056494143,-0.17663054,-1.2593704,-0.050846737,-0.19571036,-1.7226472,-0.046687514,-0.20799646,-2.0508258,-0.07644554,0.07591326,-0.9969665,-0.017181067,-0.035875075,-1.5654896,0.091691025,-0.03895823,-1.8253341,-0.07548337,0.035517976,-2.1665623,-0.059435498,0.16449368,-0.89852625,0.0420462,0.1381505,-0.6728469,-0.034946356,0.19007993,-0.5907187,-0.042909976,0.11684038,-0.5621933,-0.083763644,0.33687907,-0.7856194,0.058085132,0.39264897,-0.6685917,-0.044562925,0.37314567,-0.5250109,0.032495372,0.2691332,-0.54268974,-0.06509177,3,Right,0.96,aug_3_023.jpg
0.0,0.0,0.0,-0.23539764,-0.34431052,-0.11490239,-0.43710414,-0.64934576,-0.13458571,-0.7155205,-0.7740919,-0.17846477,-0.9439097,-0.9122648,-0.17837416,-0.27336052,-0.9097469,-0.08757365,-0.19452406,-1.3896295,-0.10796843,-0.2904001,-1.6816628,-0.09858239,-0.2723138,-2.0352588,-0.19298589,-0.089302525,-0.99585694,0.017149845,-0.13377379,-0.8584905,-0.15764342,-0.10500256,-0.66430205,-0.09581719,-0.07729122,-0.49206355,-0.27552596,0.05389394,-0.8540799,0.026695007,0.07933788,-0.7886532,-0.12054688,-0.06688259,-0.63121295,-0.24377552,0.06581742,-0.6271368,-0.22210659,0.28186268,-0.81229544,-0.079307154,0.28767678,-0.68759596,-0.19455561,0.24631536,-0.54362476,-0.17433907,0.10801039,-0.6023405,-0.23651443,G,Right,0.96,aug_G_020.jpg
0.0,0.0,0.0,-0.083989695,-0.23844448,-0.030318849,-0.24857475,-0.609698,-0.14228618,-0.096474595,-0.6600051,-0.10463178,0.06790856,-0.6578383,-0.14053158,-0.0797192,-0.86617106,0.00035431812,-0.07248592,-0.7618373,-0.13756643,-0.07850315,-0.62370193,-0.14775802,-0.03890366,-0.50641507,-0.17572947,0.1088723,-0.9887607,-0.10246508,-0.0419593,-0.89463395,-0.14356273,0.00014375678,-0.5508436,-0.23919877,0.08767572,-0.45787546,-0.22699894,0.19068204,-0.807738,-0.044826902,0.23817603,-0.69101137,-0.14785711,0.17661479,-0.5977448,-0.20554715,0.094376475,-0.45343336,-0.22270782,0.37486255,-0.70246476,-0.039703216,0.33954373,-0.6599329,-0.19672221,0.33808985,-0.5287982,-0.11984715,0.13167566,-0.42456165,-0.144735,S,Right,0.96,aug_S_020.jpg
0.0,0.0,0.0,-0.21726021,-0.23277864,-0.016916297,-0.32022038,-0.6869048,-0.087774575,-0.74454856,-0.7551951,-0.19373266,-1.0488949,-0.97838366,-0.24699025,-0.08642107,-1.1124865,-0.047999498,-0.24093731,-1.4967705,-0.12911361,-0.25014162,-1.9510099,-0.18948354,-0.32655594,-2.2939475,-0.19555756,0.0025429442,-0.99985737,-0.0167014,0.03920677,-0.8233012,-0.2098411,0.14565612,-0.78963107,-0.107817754,-0.07242831,-0.5508811,-0.21514158,0.30707446,-0.93758607,-0.050875977,0.20094813,-0.8209103,-0.09019855,0.15868627,-0.7324825,-0.3052575,0.10175606,-0.5393398,-0.2373362,0.4074835,-0.7726192,-0.029032493,0.32066032,-0.6869872,-0.118195936,0.32621306,-0.62037224,-0.25238898,0.28092796,-0.47745347,-0.2208735,L,Right,0.96,aug_L_018.jpg
0.0,0.0,0.0,-0.29711363,-0.13415416,-0.03272966,-0.31940353,-0.508186,-0.01833214,-0.55538917,-0.5869663,-0.065009624,-0.31280065,-0.8024189,-0.10306306,-0.14831531,-0.8450617,-0.017072057,-0.24413045,-1.1924,-0.004658192,-0.32962102,-1.3963009,-0.15023236,-0.52213526,-1.2773819,-0.2212069,0.057119377,-0.9981432,-0.021152312,-0.010754186,-0.6627044,-0.056103464,-0.055612326,-0.5544067,-0.12000826,0.0032382412,-0.45778027,-0.05678321,0.0578192,-0.7406221,-0.07390144,0.02721561,-0.578625,-0.044291664,0.048751377,-0.63363343,-0.11744186,0.054955773,-0.40604,-0.076963805,0.21103266,-0.6914934,0.05737352,0.28050634,-0.60837346,-0.11528443,0.16822574,-0.4117485,-0.13557048,0.13439354,-0.40335125,-0.15910701,Q,Right,0.96,aug_Q_017.jpg
0.0,0.0,0.0,-0.29313433,-0.3185743,-0.16411164,-0.23666592,-0.5959574,-0.0992579,-0.6693478,-0.9241662,-0.25048813,-0.97452724,-0.9368645,-0.23504207,-0.2090261,-1.089956,-0.1401365,-0.2582465,-0.76546,-0.18189283,-0.20160119,-0.65696996,-0.33708134,-0.11795111,-0.56319803,-0.2932239,-0.0023025107,-0.9868698,-0.16150129,-0.097961836,-0.8160728,-0.19705336,-0.066360824,-0.7281197,-0.30559298,-0.10513743,-0.55325633,-0.2550292,0.09039042,-0.9231092,-0.034528732,0.09915951,-0.7335254,-0.18827371,0.060427263,-0.64768255,-0.24171054,0.055553533,-0.5920959,-0.21683496,0.27288875,-0.8828658,-0.12405022,0.36562824,-1.1518292,-0.17780955,0.48025748,-1.418674,-0.20800735,0.71769077,-1.7294576,-0.2392847,Y,Right,0.96,aug_Y_020.jpg
0.0,0.0,0.0,-0.18112573,-0.22851919,-0.03793443,-0.38062716,-0.5637254,-0.20755424,-0.16409542,-0.640565,-0.19188139,0.12899984,-0.6801685,-0.3060771,-0.10846596,-0.9187204,-0.12569624,-0.24899174,-1.4688277,-0.17488207,-0.29711768,-1.7771456,-0.13795753,-0.2879469,-2.055043,-0.24956577,0.07051433,-0.99545014,-0.064085476,0.05542906,-1.486177,-0.1566908,-0.0012671498,-1.8561658,-0.22293703,0.009206804,-2.168227,-0.2888705,0.3375105,-0.86924773,-0.14073832,0.14852038,-0.71148545,-0.1704738,0.036157843,-0.59641707,-0.37578276,0.18459822,-0.40330976,-0.2636653,0.4181397,-0.81382847,-0.15803093,0.326752,-0.66754335,-0.17169048,0.38535333,-0.4708565,-0.28379935,0.22725594,-0.4074995,-0.24954478,H,Right,0.96,aug_H_020.jpg
0.0,0.0,0.0,-0.19170256,-0.22829413,-0.110393636,-0.27612415,-0.658591,-0.026775844,-0.45025036,-0.7288512,-0.08712133,-0.39725056,-0.8207062,-0.2956979,-0.13001622,-0.9255639,-0.07197528,-0.20866723,-1.3081452,-0.081395976,-0.30412924,-1.8112653,-0.12004996,-0.38968027,-2.1993408,-0.1574685,-0.027056715,-0.9976776,0.06250847,0.03164523,-1.4412842,-0.15753755,0.017108642,-1.5748122,-0.19970028,-0.13577695,-1.4638225,-0.26870665,0.16051607,-0.82919455,-0.0034779839,0.17712452,-1.2166289,-0.14236467,0.13196513,-1.5169035,-0.2238929,0.022348147,-1.3843342,-0.30677643,0.3640089,-0.6772077,0.054660875,0.28370693,-1.1879622,-0.16009197,0.23709914,-1.3856014,-0.22427855,0.3466207,-1.2776723,-0.31067082,D,Right,0.96,aug_D_031.jpg
0.0,0.0,0.0,-0.06243552,-0.35945815,-0.06510113,-0.3081313,-0.6498698,-0.11039743,-0.7649555,-0.8002142,-0.17146769,-1.0626372,-0.9614358,-0.20074475,-0.016328936,-0.89389724,0.012481473,-0.15151338,-1.4785811,-0.07908844,-0.18334411,-1.7856481,-0.13581002,-0.2676237,-2.0862231,-0.14706582,0.030920336,-0.99335665,-0.11084453,0.18993637,-1.4406688,-0.09268439,0.18000808,-1.8969038,-0.17316574,0.103888705,-2.3588498,-0.14716059,0.16707174,-0.93778324,0.04102927,0.39975846,-1.3026154,0.03486757,0.33311233,-1.755061,-0.20197771,0.2639494,-2.2525427,-0.2164095,0.32499462,-0.6754868,-0.024679314,0.37670347,-1.1993788,0.019875567,0.5399988,-1.5961037,-0.25408092,0.4426383,-1.8529109,-0.22312249,HELLO,Right,0.96,aug_HELLO_007.jpg
0.0,0.0,0.0,-0.25217888,-0.28954417,-0.20950343,-0.4110072,-0.67495877,-0.35803816,-0.45252985,-1.0037938,-0.5071678,-0.34259835,-1.2333853,-0.63178223,0.14592245,-0.9670758,-0.1044923,0.039022796,-1.2806076,-0.29646337,-0.11983435,-1.2888433,-0.4353089,-0.15848237,-1.2495672,-0.51578337,0.4270198,-0.89881957,-0.098881036,0.36330023,-1.2563647,-0.28535277,0.15172142,-1.2099837,-0.38292938,0.054836016,-1.1309677,-0.42290157,0.6786837,-0.79251814,-0.12794393,0.65580934,-1.1197325,-0.29572237,0.4665806,-1.0641315,-0.30161875,0.36008072,-0.9829771,-0.27095056,0.9001727,-0.6470743,-0.17839995,0.9467678,-0.9126071,-0.28914827,0.8691788,-0.90929997,-0.26878524,0.82599425,-0.8653779,-0.22334933,B,Right,0.95,8.jpg
0.0,0.0,0.0,-0.22999938,-0.31923944,-0.0032365832,-0.3753325,-0.6499671,-0.13439839,-0.21053559,-0.7206524,-0.22434017,-0.07410506,-0.6982599,-0.2380957,-0.3044585,-1.0005842,-0.12962337,-0.43152282,-1.4746315,-0.08260817,-0.3139284,-1.8076133,-0.18943483,-0.38174978,-2.2727902,-0.31135383,0.032301486,-0.9933786,-0.11025203,-0.13698263,-1.5342401,-0.19402201,-0.01256609,-2.0323317,-0.18464305,-0.028357865,-2.5125463,-0.14489749,0.15176745,-0.9545498,-0.06360078,0.11972942,-0.7753259,-0.25559136,0.11447803,-0.76231664,-0.25137925,0.15774079,-0.5957125,-0.25786942,0.23985691,-0.7957564,-0.06753171,0.33592185,-0.73511034,-0.31296298,0.19485122,-0.4850116,-0.18730298,0.21303543,-0.4521604,-0.29671088,2,Right,0.96,aug_2_027.jpg
0.0,0.0,0.0,-0.24804026,-0.2866611,-0.08315963,-0.45107803,-0.586268,-0.14393227,-0.6798146,-0.72890955,-0.16611968,-0.8990079,-0.8013741,-0.115769394,-0.26462778,-0.8465868,0.02364036,-0.2741571,-1.3068221,-0.034751933,-0.2715728,-1.6107701,0.011888394,-0.39215928,-1.8957858,-0.15823264,-0.081434704,-0.9960901,-0.034247253,-0.14352982,-1.3401836,-0.000864864,-0.061478723,-1.7732407,0.009250984,-0.078035235,-2.051988,-0.11906945,0.07369811,-0.8666473,0.0008724623,0.07604294,-1.2476445,-0.080206186,0.03708814,-1.536382,-0.05951813,0.12902558,-1.7799323,-0.11117592,0.19758753,-0.6775139,-0.072554246,0.21955693,-1.1167173,0.0031764272,0.34591925,-1.3235683,-0.03654598,0.25990564,-1.6054881,-0.13239597,5,Right,0.96,aug_5_004.jpg
0.0,0.0,0.0,-0.1731728,-0.21825095,-0.14504018,-0.3331719,-0.5939507,-0.09876467,-0.68307877,-0.7893961,-0.121925615,-0.9638916,-0.77310807,-0.25737655,-0.29481003,-0.93794155,-0.023589445,-0.36340103,-1.2699391,-0.047966972,-0.33566722,-1.6616516,-0.17500979,-0.423433,-1.839767,-0.1869692,-0.14165558,-0.98597455,-0.088249154,-0.1452868,-1.3477656,-0.20544454,-0.073207274,-1.4336033,-0.30469763,-0.21800478,-1.353203,-0.293961,0.0203333,-0.90262663,-0.1156102,0.029235603,-0.7442801,-0.18015864,0.07425238,-0.7053853,-0.29855803,-0.032487083,-0.4535201,-0.2519086,0.24383117,-0.73530835,-0.08152001,0.28177637,-0.6255906,-0.12992881,0.15773493,-0.46449703,-0.21635951,0.026955316,-0.33422348,-0.21760866,P,Right,0.96,aug_P_029.jpg
0.0,0.0,0.0,-0.11318588,-0.1790757,0.09725104,-0.23984037,-0.5129893,0.0417228,-0.5996705,-0.850833,-0.026943237,-0.7539304,-1.2570671,0.0476382,-0.028137205,-0.94951415,0.14150323,-0.17567112,-1.2133731,-0.04894658,-0.2534228,-1.4281596,-0.25586548,-0.36107954,-1.4276451,-0.23052357,0.039056994,-0.9983088,0.043060027,-0.039489336,-0.7882893,0.010926977,0.08749961,-0.6113678,0.009952312,0.07135713,-0.34783986,-0.16368166,0.24323328,-0.81418824,-0.020661477,0.31438085,-0.7440174,0.012720561,0.231026,-0.5625842,0.0132044945,0.24420212,-0.49034145,-0.057944424,0.46389273,-0.79985684,0.13527763,0.46151257,-0.5430069,0.006813512,0.40545276,-0.4548295,-0.13840002,0.24324389,-0.39578938,-0.06803649,T,Right,0.96,aug_T_011.jpg
0.0,0.0,0.0,-0.12517789,-0.2214023,-0.060249917,-0.33485794,-0.4550366,0.02113647,-0.49412876,-0.98753303,-0.11419307,-0.66911674,-1.3697693,-0.18132107,-0.24120775,-0.9213026,0.007441098,-0.22168812,-1.3182003,-0.14260596,-0.3222919,-1.7626482,-0.062793024,-0.19394141,-2.1701596,-0.10724507,0.033981957,-0.99921113,0.020551546,0.07228426,-1.585275,0.007219941,0.11263439,-1.9021826,-0.09890323,0.0635078,-2.268874,-0.19756211,0.1836922,-0.89865047,0.03657861,0.20486557,-0.77917284,-0.07806221,0.016792504,-0.556323,-0.26350737,0.10842819,-0.5434842,-0.23883311,0.4701024,-0.7845556,-0.009230387,0.35693756,-0.6397693,-0.116588764,0.24220201,-0.47237206,-0.19442686,0.1808302,-0.45893914,-0.08384345,3,Right,0.96,aug_3_017.jpg
0.0,0.0,0.0,-0.17207454,-0.27129668,-0.10009994,-0.36816034,-0.5017504,-0.19899762,-0.085555874,-0.6163764,-0.24319193,0.100306146,-0.77761286,-0.31400234,-0.061044265,-1.037347,-0.07442639,-0.29256725,-1.4377513,-0.19277269,-0.26271608,-1.7054416,-0.36327258,-0.6314682,-1.5865836,-0.3760545,0.08653504,-0.9952841,-0.0438336,0.12078844,-0.85325056,-0.23835145,-0.0076550087,-0.58701634,-0.25959873,0.0998372,-0.5661265,-0.15427282,0.3078845,-1.0049392,0.0025043152,0.25469583,-0.8704838,-0.14786938,0.2812179,-0.58998877,-0.21096535,0.29961616,-0.5480254,-0.30347925,0.41638094,-0.8243403,-0.039898038,0.46194255,-0.7590057,-0.004461879,0.4977007,-0.62790567,-0.20922987,0.34903216,-0.4013972,-0.3013646,X,Right,0.96,aug_X_017.jpg
0.0,0.0,0.0,-0.2363956,-0.28013444,0.053640872,-0.3581157,-0.5574305,-0.030686442,-0.15984099,-0.5798506,-0.31867227,-0.057476576,-0.7824721,-0.27584168,-0.18990213,-0.9794327,0.07273837,-0.19243227,-1.5156604,-0.065138064,-0.40476578,-1.8741201,-0.13894662,-0.3993116,-2.291752,-0.23514087,-0.053601228,-0.9984235,0.016652396,0.032339104,-1.6108173,-0.13406189,-0.02229162,-1.9949949,-0.19619149,0.06473808,-2.4407554,-0.14831428,0.117140256,-0.9803224,0.0062553943,0.20293653,-0.86201686,-0.12618068,0.17051375,-0.6836285,-0.17261414,0.0070918193,-0.5477176,-0.15819922,0.40088388,-0.7855249,-0.055374153,0.38146636,-0.6562252,-0.0970822,0.3073207,-0.56528366,-0.22706711,0.18722518,-0.46684742,-0.23000824,2,Right,0.96,aug_2_009.jpg
0.0,0.0,0.0,-0.24502265,-0.31336895,-0.22732335,-0.2628167,-0.6427846,-0.2844785,-0.13873702,-0.6080883,-0.26152766,0.012481589,-0.72116554,-0.22235385,-0.2176009,-0.9656051,-0.18937354,-0.23291424,-0.8465324,-0.19491424,-0.09901541,-0.62199336,-0.28849322,-0.05781771,-0.56697494,-0.31227073,0.011814589,-0.9887559,-0.14907154,-0.0054112105,-0.84909,-0.08801368,0.04908705,-0.6340473,-0.30829197,-0.021726716,-0.53204876,-0.28086153,0.07756409,-0.9981543,-0.19897829,0.14296699,-0.79843175,-0.1755996,0.054865424,-0.6947706,-0.2168655,0.09554843,-0.4790878,-0.18916823,0.3132593,-0.79113364,-0.17997366,0.20406038,-0.7152316,-0.20673347,0.29071838,-0.5364001,-0.31571224,0.18486223,-0.41558772,-0.322064,N,Right,0.96,aug_N_007.jpg
0.0,0.0,0.0,-0.35878086,-0.2435485,-0.085874245,-0.38534197,-0.5937751,-0.117378384,-0.6808422,-0.7012637,-0.046376903,-0.9202218,-0.8799963,-0.18374178,-0.14482765,-0.87732524,-0.1028109,-0.27373028,-1.3307891,-0.09275479,-0.3119425,-1.6897285,-0.11226446,-0.30655164,-2.0232701,-0.12224772,-0.00076304993,-0.998317,-0.057988092,-0.03136208,-0.78086257,-0.1678763,-0.05257002,-0.55317324,-0.22126319,-0.03936544,-0.40552393,-0.17380407,0.2725568,-0.7753866,-0.15305804,0.048910588,-0.72636783,-0.14333954,0.14181864,-0.5665806,-0.24857578,0.12237996,-0.37085655,-0.241285,0.30117035,-0.7469486,0.023672817,0.35593995,-0.66634655,-0.15144071,0.28688127,-0.5251975,-0.15909751,0.240722,-0.390037,-0.15581049,L,Right,0.96,aug_L_002.jpg
0.0,0.0,0.0,-0.19159721,-0.22826767,0.07572472,-0.35306743,-0.61431664,0.0074131563,-0.17377907,-0.64483726,-0.08734205,-0.08294602,-0.6694759,-0.11790403,-0.14400244,-0.9151214,0.026181744,-0.21865495,-1.3529416,-0.08787537,-0.24246559,-1.6962017,-0.10104321,-0.34116492,-1.9639527,-0.09226274,-0.112752095,-0.9927971,-0.040507793,-0.047393937,-1.5060824,0.01226214,-0.033204596,-1.742646,-0.04736969,-0.01071598,-2.0800707,-0.12627508,0.13295764,-0.8335968,0.023654731,0.17183271,-0.745252,-0.05249957,0.08076027,-0.6132343,-0.10701838,0.023977736,-0.53797334,-0.09396423,0.31414333,-0.67994875,-0.0022957614,0.20187163,-0.66958785,-0.0466548,0.105430216,-0.54747146,-0.09272344,0.1803513,-0.48280528,-0.18467186,R,Right,0.96,aug_R_018.jpg
0.0,0.0,0.0,-0.044957068,-0.2056925,-0.08953826,-0.25105697,-0.5325711,-0.08829844,-0.10317539,-0.6564692,-0.31869256,0.1162137,-0.7545303,-0.12256844,-0.12514351,-0.9466664,-0.091628626,-0.14834253,-1.3986602,-0.13769223,-0.06005194,-1.9036157,-0.125596,-0.21515241,-2.1691446,-0.19067834,0.17207149,-0.98501676,-0.01155306,0.118804835,-1.571005,-0.11926804,0.18075985,-1.909369,-0.22156233,0.15089041,-2.2874565,-0.250756,0.28979287,-0.9167122,-0.06726072,0.29238456,-0.78925186,-0.121840514,0.2263124,-0.5332904,-0.11309055,0.16157354,-0.5552281,-0.15282398,0.5039159,-0.73567617,-0.10427815,0.4354019,-0.6925542,-0.14390321,0.32641083,-0.5388323,-0.27790606,0.32063392,-0.44540346,-0.17918287,2,Right,0.96,aug_2_013.jpg
0.0,0.0,0.0,0.54314697,-0.08409532,0.13256642,0.9209125,-0.23985809,0.14690031,1.2627819,-0.28568912,0.09295151,1.5671787,-0.27293098,0.04164884,0.473108,-0.85978985,0.28037876,1.014215,-0.8840973,0.18989845,1.4152733,-0.8556625,0.07184749,1.7092264,-0.80714166,-0.010610813,0.3992272,-0.9089366,0.12021614,1.0471289,-0.93615854,0.03437619,1.4623666,-0.8919817,-0.055600002,1.779804,-0.83674955,-0.119033515,0.40736255,-0.8843753,-0.0573729,1.0542728,-0.93885994,-0.13609317,1.463322,-0.89305854,-0.17481835,1.7560029,-0.8337104,-0.19547193,0.490592,-0.80417305,-0.23718695,1.0199922,-0.90494514,-0.2882797,1.3487326,-0.8928666,-0.28216305,1.5999749,-0.85386723,-0.27136597,C,Right,0.95,415.jpg
0.0,0.0,0.0,-0.13950771,-0.39635566,-0.10555236,-0.31844926,-0.66106033,-0.06910993,-0.36327234,-0.6813833,-0.18649064,-0.35049552,-0.86131185,-0.33641386,-0.2361729,-1.0016357,-0.0862057,-0.25962424,-1.3021272,-0.17507964,-0.3643332,-1.527969,-0.331306,-0.40479672,-1.3676734,-0.30471626,0.016322864,-0.9862551,-0.16442205,-0.07610915,-1.5353278,-0.11452711,-0.08717728,-1.8258301,-0.16347131,-0.12119793,-2.2968173,-0.16631712,0.19365638,-0.96502596,-0.14408663,0.07152204,-1.2822661,-0.13128534,0.300235,-1.7218288,-0.16251512,0.24786386,-1.9330612,-0.194964,0.33288345,-0.7867472,-0.14466578,0.35657975,-1.1813015,-0.06052799,0.39801443,-1.4357578,-0.18174627,0.4863317,-1.7639543,-0.18925558,F,Right,0.96,aug_F_034.jpg
0.0,0.0,0.0,-0.17380522,-0.40376034,-0.07345268,-0.36838257,-0.60743505,-0.09483326,-0.5911068,-0.8724037,-0.059583887,-0.8814719,-0.9111932,-0.116079405,-0.15396687,-0.93870753,-0.0757478,-0.17058197,-1.3779858,-0.07275928,-0.34115317,-1.8192298,-0.11132938,-0.2781531,-2.156625,-0.19149794,-0.05161782,-0.9965525,-0.06495036,0.012032892,-1.4051381,-0.20630541,-0.05182717,-1.6359636,-0.2121332,-0.2113051,-1.5686206,-0.3106749,0.12062158,-1.0566909,-0.030537354,0.20876583,-0.8856189,-0.27017602,0.07605973,-0.719224,-0.11621302,0.0736877,-0.50338167,-0.18003507,0.43516847,-0.8491049,-0.08538234,0.30802414,-0.69756526,-0.10896945,0.39176866,-0.61344075,-0.21110632,0.27693358,-0.47055146,-0.12685719,P,Right,0.96,aug_P_005.jpg
0.0,0.0,0.0,-0.22332093,-0.2782553,0.05162346,-0.45938382,-0.63799,-0.052594785,-0.18000223,-0.7703236,-0.22588998,0.011409487,-0.85289556,-0.07700386,-0.22685091,-1.093046,-0.034962863,-0.19623011,-0.891893,-0.10170519,-0.1278813,-0.6822117,-0.20417058,-0.13965525,-0.4465951,-0.05410711,-0.14276138,-0.98973346,0.006847386,0.025717907,-0.89291096,-0.20404884,0.0062886933,-0.72449255,-0.22999467,-0.10261307,-0.49317598,-0.14256215,0.2083851,-0.91849834,-0.031558458,0.111879826,-0.8429846,-0.11488851,0.06055722,-0.6482932,-0.08901405,0.021486977,-0.4542394,-0.14404617,0.36816734,-0.91097313,-0.110897765,0.4103096,-1.1977423,-0.093582965,0.54533273,-1.5347188,-0.15483567,0.4515192,-1.7688652,-0.22165467,I,Right,0.96,aug_I_021.jpg
0.0,0.0,0.0,-0.2117768,-0.30053788,-0.08170005,-0.31719157,-0.515414,-0.10258312,-0.30387267,-0.6925072,-0.296354,-0.010907147,-0.65977824,-0.18404774,-0.21399194,-0.82946956,-0.05072076,-0.22745724,-0.81311315,-0.15904747,-0.05107221,-0.51768327,-0.17131165,-0.12782383,-0.4409929,-0.21748814,-0.053767268,-0.9954532,-0.0786259,-0.04751063,-0.7420882,-0.2635633,-0.011158796,-0.7054597,-0.14746782,0.004844914,-0.49397343,-0.17134276,0.08818435,-0.8189432,-0.047151864,-0.045893427,-0.72892034,-0.16007082,0.08584058,-0.5287129,-0.24801143,0.028646821,-0.5683955,-0.12826926,0.272972,-0.7285196,-0.08566558,0.3509698,-1.033728,-0.00079590786,0.38056377,-1.3358324,-0.18455908,0.34207582,-1.6481181,-0.1951102,I,Right,0.96,aug_I_009.jpg
0.0,0.0,0.0,-0.20118412,-0.2832068,-0.064360864,-0.3798161,-0.6850307,-0.13107768,-0.2561362,-0.65676254,-0.3149524,0.06600111,-0.71568686,-0.18679056,-0.29782906,-0.9902381,-0.007271006,-0.25254104,-1.4965888,-0.15353061,-0.27389276,-1.8556072,-0.09571095,-0.32014847,-2.2107725,-0.28349906,0.03566256,-0.99263865,-0.11574466,-0.11601615,-1.5065033,-0.12845127,0.02739082,-1.7919493,-0.1659901,-0.019990278,-2.3831327,-0.22836825,0.20343521,-0.9224901,0.024500102,0.26876363,-1.3975465,-0.1574269,0.25580683,-1.812252,-0.15446898,0.26811305,-2.0989535,-0.24608871,0.2584846,-0.722324,-0.049096953,0.4506073,-1.2912467,-0.04111351,0.44729027,-1.5455025,-0.2241053,0.3736062,-1.7900815,-0.13922553,B,Right,0.96,aug_B_013.jpg
0.0,0.0,0.0,-0.06963272,-0.24993287,-0.046938404,-0.39297473,-0.43106583,-0.21260391,-0.6756381,-0.78845054,-0.19289306,-1.0417382,-0.8481944,-0.22401136,-0.2275973,-0.9456436,-0.06262368,-0.12624072,-1.4676006,-0.22627708,-0.16968971,-1.8332303,-0.15073413,-0.27692205,-2.2969964,-0.16324267,0.15386954,-0.9872939,-0.039686278,0.081409834,-0.66255444,-0.31052107,0.027742656,-0.65424305,-0.10403671,0.055415835,-0.57331854,-0.28573444,0.31190324,-0.9143141,-0.085402,0.238009,-0.68904287,-0.12537327,0.17439218,-0.58582956,-0.13820064,0.18674415,-0.4852036,-0.3064611,0.4998926,-0.7736543,-0.093488745,0.44640142,-0.69959337,-0.10355919,0.37559837,-0.37763047,-0.17170738,0.323285,-0.47734338,-0.19481358,L,Right,0.96,aug_L_030.jpg
0.0,0.0,0.0,-0.12664601,-0.28502563,-0.12337105,-0.30987757,-0.5075132,-0.07951012,-0.31957495,-0.66323197,-0.25501144,-0.22395645,-0.78010076,-0.3029477,-0.1268583,-0.79619956,-0.06468184,-0.12843014,-1.2043331,-0.23676917,-0.23501281,-1.3966451,-0.22408736,-0.3470391,-1.2025907,-0.29116073,-0.04061075,-0.9981308,-0.045668893,0.029224148,-0.7928553,-0.12431269,0.068567276,-0.61917543,-0.29424918,0.048549555,-0.40566176,-0.23707159,0.19805239,-0.80796844,-0.088158354,0.1491138,-0.7285478,-0.21486686,0.14078607,-0.5726837,-0.32348207,0.025428299,-0.49834636,-0.1770741,0.24746473,-0.71985275,0.009415637,0.2835005,-0.61902905,-0.16528231,0.28740537,-0.50403744,-0.21257395,0.20813371,-0.36340138,-0.18293,Q,Right,0.96,aug_Q_025.jpg
0.0,0.0,0.0,-0.32874125,-0.16076173,-0.16352907,-0.44451493,-0.61923176,-0.19985773,-0.7474133,-0.7664392,-0.2013634,-1.1241479,-0.9043834,-0.23605157,-0.2335792,-0.95722413,-0.15335478,-0.21731526,-1.3740232,-0.18284015,-0.29265192,-1.7155145,-0.29190543,-0.33922654,-2.1790633,-0.1913405,-0.09868278,-0.9890443,-0.109786384,-0.1481905,-0.91896236,-0.23954174,0.04615984,-0.63119674,-0.23584725,-0.21747066,-0.4376123,-0.23497595,0.17354318,-0.8933512,-0.19477552,0.050071213,-0.80819046,-0.18620771,0.078849696,-0.57523495,-0.22768214,0.1423906,-0.4774041,-0.27431142,0.32589713,-0.9048664,-0.14499635,0.30836517,-0.6829783,-0.23001552,0.2122068,-0.4423919,-0.24733704,0.17423956,-0.3048059,-0.33463338,L,Right,0.96,aug_L_004.jpg
0.0,0.0,0.0,-0.12509805,-0.16278832,-0.12733547,-0.29718304,-0.515231,-0.09689822,-0.42453736,-0.7135593,-0.35218894,-0.21369399,-0.7445829,-0.26719555,-0.098284155,-0.9333538,-0.14635962,-0.22551246,-1.1457773,-0.28725952,-0.35636604,-1.4500101,-0.27853957,-0.41641554,-1.2929873,-0.34557065,-0.041371148,-0.97743016,-0.20716847,-0.009445932,-1.1993862,-0.26287854,-0.026652083,-1.5114515,-0.412513,-0.018855087,-1.2456831,-0.33888504,0.12630233,-0.8216365,-0.12861446,0.22444718,-1.1212251,-0.22667667,0.10933554,-1.3089955,-0.32065457,0.036997817,-1.2610557,-0.38276243,0.27115366,-0.6875067,-0.12411065,0.20527971,-1.0698403,-0.31128472,0.30818477,-1.2338651,-0.3568815,0.22782832,-1.1118643,-0.38853678,O,Right,0.96,aug_O_002.jpg
0.0,0.0,0.0,-0.28580183,-0.21670248,-0.046595324,-0.4869383,-0.6531278,-0.19533218,-0.24808557,-0.649216,-0.17083767,-0.08129564,-0.79040897,-0.24427919,-0.19495316,-0.98292154,-0.061067015,-0.31770086,-0.7999449,-0.18600577,-0.154862,-0.59222597,-0.23401152,-0.17359619,-0.5274737,-0.28490263,-0.122035004,-0.9912121,-0.051048756,-0.06661159,-0.83511174,-0.10938476,-0.07129491,-0.5960993,-0.3044245,-0.29089347,-0.48147628,-0.28519645,0.09714383,-0.9269538,0.018486694,0.08497447,-0.7634395,-0.11467787,0.08323878,-0.66005915,-0.14767037,-0.044113483,-0.47930253,-0.2919621,0.3037283,-0.76194495,0.023392985,0.1603619,-0.7138601,-0.11546619,0.2191441,-0.53308845,-0.25937808,0.122209534,-0.3826067,-0.20953928,N,Right,0.96,aug_N_023.jpg
0.0,0.0,0.0,-0.16568106,-0.28739393,0.10368732,-0.3616026,-0.6815238,0.037276376,-0.76407623,-0.80437016,0.026578896,-1.1804944,-1.0454413,-0.06634399,-0.16009833,-0.9714939,0.13397948,-0.16007032,-1.6613796,-0.0030150868,-0.22828189,-1.966571,-0.051569045,-0.24268422,-2.3495138,-0.11005983,-0.034798082,-0.9964881,0.0761621,0.009030386,-0.84139246,-0.14162253,0.1442773,-0.65771914,0.039090186,0.0760595,-0.5280175,-0.131515,0.21395414,-1.0753989,0.17826475,0.19795482,-0.7943148,0.018885704,0.17621097,-0.7438668,-0.13835609,0.044751324,-0.61076856,-0.062055472,0.50623506,-0.84702593,0.11402432,0.4508082,-0.7649189,0.022409262,0.33235747,-0.61950636,-0.08942076,0.20554924,-0.4940038,-0.23539229,L,Right,0.96,aug_L_008.jpg
0.0,0.0,0.0,-0.2063265,-0.20298359,0.07897444,-0.39292046,-0.8281041,0.08506882,-0.7192421,-0.77872074,0.057372466,-0.98804,-1.0139449,-0.07271118,-0.23456797,-1.2400728,0.059678815,-0.33357275,-1.638808,-0.0327808,-0.38527685,-2.0783107,-0.046131596,-0.3145254,-2.4748552,-0.12883134,0.04357844,-0.98810464,0.14747944,0.085620604,-1.6442016,-0.053665433,0.019030709,-1.9970765,-0.26950943,-0.119403966,-1.7645813,-0.32452673,0.1430742,-1.0027658,0.100391544,0.16263415,-0.90513885,-0.0073556122,0.17704163,-0.84605926,-0.040019218,0.06834678,-0.5930233,-0.035878066,0.5255539,-0.88224596,0.11081724,0.47767335,-0.76192933,-0.07350438,0.4205982,-0.56644917,-0.05485182,0.34672102,-0.49276137,-0.28724927,K,Right,0.96,aug_K_035.jpg
0.0,0.0,0.0,-0.07601565,0.59189355,-0.18775904,-0.57762754,1.0417535,-0.21531579,-1.0934064,1.1025982,-0.23609805,-1.3968444,1.0481358,-0.20661019,-0.9422481,0.7472009,0.013544787,-1.2468982,0.68470097,-0.1927373,-0.84817004,0.62224615,-0.24706796,-0.77184814,0.62859005,-0.253722,-0.93152034,0.3624219,0.030334232,-1.1885202,0.31157997,-0.20197321,-0.7235618,0.32992122,-0.20061064,-0.72899437,0.39879242,-0.13769047,-0.90200543,0.0017199885,-0.0080491835,-1.1234173,-0.053180873,-0.2820355,-0.6767357,0.0070929267,-0.18555318,-0.64083326,0.07698592,-0.049344085,-0.87041867,-0.35537422,-0.061875314,-1.020069,-0.36981675,-0.21262169,-0.6943455,-0.30383193,-0.14042813,-0.61095226,-0.2510385,-0.048750937,A,Right,0.95,2.jpg
0.0,0.0,0.0,-0.34188825,-0.21818474,0.013901752,-0.5178896,-0.49010497,-0.10344108,-0.31579894,-0.5801929,-0.20258655,-0.1828868,-0.64596426,-0.17597643,-0.22235,-0.86584663,-0.12833627,-0.26095486,-1.2577177,-0.023253981,-0.31892774,-1.7330436,-0.14964126,-0.41032192,-2.029598,-0.12062284,-0.13080788,-0.9847835,-0.11441505,-0.072311945,-1.4710677,-0.09522881,-0.0140184555,-1.7772971,-0.10652079,-0.062428236,-2.1374156,-0.2561014,0.042057857,-0.8783465,-0.086814106,0.013318015,-0.81465757,-0.07420281,-0.0002871524,-0.5853508,-0.16610703,0.012741219,-0.594079,-0.14459221,0.23748562,-0.70906675,-0.09765962,0.22968921,-0.5711022,-0.11370033,0.12376143,-0.5426305,-0.1377985,0.14822078,-0.39720088,-0.17089765,U,Right,0.96,aug_U_028.jpg
0.0,0.0,0.0,-0.3570354,-0.2698301,-0.12849385,-0.54017955,-0.6987581,-0.013349897,-0.5832095,-0.6349298,-0.11883241,-0.36812773,-0.9051187,-0.20573908,-0.34455255,-1.0282196,-0.034939434,-0.4447428,-1.4251819,-0.13781807,-0.46971086,-1.6879838,-0.3078261,-0.49532148,-1.4729549,-0.34812543,-0.090660326,-0.99498004,0.042373996,-0.12009454,-1.4496473,-0.110805914,-0.11027215,-1.7776482,-0.33823568,-0.2926885,-1.5691944,-0.31255123,0.2202322,-0.95154285,0.0036465907,0.17531574,-1.2562153,-0.11738213,0.013076866,-1.6808769,-0.3224217,-0.031829312,-1.4891347,-0.4318017,0.23414466,-0.6174196,-0.04888565,0.41440025,-1.2594959,-0.13783766,0.24842207,-1.4940953,-0.2383151,0.1332977,-1.4164737,-0.3827906,O,Right,0.96,aug_O_003.jpg
0.0,0.0,0.0,-0.16129777,-0.17905149,-0.034466337,-0.4472356,-0.47728533,-0.15249638,-0.18448305,-0.6775675,-0.12341451,-0.10078444,-0.59750223,-0.1675887,-0.34257242,-0.9188754,0.061325267,-0.1922239,-0.79204035,-0.06744483,-0.23860529,-0.563217,-0.14405599,-0.33658645,-0.5089601,-0.15331246,-0.054240666,-0.99846655,-0.011060478,0.008039599,-0.7764732,-0.25528204,0.052243296,-0.712401,-0.108496144,-0.15753497,-0.36416847,-0.18233256,0.15796188,-1.0158134,0.027178843,0.11009862,-0.71097565,-0.059229296,0.09589493,-0.6111065,-0.21416384,0.008988174,-0.37712702,-0.21576957,0.22402221,-0.80683583,0.019800799,0.26624715,-0.6121898,-0.2354414,0.05640946,-0.4831931,-0.10571564,0.08258451,-0.36799535,-0.09463126,M,Right,0.96,aug_M_006.jpg
0.0,0.0,0.0,-0.2332347,-0.30193397,-0.07886443,-0.31539795,-0.5319129,-0.17788069,-0.17608416,-0.70626414,-0.21783248,-0.029345434,-0.70344836,-0.15314853,-0.13674413,-0.90460277,-0.024057047,-0.07719683,-1.3210582,-0.045614246,-0.18894607,-1.5706779,-0.10989513,-0.32018685,-1.9750351,-0.16666275,0.052041322,-0.99861324,0.007964172,0.011804877,-1.3689069,-0.08095837,0.017635021,-1.7301741,-0.104357384,0.10884668,-2.214595,-0.15231258,0.17932214,-0.8812263,-0.17234673,0.16456303,-0.7544415,-0.1791932,0.13784975,-0.6385835,-0.26569724,0.09872211,-0.47102705,-0.20642357,0.35573226,-0.7428626,-0.0030061437,0.29618144,-0.62564033,-0.15330724,0.35766685,-0.56294346,-0.21316813,0.21354376,-0.49461204,-0.24116942,2,Right,0.96,aug_2_001.jpg
0.0,0.0,0.0,-0.24452226,-0.23598062,-0.052868158,-0.36113393,-0.4555487,-0.04039944,-0.22257943,-0.62392384,-0.13340208,-0.019831225,-0.72619647,-0.084151015,-0.14450796,-0.9115313,-0.04506813,-0.20613025,-0.74764496,-0.085101515,-0.18664496,-0.58303916,-0.12965341,-0.1108113,-0.46689528,-0.13322072,-0.047524553,-0.9947429,-0.09070919,-0.11639727,-0.80400586,-0.16568823,-0.010014372,-0.5418434,-0.1291916,-0.10269147,-0.5307248,-0.18805626,0.06141576,-0.77076733,-0.10638322,0.07114063,-0.7750848,-0.097861074,0.039358284,-0.6539931,-0.184042,0.041608755,-0.56294245,-0.18721509,0.23851837,-0.7797559,-0.08789443,0.275344,-0.7012122,-0.14496617,0.1930801,-0.53008693,-0.18464561,0.16873616,-0.5453819,-0.12661286,M,Right,0.96,aug_M_015.jpg
0.0,0.0,0.0,-0.14294286,-0.18739891,-0.08415645,-0.40771133,-0.55329114,-0.06984263,-0.16874333,-0.5365283,-0.14636452,0.052453965,-0.7454672,-0.10414789,-0.22528572,-0.8575238,-0.08964853,-0.30217907,-1.2780819,-0.07484141,-0.29567343,-1.5457776,-0.078159325,-0.27593058,-2.0130975,-0.1948154,-0.03117223,-0.99885625,-0.03625667,-0.015103024,-1.391768,-0.026177108,0.003190096,-1.7828465,-0.13262513,-0.13701783,-2.1196194,-0.08997316,0.21632442,-0.82995397,0.06827569,0.11840318,-0.70800775,-0.11594273,-0.021304542,-0.5255772,-0.1298312,0.1270377,-0.5090699,-0.0046010837,0.29671168,-0.7483528,-0.0118333325,0.27581888,-0.6328649,-0.11110111,0.13418171,-0.543784,-0.072935745,0.13874213,-0.50573885,-0.18040037,U,Right,0.96,aug_U_016.jpg
0.0,0.0,0.0,-0.083138585,-0.29514614,0.10369147,-0.38263485,-0.45789033,-0.04701082,-0.58954346,-0.7144207,-0.2070638,-0.20648934,-0.8201497,-0.1262572,-0.17251742,-0.9889485,0.010552671,-0.25730407,-1.2164323,-0.18846871,-0.39876863,-1.5819187,-0.25527218,-0.53410137,-1.5729855,-0.3674297,0.03376078,-0.99730223,0.06518065,-0.06117748,-1.519931,0.062035058,0.059375487,-1.8375895,-0.064663015,0.00095457555,-2.2932885,-0.13256499,0.13707718,-0.8393718,-0.055142842,0.29093122,-1.3887829,-0.1032323,0.17615771,-1.7989929,-0.108593315,0.17342238,-2.1147463,-0.14052743,0.34444642,-0.718466,0.004177199,0.4135598,-1.1846095,0.0014784667,0.4448376,-1.5508977,-0.12793197,0.4540717,-1.7718294,-0.13607663,F,Right,0.96,aug_F_014.jpg
0.0,0.0,0.0,0.011152542,-0.2777486,-0.0192967,-0.28298643,-0.6397083,0.009115371,-0.53394824,-0.87095016,0.03560689,-0.7786291,-0.9937874,-0.107757345,0.008534735,-0.9234696,0.0075421985,-0.08687301,-1.285787,-0.014047234,-0.21264468,-1.8092902,-0.052211415,-0.2526443,-2.1621435,-0.18095955,0.061317794,-0.9956129,-0.07067498,0.14783998,-1.516107,-0.2072644,0.024541477,-1.619127,-0.13060293,-0.036684427,-1.5106598,-0.2176939,0.2338418,-0.937819,-0.040040396,0.24046881,-0.8147819,-0.110169634,0.24501625,-0.66098744,-0.046940304,0.10139155,-0.536039,-0.15370521,0.51369876,-0.76603824,0.054127578,0.38094422,-0.66685677,-0.15020478,0.27809012,-0.6481782,-0.11361906,0.36507797,-0.65002555,-0.038816556,P,Right,0.96,aug_P_022.jpg
0.0,0.0,0.0,-0.06765624,-0.17904985,-0.01887238,-0.2705159,-0.54256094,-0.12517527,-0.003956661,-0.78768903,-0.15987845,0.12568882,-0.6698258,-0.16040207,-0.10081928,-0.90664434,-0.10200209,-0.16520134,-0.92724025,-0.17439377,-0.11209856,-0.59127754,-0.0716096,0.011957656,-0.46087742,-0.11238033,0.08667549,-0.9958096,0.029164387,0.124075525,-0.8509972,-0.100590296,0.07673497,-0.76489884,-0.16351672,0.08969869,-0.5696309,-0.18761277,0.32062906,-0.9020169,-0.111097105,0.19123681,-0.7616484,-0.18484302,0.22404823,-0.73504025,-0.2114064,0.20373346,-0.48135006,-0.09902245,0.6355952,-0.8188369,-0.02280657,0.49929383,-0.6458089,-0.07986363,0.35430476,-0.52310544,-0.1939786,0.29004264,-0.4533378,-0.03977809,M,Right,0.96,aug_M_021.jpg
0.0,0.0,0.0,-0.21215343,-0.17312291,0.08462648,-0.41329956,-0.60516536,-0.12656882,-0.73400146,-1.053739,-0.19760065,-0.85588634,-1.344759,-0.2703501,-0.17622654,-0.96454334,-0.07698207,-0.30942935,-1.4418674,-0.07691989,-0.3895384,-1.8784312,-0.19143994,-0.46611664,-2.2769318,-0.25014442,0.0039261007,-0.99786836,-0.06514051,0.0025548956,-1.5562165,-0.10228698,-0.053131696,-1.9218069,-0.20772548,-0.18944706,-2.3828642,-0.13931234,0.20149882,-0.8595739,-0.0042933007,0.10397805,-0.75849146,-0.20976202,0.08035615,-0.58815783,-0.1520862,0.042027976,-0.504461,-0.22231928,0.37707758,-0.85427743,-0.21045436,0.26121965,-0.7439802,-0.20337044,0.23608953,-0.5532766,-0.1375778,0.21514781,-0.41201234,-0.1860354,3,Right,0.96,aug_3_033.jpg
0.0,0.0,0.0,-0.09596083,-0.2845442,0.07177345,-0.26069334,-0.52886367,-0.06695118,-0.12248417,-0.6334885,-0.063953325,0.098072395,-0.8493582,-0.0648386,-0.18614659,-0.9486097,0.07732078,-0.106288046,-0.84901124,0.019953512,-0.06276092,-0.63155586,-0.15813604,-0.021232517,-0.39148062,-0.18445659,0.094305806,-0.985672,0.13984667,0.09405359,-0.84200466,-0.03164439,0.036662363,-0.579712,-0.19362698,0.023968246,-0.47998467,-0.036553897,0.24384469,-0.9840497,0.028021244,0.17532405,-0.81303304,-0.08118122,0.17140988,-0.74921757,-0.08684072,0.18735678,-0.41921845,-0.054486793,0.48387828,-0.77740234,-0.061587263,0.50144076,-1.2211274,0.05154908,0.5661592,-1.5719886,0.057032127,0.58238536,-1.8817327,-0.07788033,I,Right,0.96,aug_I_002.jpg
0.0,0.0,0.0,-0.27796876,-0.28032598,-0.14354311,-0.36444598,-0.73949486,-0.21512204,-0.148675,-0.7443212,-0.26079184,0.06664547,-0.7419819,-0.15500101,-0.2046883,-0.8451968,-0.096791945,-0.14340739,-1.3802894,-0.29870993,-0.3099649,-1.5958889,-0.3591988,-0.48468027,-1.473001,-0.32690692,-0.14616545,-0.9851088,-0.09053442,-0.081385754,-1.3706712,-0.20594743,0.016136816,-1.6362808,-0.2994875,-0.15652114,-1.4915389,-0.37032098,0.13546334,-0.9155204,-0.070626415,0.18586567,-1.2674382,-0.21108119,0.1374127,-1.6005005,-0.27490154,0.061658032,-1.372963,-0.37973988,0.34751076,-0.76295984,-0.048062712,0.32200655,-1.1602881,-0.30120918,0.37076095,-1.5435593,-0.19214079,0.14350067,-1.2638621,-0.3514432,E,Right,0.96,aug_E_005.jpg
0.0,0.0,0.0,-0.11423468,-0.3470641,-0.107389145,-0.24103367,-0.6602713,-0.14440535,-0.6316444,-0.82523227,-0.08293324,-0.89065737,-0.80886585,-0.20921822,-0.11593216,-1.0808643,-0.043168794,-0.12819794,-0.9127643,-0.04536989,-0.08306712,-0.7055312,-0.1410215,-0.09281209,-0.5016188,-0.11137333,0.03915537,-0.993049,-0.11099723,0.0939571,-0.8616372,-0.069123656,0.058020607,-0.63901305,-0.21476047,-0.025685892,-0.4516609,-0.23839293,0.13248353,-0.93801343,-0.034715734,0.118664734,-0.78402305,-0.07528572,0.14481647,-0.7030682,-0.16336909,0.07904126,-0.6494341,-0.14717309,0.39291176,-0.82261074,-0.15048072,0.4929274,-1.1035978,-0.15080664,0.6817346,-1.4636364,-0.121433124,0.7377725,-1.7905515,-0.0903784,Y,Right,0.96,aug_Y_012.jpg
0.0,0.0,0.0,-0.03445341,-0.3858227,-0.069055006,0.18686816,-0.7390408,-0.116173446,0.56434375,-0.9079925,-0.20609584,0.9194983,-0.94393903,-0.30148795,0.5934402,-0.8469962,0.06809159,0.9777946,-1.0528451,-0.08103695,1.1443758,-1.1356683,-0.19724563,1.2457815,-1.206153,-0.27428833,0.74444526,-0.66766965,-0.0042951936,0.966582,-0.76918554,-0.26717705,0.62352747,-0.6409972,-0.36148205,0.3264237,-0.5290257,-0.3558211,0.82565,-0.4754376,-0.10495958,0.9850784,-0.5652414,-0.35351375,0.6001341,-0.44739547,-0.3467949,0.3125875,-0.36037034,-0.26640671,0.8621423,-0.26679567,-0.21361217,0.94835293,-0.36824012,-0.35464972,0.66313213,-0.30812618,-0.31075725,0.43179742,-0.25485265,-0.23345506,G,Right,0.95,233.jpg
0.0,0.0,0.0,-0.24348472,-0.35009372,-0.078565545,-0.40648413,-0.48539484,-0.07335402,-0.16151242,-0.69021577,-0.2276507,-0.092439614,-0.8012961,-0.10271791,-0.08223322,-0.9516465,-0.027438128,-0.17717803,-1.308006,-0.18562886,-0.33444074,-1.6131642,-0.25494254,-0.29314333,-2.0236626,-0.22068101,0.021387592,-0.998364,-0.05302951,0.012730284,-1.317609,-0.18364212,0.007140819,-1.7339572,-0.16887105,-0.061118457,-2.0673852,-0.18086064,0.10891251,-0.8593357,0.01220644,0.21202041,-1.2976735,-0.036097128,0.1653565,-1.5443083,-0.10745769,0.16766298,-1.9554158,-0.22391135,0.24712783,-0.7433447,-0.11670938,0.39517424,-1.1955302,-0.06831926,0.4588404,-1.4577199,-0.13809468,0.426133,-1.6398227,-0.24927306,4,Right,0.96,aug_4_004.jpg
0.0,0.0,0.0,-0.21287312,-0.13892442,-0.020114383,-0.42280427,-0.6189993,0.0042723054,-0.22885147,-0.7318149,-0.17607282,-0.045416433,-0.65250516,-0.0952264,-0.22549634,-0.9005015,-0.05399314,-0.2956012,-1.1990492,-0.075497426,-0.32189333,-1.5438688,-0.31615946,-0.39268446,-1.3098618,-0.3002601,0.023983292,-0.99692833,-0.07455573,-0.019566968,-0.9159495,-0.15764388,0.010283829,-0.762855,-0.24294728,-0.0394853,-0.5669217,-0.20042096,0.035679672,-0.86383677,0.012938696,0.019120166,-0.7551639,-0.14223172,0.1229279,-0.55805075,-0.23532775,0.12103161,-0.4156763,-0.26629207,0.3689683,-0.81136125,-0.010854622,0.23233868,-0.7079151,-0.16570118,0.17933941,-0.5086923,-0.15004633,0.2127507,-0.47988597,-0.18941602,X,Right,0.96,aug_X_032.jpg
0.0,0.0,0.0,-0.14134558,-0.2526156,-0.020031003,-0.16662282,-0.5670252,-0.014372222,-0.21352811,-0.69206744,-0.18626647,0.0067632734,-0.66948795,-0.078050345,-0.09695814,-0.914671,-0.035549656,-0.10023993,-1.2223916,-0.038987245,-0.15161152,-1.6503941,-0.049841296,-0.30136898,-2.0326939,-0.110686086,0.11724278,-0.9873163,-0.10705431,0.03001862,-0.7241485,-0.16911735,-0.0045831893,-0.5977485,-0.13676226,0.08573232,-0.54088145,-0.14741865,0.28631306,-0.9214477,0.07191642,0.12846424,-0.6898563,-0.10737683,0.12451339,-0.63103276,-0.10306576,0.14004976,-0.42120776,-0.05764711,0.3350101,-0.7972143,-0.06991092,0.3069935,-0.59188724,-0.059790794,0.28256288,-0.5212881,-0.05924983,0.3651449,-0.4225209,-0.2664348,Z,Right,0.96,aug_Z_017.jpg
0.0,0.0,0.0,-0.24512549,-0.18515919,-0.087374754,-0.42515513,-0.55768836,-0.17808136,-0.32492706,-0.69102156,-0.24679461,0.014195364,-0.7820334,-0.27760234,-0.2517718,-0.98333955,-0.14615251,-0.2950509,-1.4168067,-0.13189684,-0.3101437,-1.8064096,-0.1550796,-0.33881152,-2.2057378,-0.37622207,-0.12780842,-0.97103846,-0.20186435,-0.12895088,-1.5843495,-0.2521587,-0.023962397,-1.9269483,-0.33792087,-0.07025734,-2.329176,-0.3345485,0.18156153,-0.95338726,-0.10365702,0.19705142,-1.3479784,-0.27538335,0.16889542,-1.7798667,-0.34072435,0.22576159,-2.152548,-0.34190458,0.2473176,-0.7487925,-0.2524531,0.3865254,-1.1530356,-0.18298951,0.43894854,-1.4986266,-0.31403062,0.47973654,-1.8970113,-0.31122312,B,Right,0.96,aug_B_007.jpg
0.0,0.0,0.0,-0.076409146,-0.28893283,-0.08882345,-0.29171562,-0.605854,-0.07026735,-0.10315929,-0.64662486,-0.14513005,-0.016429398,-0.8312632,-0.18559755,-0.15188628,-0.9553777,0.041769497,-0.22322191,-1.460086,-0.17081034,-0.48500967,-1.7713754,-0.14395736,-0.6654754,-2.2902813,-0.07991468,0.17656009,-0.9842668,0.0067329933,-0.023426479,-1.538554,-0.027883258,0.073784515,-1.8485192,-0.21309431,-0.06317735,-2.1758516,-0.17387377,0.14180939,-0.9370159,-0.10822371,0.30483484,-1.420993,-0.15332673,0.3186399,-1.7000613,-0.15240823,0.73371714,-2.1444662,-0.26427338,0.41051087,-0.71883816,-0.036105495,0.32794136,-0.78314286,-0.15203786,0.2591749,-0.5958769,-0.28393057,0.21121696,-0.44774604,-0.15799993,W,Right,0.96,aug_W_029.jpg
0.0,0.0,0.0,-0.14454901,-0.2648835,0.010537147,-0.32899627,-0.5485983,-0.094519645,-0.36888686,-0.9966631,-0.09615896,-0.660115,-1.1331983,-0.20954221,-0.105308145,-0.951194,-0.043502584,-0.14967555,-1.26396,0.012642164,-0.28824103,-1.6380467,-0.036292467,-0.3364131,-1.9628934,-0.14890431,0.052870262,-0.99392074,-0.09657261,-0.06134786,-1.3579228,-0.012842345,0.047381587,-1.7591801,-0.18755344,0.06017198,-2.1550114,-0.18370564,0.1673135,-0.8839328,-0.06337273,0.15684603,-0.7820772,-0.07349364,0.20579855,-0.62356216,-0.12610087,0.21823604,-0.5637528,-0.20932864,0.39376742,-0.6560469,-0.038909163,0.40350813,-0.66504854,-0.14132148,0.22926638,-0.51621926,-0.19369932,0.24097638,-0.38762012,-0.16385584,3,Right,0.96,aug_3_020.jpg
0.0,0.0,0.0,0.08983737,-0.29843888,0.07727632,0.323794,-0.51743364,0.119414285,0.536322,-0.6328649,0.10922006,0.6889679,-0.70012957,0.0974867,0.78431416,-0.52677286,0.2134352,1.0681328,-0.6724835,0.19043258,1.2070073,-0.777861,0.1532404,1.3159199,-0.86902976,0.1283855,0.88719404,-0.44593135,0.11845638,1.1918386,-0.60327137,0.092463575,1.3207252,-0.7342581,0.04180045,1.398931,-0.8397971,0.013642082,0.9249098,-0.3417963,0.012167015,0.98089975,-0.5346022,-0.04854205,0.77511847,-0.54244465,-0.06070123,0.6106216,-0.4928389,-0.038697843,0.91050965,-0.22507055,-0.092958115,0.9455907,-0.40196458,-0.11481111,0.78999,-0.4423551,-0.080634855,0.65398204,-0.4203008,-0.037681177,E,Right,0.95,152.jpg
0.0,0.0,0.0,-0.048455145,-0.3484449,0.0467402,-0.43170416,-0.52758133,-0.19094014,-0.6639612,-1.1149995,-0.045004696,-0.76579773,-1.4705579,-0.07402983,0.004616382,-0.9853659,-0.0404535,-0.21075714,-1.6361568,-0.047386322,-0.34002864,-1.9412801,0.020349288,-0.24432254,-2.4272969,-0.12581395,0.181546,-0.9812627,-0.0645343,0.111356735,-1.6700633,-0.002767021,0.10334789,-2.2313507,-0.12844498,0.091648616,-2.6463687,-0.1223947,0.19348127,-1.0256599,0.08372151,0.18127349,-0.78084546,-0.21730486,0.36872727,-0.67833525,-0.15310085,0.1957814,-0.46262053,-0.25516993,0.5002264,-0.85877955,-0.10789068,0.5102863,-0.7340294,-0.09111135,0.4065668,-0.57488376,-0.03426539,0.33952507,-0.5468415,-0.18443924,3,Right,0.96,aug_3_012.jpg
0.0,0.0,0.0,-0.19701111,-0.26133752,0.13592482,-0.46193185,-0.6063934,-0.10605674,-0.485655,-0.6579536,-0.19759774,-0.34081748,-0.85337776,-0.31671104,-0.20692505,-1.0279685,-0.107983716,-0.2394212,-1.3536603,-0.16632824,-0.52816105,-1.7193815,-0.3352376,-0.35402167,-1.5495858,-0.43600747,0.014035895,-0.9999013,-0.00060158066,-0.03505456,-1.5032859,-0.119518794,-0.030483466,-1.612443,-0.27091724,-0.24425857,-1.5945925,-0.36786744,0.13252364,-0.92455065,-0.034137398,0.24290803,-1.2467273,-0.17756084,0.24561659,-1.6481202,-0.25033087,0.07882871,-1.4561903,-0.33986378,0.5434965,-0.72987366,0.0004841287,0.5083543,-1.2489897,-0.0967429,0.31885052,-1.3893272,-0.26610154,0.21324453,-1.3168476,-0.24742222,O,Right,0.96,aug_O_033.jpg
0.0,0.0,0.0,-0.087171,-0.31164145,0.012376336,-0.20096259,-0.5856876,0.080492444,-0.11790554,-0.64905214,-0.18071677,-0.05364948,-0.87743443,-0.11964908,-0.17357038,-0.97790366,-0.056421604,-0.34973496,-1.2955477,-0.124623686,-0.4588974,-1.730092,-0.19658878,-0.62160194,-2.2299998,-0.16847983,-0.001330303,-0.99996346,-0.008442876,-0.026256766,-1.4914229,-0.16193765,-0.03662675,-1.7582682,-0.14076774,0.06352927,-2.220026,-0.20259158,0.24033235,-0.90760267,-0.11338038,0.2819522,-1.2936753,-0.08884334,0.49667993,-1.7358847,-0.061349355,0.5434912,-2.034747,-0.11646221,0.35860604,-0.76509535,0.012740177,0.33412138,-0.7258651,-0.13360073,0.22616002,-0.64587504,-0.09795727,0.25752714,-0.42879727,-0.13345617,W,Right,0.96,aug_W_027.jpg
0.0,0.0,0.0,-0.19499435,-0.27371174,-0.034054946,-0.37656277,-0.52729505,-0.14338624,-0.16935876,-0.74030787,-0.06459111,-0.0046476894,-0.8010758,-0.15072457,-0.16019806,-0.82015985,-0.117105834,-0.2923914,-1.3642161,-0.13000743,-0.27155784,-1.8334385,-0.12805389,-0.32789364,-2.1950417,-0.08009793,0.07909519,-0.9967807,-0.0131231705,0.019725483,-1.4844656,0.009321009,0.025917247,-1.8143284,-0.1267269,0.06864347,-2.2762282,-0.17261119,0.20327741,-0.9112187,-0.007904431,0.1356314,-0.87382966,-0.13076442,0.13089015,-0.682247,-0.18624425,0.15675804,-0.51750314,-0.018516468,0.3877082,-0.73148644,-0.01157206,0.29238182,-0.6821316,-0.020619294,0.27791253,-0.5331877,-0.124466084,0.23117165,-0.46808863,-0.19416949,2,Right,0.96,aug_2_007.jpg
0.0,0.0,0.0,-0.29925048,-0.2369643,-0.15400971,-0.44684988,-0.5569462,-0.19885805,-0.25906911,-0.8237165,-0.24618524,0.025280073,-0.97765255,-0.27815107,-0.52015567,-0.9034391,0.106300026,-0.5264512,-1.199361,0.045378882,-0.48512447,-1.3656713,-0.047930904,-0.4394382,-1.5195534,-0.13241906,-0.285401,-0.9525189,0.10608454,-0.30314833,-1.2747797,0.07153041,-0.299001,-1.445759,-0.0077652023,-0.29583424,-1.6066463,-0.080963306,-0.056276504,-0.937462,0.06495073,-0.07372839,-1.2433325,0.011371421,-0.10078398,-1.42269,-0.042556766,-0.1249589,-1.5848173,-0.09514553,0.19529448,-0.87121177,-0.0014281058,0.18668413,-1.1133441,-0.039569907,0.16946666,-1.251353,-0.04705763,0.15752792,-1.3769634,-0.06408609,B,Right,0.95,43.jpg
0.0,0.0,0.0,-0.21659182,-0.24521461,-0.05477963,-0.2722054,-0.6893055,0.0029687104,-0.12582186,-0.62677974,-0.07764721,0.029569061,-0.75263053,-0.10239381,-0.15179834,-1.111021,-0.0034874515,-0.21376488,-1.4016281,-0.016759345,-0.14784895,-1.6247756,-0.050067592,-0.28658316,-2.0163684,-0.19734819,0.011604365,-0.9959682,-0.08895378,0.060332667,-1.5031564,-0.019464625,0.03369451,-1.8506193,-0.12743981,0.044986505,-2.1590014,-0.08275698,0.23598976,-0.86765987,0.014966024,0.14324163,-0.69450444,-0.1095613,0.25932837,-0.6044969,-0.1319706,0.067349896,-0.4901358,-0.12129306,0.45703065,-0.8214613,0.06603277,0.4273106,-0.7182592,-0.037161037,0.38030273,-0.48021522,-0.06412124,0.35342464,-0.4608638,-0.12115327,H,Right,0.96,aug_H_025.jpg
0.0,0.0,0.0,-0.2891294,-0.2666368,-0.05751048,-0.40873063,-0.5345153,-0.22261369,-0.24051929,-0.6232346,-0.17357185,0.000893824,-0.6867163,-0.23685831,-0.20371766,-0.95149386,-0.024689903,-0.25465095,-1.4058453,-0.1651925,-0.26257387,-1.7451714,-0.0507742,-0.3426412,-2.1164834,-0.2978126,-0.027353277,-0.9992086,-0.028878182,-0.025994947,-1.4406246,-0.0023406078,-0.08958742,-1.8169559,-0.1304368,0.066308826,-2.251438,-0.18182018,0.19009228,-0.8361954,0.006364855,0.04954557,-0.76960874,-0.071410455,-0.014399716,-0.61203164,-0.20718029,0.03883315,-0.3782329,-0.18886231,0.30764955,-0.78319484,-0.059444256,0.34805617,-0.6462791,-0.17634782,0.19682305,-0.4927415,-0.19769454,0.14842863,-0.362585,-0.1198226,2,Right,0.96,aug_2_005.jpg
0.0,0.0,0.0,-0.21165296,-0.3179484,-0.114972524,-0.25556603,-0.64835376,-0.113522574,-0.43613863,-0.83651644,-0.13357475,-0.37759218,-0.9803351,-0.25886402,-0.25636175,-0.9184396,-0.08241008,-0.4061545,-1.3517895,-0.1750206,-0.34499663,-1.6606642,-0.30043137,-0.43820897,-1.5051979,-0.39725527,0.0010397922,-0.99898446,-0.04504575,-0.100662574,-1.5092793,-0.07324268,0.06783236,-1.9536066,-0.16297194,0.023239385,-2.3356264,-0.17510675,0.1712284,-1.003454,-0.11104615,0.28493544,-1.4613434,-0.1779806,0.23609278,-1.7690476,-0.23071213,0.18946867,-2.1263402,-0.2395306,0.48872927,-0.83915955,-0.11752366,0.50654924,-1.1796993,-0.07581453,0.39743558,-1.478189,-0.11585805,0.45034143,-1.9499946,-0.20597151,F,Right,0.96,aug_F_010.jpg
0.0,0.0,0.0,-0.13190322,-0.2961359,-0.14500378,-0.2722538,-0.5041698,-0.099635795,-0.40425155,-0.8419722,-0.18861723,-0.19412585,-0.80200505,-0.21163538,-0.23599124,-0.9958247,-0.08946018,-0.22977997,-1.396739,-0.19844127,-0.22743143,-1.6445972,-0.2574262,-0.36478928,-1.333905,-0.31801856,0.052134816,-0.9953344,-0.08118716,0.14719194,-1.3439049,-0.24274766,0.029959349,-1.5866656,-0.3396519,-0.14207,-1.4056425,-0.37753052,0.21452723,-0.8765184,-0.11045301,0.2453288,-1.3059443,-0.36722282,0.20729737,-1.5043461,-0.29593414,-0.025101928,-1.4543881,-0.29732102,0.4242535,-0.8751294,-0.07654545,0.33172894,-1.2229934,-0.20775941,0.38754025,-1.36859,-0.28966078,0.30910432,-1.3060135,-0.41062954,O,Right,0.96,aug_O_027.jpg
0.0,0.0,0.0,-0.2745759,-0.19900364,0.06619945,-0.25739893,-0.6417526,0.00034212714,-0.42238835,-0.731489,-0.1868785,-0.38992912,-0.8681694,-0.17085418,-0.11365476,-0.87006766,-0.08621013,-0.28024483,-1.2316122,-0.17646141,-0.3324591,-1.632216,-0.16431415,-0.5292252,-1.4890766,-0.2165738,0.103823125,-0.99459475,0.001408957,0.04730515,-1.3345913,-0.15647063,-0.0770981,-1.6710298,-0.2157103,-0.14821506,-1.4683174,-0.33123335,0.1324649,-0.8507191,0.053276245,0.16449586,-1.2818186,-0.18330735,0.18854882,-1.4886777,-0.20817152,0.06314302,-1.3679477,-0.340369,0.31332365,-0.6826088,-0.03650986,0.34604445,-1.2279273,-0.20355193,0.27945244,-1.3029956,-0.19196452,0.19989167,-1.1971707,-0.2837796,O,Right,0.96,aug_O_004.jpg
0.0,0.0,0.0,-0.2242067,-0.26193622,-0.0061245887,-0.47010744,-0.67346877,-0.08283757,-0.4134186,-0.63609946,-0.26361504,-0.37763566,-0.945228,-0.27230987,-0.15822887,-0.95614696,-0.08100662,-0.23513527,-1.3621173,-0.11006382,-0.3552815,-1.5677727,-0.2557345,-0.39532167,-1.3226391,-0.34457985,0.021436632,-0.99534595,-0.093950994,-0.08009187,-1.4239908,-0.23730639,-0.022365088,-1.5527759,-0.35536617,-0.26918834,-1.5156605,-0.37546936,0.12738815,-0.84610397,-0.09048127,0.23550539,-1.3649414,-0.21588403,0.14131173,-1.454283,-0.3060154,0.062260024,-1.319938,-0.3703124,0.34275088,-0.73542595,-0.09390491,0.4179298,-1.2280613,-0.18902989,0.21205492,-1.403988,-0.34587538,0.17330357,-1.3598399,-0.28954545,O,Right,0.96,aug_O_022.jpg
0.0,0.0,0.0,-0.2942271,-0.24474604,-0.08593029,-0.40323055,-0.6070357,-0.13359801,-0.5909969,-1.0161488,-0.046005554,-0.830048,-1.2688423,-0.19495524,-0.20125006,-1.0737345,-0.16779707,-0.27093098,-0.7586463,-0.18076934,-0.2136173,-0.6293886,-0.25582182,-0.1280336,-0.4869686,-0.18432927,0.016333032,-0.9972594,-0.07215976,-0.11679583,-0.8742831,-0.16711286,-0.058876306,-0.5935406,-0.18044722,-0.050817672,-0.40752175,-0.2276739,0.102945045,-0.88124055,-0.14102697,0.105299674,-0.7594696,-0.16191684,0.097575486,-0.6102239,-0.18919146,0.003603937,-0.4136631,-0.28887752,0.25394252,-0.79267406,-0.1163753,0.15313075,-0.58708453,-0.1325261,0.16813365,-0.50443184,-0.21960852,0.14189832,-0.5039315,-0.21014833,A,Right,0.96,aug_A_010.jpg
0.0,0.0,0.0,-0.27203083,-0.14862627,-0.07098411,-0.25752684,-0.54714364,-0.110748254,-0.42980286,-0.75748354,-0.31072548,-0.37852672,-0.8546498,-0.29734775,-0.17395762,-0.92188627,-0.14410463,-0.17563298,-1.3189089,-0.15451503,-0.2980219,-1.5941966,-0.21939734,-0.426713,-1.4255455,-0.36960322,0.075591624,-0.9951503,0.062943734,-0.01315082,-1.3055938,-0.33402663,-0.08656915,-1.7310612,-0.4006575,-0.22331733,-1.4854002,-0.44790885,0.30666128,-0.8722248,-0.09635363,0.23298009,-1.2570373,-0.17740189,0.13881171,-1.5811489,-0.32161018,0.16237947,-1.473805,-0.37168822,0.49009275,-0.71808463,-0.08069845,0.4458138,-1.0904481,-0.20086588,0.273278,-1.4476118,-0.340913,0.32697818,-1.290235,-0.3942916,O,Right,0.96,aug_O_019.jpg
0.0,0.0,0.0,-0.20241739,-0.14695899,-0.20154938,-0.38117185,-0.5857998,-0.10708341,-0.021237984,-0.81932765,-0.29013434,0.17829531,-0.80599225,-0.21480325,-0.21553475,-1.097408,-0.13674754,-0.24166058,-1.6065482,-0.15659659,-0.59124106,-1.9468019,-0.11930135,-0.77784914,-2.7281337,-0.29840392,-0.022385927,-0.9894152,-0.14337523,0.15860467,-1.612322,-0.06658756,0.19455025,-2.1159835,-0.2919582,0.0646084,-2.467857,-0.28431237,0.26451868,-0.88106453,-0.015296377,0.38271856,-1.4638898,-0.19663866,0.48521432,-1.814362,-0.32419658,0.7976545,-2.3940144,-0.20808218,0.42857748,-0.7287744,-0.09948093,0.5104268,-0.68204904,-0.25614795,0.40099695,-0.5125387,-0.24927181,0.26757014,-0.38002566,-0.3031769,W,Right,0.96,aug_W_012.jpg
0.0,0.0,0.0,-0.20506762,-0.14820689,-0.10071719,-0.2792107,-0.48736537,-0.0947198,-0.23599714,-0.5827141,-0.2377735,-0.10605404,-0.64975315,-0.14826857,-0.20314214,-0.8727331,-0.094433084,-0.08260137,-0.69484884,-0.24861829,-0.18461913,-0.57334656,-0.24676415,-0.109293304,-0.45169666,-0.23586637,-0.01749974,-0.9814694,-0.19081815,0.039448343,-0.682887,-0.14620832,-0.00959751,-0.56228626,-0.051387127,-0.015437827,-0.28534433,-0.101217665,0.17287414,-0.824767,-0.07752444,0.084217936,-0.65898985,-0.13026823,0.041172948,-0.41570938,-0.24988921,-0.07883232,-0.4259703,-0.26909968,0.32021052,-0.6793829,-0.055082478,0.37558892,-1.1278559,-0.22805491,0.3149113,-1.3273859,-0.39434126,0.22468667,-1.1918696,-0.3727891,J,Right,0.96,aug_J_029.jpg
0.0,0.0,0.0,-0.26766038,-0.26283142,-0.066543415,-0.46935,-0.53012425,-0.121242106,-0.1993352,-0.75734913,-0.32324275,0.12718946,-0.7502513,-0.112711675,-0.12718423,-0.93537766,-0.12379995,-0.30351782,-1.4596841,-0.23048069,-0.32885748,-1.9252715,-0.32197917,-0.29770237,-2.3308618,-0.23586395,-0.14301749,-0.9777596,-0.1534018,0.045546632,-1.5716689,-0.30793145,-0.04295966,-1.933763,-0.24669935,0.0017896721,-2.4160097,-0.36191005,0.10491053,-0.94719344,-0.17197643,0.35348544,-1.3320073,-0.14982718,0.23854746,-1.7789506,-0.22107555,0.22196877,-2.1362348,-0.41048983,0.33734533,-0.7844443,-0.18514808,0.3752469,-1.1925071,-0.14508446,0.47426835,-1.5086651,-0.19438867,0.43914717,-1.8634564,-0.3902307,4,Right,0.96,aug_4_028.jpg
0.0,0.0,0.0,-0.17534654,-0.20543613,-0.07741738,-0.30387762,-0.58003795,-0.060615897,-0.1150536,-0.74003243,-0.23529369,-0.005703589,-0.807529,-0.25347304,-0.14586857,-0.92057306,0.10984002,-0.26499984,-0.78093183,-0.06924695,-0.13887663,-0.59781307,-0.17827046,-0.10690046,-0.3750793,-0.1021927,-0.06362174,-0.9969184,-0.045891766,-0.09819121,-0.75581694,-0.05452187,-0.033372752,-0.49136394,-0.047605827,-0.012937879,-0.4114641,-0.191855,0.13071397,-0.78502405,-0.03977239,0.18542191,-0.6588651,-0.057872865,0.04202433,-0.60089034,-0.10858611,0.00717939,-0.45955032,-0.102768324,0.29922664,-0.7644707,-0.10562032,0.26408988,-0.58731484,-0.14544684,0.24097309,-0.5063129,-0.17924961,0.24024542,-0.31585056,-0.089172505,N,Right,0.96,aug_N_026.jpg
0.0,0.0,0.0,-0.2212167,-0.30504358,-0.009979368,-0.47269368,-0.6282864,-0.068606056,-0.21023838,-0.74483836,-0.06741601,-0.022895759,-0.94355273,-0.14445724,-0.21144526,-1.164681,0.07502113,-0.4293086,-1.5170696,-0.14715007,-0.26236036,-1.903975,-0.021352828,-0.34248996,-2.30219,-0.1739817,-0.13519692,-0.99007916,-0.038274404,-0.015172038,-1.694808,-0.12063015,-0.03127269,-2.0090744,-0.0049891975,0.02353434,-2.4511807,-0.15848428,0.17825714,-1.0349624,0.0047543924,0.063962474,-0.9071424,-0.10973187,0.12877978,-0.7371671,-0.14382568,0.008958906,-0.65508425,-0.15790024,0.2536527,-0.8252669,-0.08984717,0.2804423,-0.74942386,-0.05371676,0.29198572,-0.6056979,-0.006049571,0.14555813,-0.5191236,-0.11835723,H,Right,0.96,aug_H_015.jpg
0.0,0.0,0.0,-0.08854499,-0.1604752,0.012494828,-0.29699877,-0.52005345,-0.14171831,-0.60872173,-0.97730803,-0.14743453,-0.6276453,-1.1790587,-0.20067239,-0.08171168,-0.8911167,-0.0548022,-0.20357661,-1.2858015,-0.23243958,-0.30712515,-1.5215138,-0.24511148,-0.29889256,-1.3911046,-0.38420513,0.027496273,-0.9922746,-0.120976135,0.018725105,-0.7520188,-0.14354798,0.020634389,-0.61350596,-0.16815244,0.058535088,-0.44089916,-0.23149525,0.2895217,-0.92593443,-0.09623108,0.11927066,-0.7200799,-0.19205953,0.17762941,-0.5569124,-0.13273148,0.13913201,-0.43944436,-0.17779148,0.27414817,-0.71706885,-0.12582676,0.31748605,-0.6366602,-0.104600124,0.21209823,-0.48228648,-0.19543144,0.2858141,-0.28442797,-0.11698203,T,Right,0.96,aug_T_026.jpg
0.0,0.0,0.0,-0.21437313,-0.17519103,-0.0722059,-0.39518303,-0.5528372,-0.13032596,-0.034087077,-0.58294845,-0.19568357,-0.0121224625,-0.6296778,-0.1481031,-0.3195489,-0.8539822,-0.07145386,-0.28109795,-1.2598146,-0.00203374,-0.22923633,-1.5829555,-0.065965675,-0.3405376,-2.06541,-0.1652463,-0.01892439,-0.9968689,-0.07677415,0.029957261,-0.7683636,-0.19584177,-0.01771619,-0.59478253,-0.2948919,-0.013669301,-0.5358767,-0.16513804,0.082327284,-0.79367757,-0.093365915,0.091587216,-0.70436347,-0.19981216,0.1327773,-0.6305047,-0.2260803,0.097351566,-0.525563,-0.26155025,0.3401094,-0.72047216,-0.0643997,0.30231783,-0.63270295,-0.12591876,0.24900645,-0.6108817,-0.28578895,0.29899156,-0.4267133,-0.1505403,Z,Right,0.96,aug_Z_003.jpg
0.0,0.0,0.0,-0.19785361,-0.34251693,0.043527957,-0.46642396,-0.5162777,-0.020986788,-0.19139954,-0.6837282,-0.1853762,-0.00517899,-0.7752629,-0.2592513,-0.21249256,-1.0058796,-0.009792954,-0.2619441,-1.4788842,0.022794617,-0.33987716,-1.6985724,-0.14246106,-0.3480139,-2.0900958,-0.25571528,-0.074996695,-0.99707514,-0.0147189,-0.040778358,-1.4444679,-0.10407156,-0.03915651,-1.9139978,-0.13209023,0.021624917,-2.2360518,-0.17424315,0.08922528,-0.9963964,0.03175373,0.1992653,-0.8152886,-0.2015913,0.16849904,-0.70914483,-0.13032205,0.07112609,-0.47182477,-0.1626335,0.33035284,-0.8107464,-0.124,0.24032545,-0.68655366,-0.1593895,0.22317016,-0.56070215,-0.08030457,0.12591434,-0.4745177,-0.20806853,H,Right,0.96,aug_H_031.jpg
0.0,0.0,0.0,-0.2627411,-0.19753346,0.025544358,-0.36567774,-0.58612204,-0.078009695,-0.13302755,-0.55238473,-0.21053642,0.023580771,-0.707523,-0.07931414,-0.115625925,-1.0275413,-0.05879027,-0.16071197,-0.8761237,-0.017971577,-0.11637032,-0.6567267,-0.09030468,-0.03776869,-0.40298513,-0.12132563,0.044722095,-0.9989992,0.0006523155,-0.047698453,-0.6953328,-0.103615776,-0.12856708,-0.6587062,-0.15218085,-0.037483398,-0.46839175,-0.19249175,0.1294757,-0.83178544,0.027059525,0.14384665,-0.6786773,-0.10208782,0.044610973,-0.4958703,-0.07272062,0.11786428,-0.50845766,-0.2320914,0.3175911,-0.5971076,0.006334609,0.35906518,-1.1195657,-0.17255361,0.3089408,-1.3497578,-0.27427316,0.15436998,-1.211921,-0.33050314,J,Right,0.96,aug_J_026.jpg
0.0,0.0,0.0,-0.088649616,-0.260506,-0.14883195,-0.35097027,-0.6584601,-0.076060854,-0.4158922,-0.7459376,-0.2450553,-0.2410524,-0.8938804,-0.28503034,-0.11785324,-1.0268513,-0.11029059,-0.077528074,-1.3305597,-0.20369487,-0.23627287,-1.7236823,-0.12607029,-0.18281248,-2.0091336,-0.20203973,0.09911954,-0.9911939,-0.08780668,0.050512936,-1.4034846,-0.21042757,0.09829724,-1.5980464,-0.28923592,0.036786295,-1.4162754,-0.41356334,0.25171453,-0.9411502,-0.15210217,0.26730582,-1.3292176,-0.31935605,0.20460945,-1.4591746,-0.3132828,0.21412373,-1.3271278,-0.34237406,0.36405376,-0.7492009,-0.14756094,0.41668278,-1.1702907,-0.19484541,0.3053512,-1.4890473,-0.3412818,0.3109734,-1.2409458,-0.31050208,D,Right,0.96,aug_D_020.jpg
0.0,0.0,0.0,-0.15108658,-0.24194646,-0.056022085,-0.33361027,-0.5426687,-0.122644626,-0.45301312,-0.73695475,-0.1525645,-0.3792235,-0.9685716,-0.2386355,-0.24021536,-0.9406792,0.0037139414,-0.21984598,-1.4888027,-0.1225311,-0.31566006,-1.7740164,-0.12518832,-0.31055146,-2.0846455,-0.20659292,-0.06259427,-0.9978216,-0.020831807,0.030069144,-1.3671656,-0.05765762,-0.14195582,-1.5484018,-0.23203576,-0.22250563,-1.5705901,-0.3493263,0.23658456,-0.85504395,-0.023366151,0.15116596,-1.323515,-0.16245809,0.09978394,-1.4105245,-0.3100898,0.056292363,-1.2720636,-0.24606474,0.29094228,-0.86252195,-0.0014563064,0.36023977,-1.119385,-0.12245828,0.28040224,-1.4429222,-0.31387335,0.22319059,-1.3533232,-0.23870401,D,Right,0.96,aug_D_035.jpg
0.0,0.0,0.0,-0.23791702,-0.39202055,-0.07422267,-0.38906217,-0.66937417,-0.13000451,-0.29006645,-0.7542344,-0.3897625,0.023270313,-0.6641826,-0.28745165,-0.22378747,-0.8871112,-0.07890443,-0.04503114,-0.83773,-0.19541591,-0.050794847,-0.6673188,-0.24121964,-0.22170734,-0.4201283,-0.23312268,0.0026179831,-0.9835083,-0.18084435,-0.022403745,-0.8156093,-0.20570692,0.033839017,-0.6448936,-0.21961619,-0.0657644,-0.44602633,-0.2824196,0.19977187,-0.97457325,-0.13046004,0.16246633,-0.7583998,-0.15739934,0.17392989,-0.6925187,-0.23433025,0.1161351,-0.51472765,-0.22504427,0.31247237,-0.91405666,-0.047201272,0.33000165,-0.68246603,-0.25707945,0.3615752,-0.5452898,-0.26526698,0.25958622,-0.56924707,-0.23412271,M,Right,0.96,aug_M_002.jpg
0.0,0.0,0.0,-0.20814483,-0.11421369,-0.14829125,-0.34812447,-0.62803537,-0.106433004,-0.69725144,-0.785908,-0.1743657,-0.894218,-0.82815063,-0.05995611,-0.16785522,-0.88407606,-0.115177624,-0.16233633,-0.82800114,-0.13207181,-0.17529365,-0.47368932,-0.31499115,-0.096192494,-0.43901023,-0.3014631,0.034613047,-0.999394,-0.0036813866,-0.027455192,-0.74516207,-0.19086275,0.0080526555,-0.5670593,-0.19318137,-0.09120196,-0.42142844,-0.28413707,0.17388457,-0.85450137,-0.021721186,0.26090226,-0.7552116,-0.35467,0.17309451,-0.68028474,-0.20900832,0.0662093,-0.40395388,-0.28577217,0.34694827,-0.7882922,-0.06340424,0.5352503,-1.0836262,-0.030977033,0.8609352,-1.5565264,-0.26564297,0.9386194,-1.87108,-0.19848543,Y,Right,0.96,aug_Y_005.jpg
0.0,0.0,0.0,-0.14842756,-0.29626384,0.06381727,-0.28366235,-0.4568393,-0.001294427,-0.5040367,-0.9766686,-0.094075695,-0.67848206,-1.3088446,-0.11045072,-0.10170988,-0.99597985,0.07191525,-0.14551331,-1.3870847,-0.14321326,-0.29041505,-1.6629702,-0.076723956,-0.35475886,-2.1078472,-0.07513981,0.03290563,-0.99943227,-0.007237245,-0.01639658,-1.5168954,0.053116836,-0.012748735,-1.7547202,0.0043975664,0.05662882,-2.2353382,-0.0980912,0.17802496,-0.94679886,0.029073104,0.07357852,-0.70559746,-0.09993063,0.14608534,-0.62177414,-0.13290179,0.12256095,-0.5302708,-0.07352822,0.28369874,-0.76135105,0.11389223,0.25807875,-0.71603876,-0.04852519,0.27628592,-0.53068054,-0.093601845,0.25641787,-0.403248,-0.097771354,3,Right,0.96,aug_3_027.jpg
0.0,0.0,0.0,-0.22743133,-0.33561224,-0.07497944,-0.36776328,-0.70676434,-0.09573914,-0.6894802,-0.8694582,-0.03791817,-0.97109705,-0.9382964,-0.21936429,-0.19005637,-1.0445297,-0.011228423,-0.14455357,-1.4413176,-0.034172256,-0.3078891,-1.6584041,-0.027229805,-0.34230867,-2.145327,-0.13140653,-0.02625159,-0.997165,-0.070516996,-0.081958674,-1.4245778,-0.0792429,-0.11004377,-1.7832699,-0.112748004,-0.053867,-2.1131725,-0.21008897,0.12143888,-0.9000323,-0.049588293,0.10224357,-1.3480458,-0.11612512,0.21484335,-1.684589,-0.13242346,0.11913139,-1.9967842,-0.13030049,0.25837114,-0.8146915,-0.10048781,0.27977285,-1.1940887,-0.08657678,0.4812716,-1.5057497,-0.13969146,0.31830925,-1.7451557,-0.15903577,5,Right,0.96,aug_5_023.jpg
0.0,0.0,0.0,-0.22935,-0.23892394,-0.07546444,-0.43939987,-0.650731,-0.11148922,-0.29306093,-0.69861794,-0.20232095,-0.0700903,-0.61899996,-0.23616526,-0.2160545,-0.8866885,-0.07396779,-0.28206939,-1.3053586,-0.20283869,-0.38599992,-1.4675938,-0.30357912,-0.3453256,-1.4231232,-0.35992834,-0.044460543,-0.99636805,-0.07262144,-0.0710643,-0.84023094,-0.20952524,0.006267842,-0.6662735,-0.24544533,-0.09547325,-0.45246592,-0.24409227,0.09149049,-0.8461424,-0.054911096,0.087778546,-0.69080395,-0.16665797,-0.03795239,-0.57717484,-0.16436253,-0.083932444,-0.5214614,-0.14462963,0.18302824,-0.7191169,-0.120797746,0.2924803,-0.6109154,-0.13770325,0.17712274,-0.39202183,-0.26137194,0.14864275,-0.3435415,-0.14505276,X,Right,0.96,aug_X_027.jpg
0.0,0.0,0.0,-0.21821441,-0.29728937,0.027112242,-0.37961572,-0.5948079,0.039638482,-0.14802584,-0.69859487,-0.20536456,0.05338874,-0.73333114,-0.14782436,-0.20446984,-1.0158826,-0.014702634,-0.35442674,-1.4666411,-0.1851952,-0.46276683,-1.705746,-0.16331196,-0.41756442,-1.553999,-0.31623498,0.055849127,-0.9983345,0.0144553445,0.05272555,-1.4943627,-0.120076835,-0.14727445,-1.7105925,-0.22723895,-0.25509268,-1.5120308,-0.2330514,0.23476008,-0.8377333,0.034373697,0.17301072,-1.4466672,-0.110624224,0.16096081,-1.6718285,-0.2426397,0.03375454,-1.4199655,-0.22753578,0.33731094,-0.81665015,0.043391474,0.35768595,-1.2831465,-0.09221052,0.3100605,-1.5669837,-0.14999713,0.16216394,-1.3600867,-0.258231,E,Right,0.96,aug_E_008.jpg
0.0,0.0,0.0,-0.1811042,-0.1725383,-0.03727222,-0.33916798,-0.5289978,-0.17517549,-0.24254143,-0.52074945,-0.41319284,-0.038857237,-0.6186615,-0.26187724,-0.2548239,-0.8720073,-0.13019292,-0.2440892,-0.7482249,-0.2646959,-0.19128418,-0.6214065,-0.116480574,-0.17004548,-0.34592217,-0.18676083,-0.1153633,-0.9827395,-0.14461796,0.09983361,-0.85839385,-0.3121146,-0.026685616,-0.6012572,-0.34917632,0.1158625,-0.38722587,-0.37149525,0.17861252,-0.8825755,-0.123067416,0.10861288,-0.8505399,-0.26398566,0.1428841,-0.6117243,-0.22989857,0.13045895,-0.3866921,-0.34241587,0.5528522,-0.8180596,-0.18026696,0.34580475,-0.60405946,-0.21519078,0.228003,-0.50005126,-0.28697273,0.2168982,-0.36633974,-0.30583426,M,Right,0.96,aug_M_016.jpg
0.0,0.0,0.0,-0.20471215,-0.31527245,0.011439612,-0.40946883,-0.5173818,-0.08415233,-0.11036762,-0.7015892,-0.17493533,0.04819353,-0.82814366,-0.12608044,-0.1175441,-1.0447185,0.032302987,-0.24207105,-1.3755107,-0.12411294,-0.3233244,-1.7197303,-0.17941852,-0.28482744,-1.4704468,-0.30360273,0.033966202,-0.99615926,0.080703065,0.073196225,-0.84938115,-0.045914724,0.028959105,-0.7416534,-0.15113743,0.004358983,-0.53264534,-0.22838444,0.23671217,-1.0793658,0.03229484,0.22698121,-0.77784634,-0.1335085,0.19652486,-0.6490755,-0.03492281,0.13568209,-0.49174437,-0.15440339,0.34656537,-0.7795514,0.058322582,0.31217748,-0.80237955,-0.07669547,0.30358705,-0.5823809,-0.08064013,0.31204802,-0.5020557,-0.18552509,X,Right,0.96,aug_X_023.jpg
0.0,0.0,0.0,-0.23030426,-0.24570002,0.07381962,-0.4620234,-0.52710474,0.09771607,-0.19544224,-0.602939,-0.06521206,-0.014193731,-0.7342286,-0.12174433,-0.13184592,-0.8960775,0.079842575,-0.1594853,-1.4308797,0.095781066,-0.22165638,-1.7261332,0.039185483,-0.3261286,-1.9755404,0.0022983311,0.03632138,-0.9890541,0.14301331,0.079336084,-0.71241987,-0.009939671,0.059613697,-0.5525673,-0.03713357,0.08966478,-0.48787498,-0.07684781,0.15202802,-0.9539471,0.10132889,0.1375091,-0.74238276,0.08770561,0.14486961,-0.63769716,-0.034904193,0.008142475,-0.46101353,-0.03240992,0.3631739,-0.76230913,0.10984359,0.24922359,-0.6667447,-0.012947661,0.27550936,-0.5906497,-0.00018438588,0.23214687,-0.5196733,0.02376731,Z,Right,0.96,aug_Z_004.jpg
0.0,0.0,0.0,0.035210624,-0.31046158,-0.09038966,-0.27704063,-0.42500034,-0.14674033,-0.26923242,-0.7696524,-0.1510788,-0.20300676,-0.8539392,-0.17916529,-0.12080371,-0.98648715,-0.06090007,-0.16958131,-1.2324902,-0.18792376,-0.12776181,-1.476072,-0.24463794,-0.35326317,-1.3532536,-0.34836766,0.15221536,-0.9852416,-0.07829074,0.10673668,-0.8118785,-0.05809685,0.19189394,-0.6501985,-0.1298279,0.048019774,-0.49410093,-0.13780801,0.26968637,-0.85225815,0.011476304,0.27575326,-0.72984,-0.1630279,0.2197773,-0.6559131,-0.13288659,0.16728851,-0.53254837,-0.104401074,0.4329026,-0.7708622,0.013769129,0.45539317,-0.7437733,-0.073613934,0.35616168,-0.46870866,-0.17672512,0.32475322,-0.4486367,-0.1222998,Q,Right,0.96,aug_Q_027.jpg
0.0,0.0,0.0,-0.25428593,-0.38486373,-0.06089503,-0.3885516,-0.59052545,-0.1523004,-0.6164743,-0.8585097,-0.1746648,-0.98136693,-0.8695798,-0.2213052,-0.23055775,-0.9689536,-0.11700047,-0.24546614,-1.4278053,0.0357857,-0.31386316,-1.7836769,-0.15242167,-0.31910965,-2.0808923,-0.10571003,-0.063516505,-0.994485,-0.083457865,-0.0027537877,-0.77938914,-0.076722495,0.026478305,-0.6430689,-0.15377238,-0.06568324,-0.56471735,-0.19984627,0.22102632,-0.9444093,-0.084854215,0.007302728,-0.6660014,-0.17648676,-0.03344985,-0.6510283,-0.18349656,0.05666276,-0.5746209,-0.16067441,0.37960407,-0.7660158,-0.115671754,0.26009578,-0.72357965,-0.18639746,0.28162062,-0.5916983,-0.25991097,0.22600776,-0.35334516,-0.2511504,G,Right,0.96,aug_G_013.jpg
0.0,0.0,0.0,-0.083253175,0.62717557,-0.16650459,-0.5946847,1.0346752,-0.18359989,-1.10964,1.0520338,-0.20291293,-1.4209846,1.0482042,-0.17855957,-0.96228236,0.71518046,0.031999994,-1.285687,0.666924,-0.2040549,-0.8949725,0.6174431,-0.2862335,-0.7839297,0.59830076,-0.3041352,-0.94937015,0.313134,0.02536349,-1.2263517,0.28611434,-0.22493845,-0.76288086,0.32552078,-0.24288169,-0.73479307,0.3395799,-0.18984532,-0.90308917,-0.05913824,-0.037394065,-1.152093,-0.08949664,-0.32852724,-0.69291174,0.0005490011,-0.23860545,-0.6228468,0.035232235,-0.10058103,-0.85373133,-0.44217694,-0.1146022,-1.0363493,-0.42178378,-0.27624336,-0.7101094,-0.3173808,-0.19906528,-0.59652793,-0.2668556,-0.098540194,A,Right,0.95,516.jpg
0.0,0.0,0.0,-0.3270652,-0.27676615,0.030969625,-0.36767074,-0.64812213,0.03890558,-0.6907794,-0.62400806,-0.03861481,-0.9110138,-0.85621035,-0.19017202,-0.21154639,-1.0509475,-0.016336737,-0.27514678,-1.3371731,-0.042303186,-0.3437435,-1.8410056,-0.14234126,-0.3781155,-2.1742547,-0.29316288,-0.04078911,-0.99857503,-0.034411754,-0.030980079,-0.8120179,-0.040240783,-0.08128493,-0.64647,-0.18914974,-0.030259926,-0.45207253,-0.17808563,0.14512073,-0.8583358,0.026076514,0.0928702,-0.78407544,-0.14427166,0.11402289,-0.5601438,-0.13844065,0.0312848,-0.49288902,-0.101843216,0.26334903,-0.76661193,0.07298632,0.350593,-0.63591766,-0.12747385,0.22471303,-0.50277853,-0.029246012,0.24950008,-0.3648314,-0.15551312,L,Right,0.96,aug_L_014.jpg
0.0,0.0,0.0,-0.18412748,-0.27482986,0.016784202,-0.42917004,-0.55265665,-0.062087007,-0.10516251,-0.6672649,-0.15991497,-0.07018081,-0.72979265,0.025565395,-0.2591427,-0.9341016,0.0025974435,-0.23105733,-1.3799356,-0.070589066,-0.30900493,-1.708696,-0.085206404,-0.3690439,-1.9730936,-0.11381803,-0.10181784,-0.99426186,0.032807667,-0.1121304,-0.7176786,-0.010731103,0.02900416,-0.61056995,-0.20431936,0.034369245,-0.54708993,-0.13741048,0.1340722,-0.81534594,0.083770804,0.12981836,-0.7740253,-0.07170551,0.10123204,-0.63721097,-0.052135944,0.08341897,-0.47286522,-0.22637199,0.30268195,-0.76367015,0.038607746,0.21515545,-0.7406755,-0.03136432,0.19294748,-0.5162287,-0.13173373,0.2408458,-0.40944895,-0.08236284,Z,Right,0.96,aug_Z_001.jpg
0.0,0.0,0.0,-0.20713547,-0.21489508,0.06493788,-0.41329738,-0.5507728,-0.08895379,-0.7364323,-0.7567742,-0.0316335,-0.99980193,-0.9066606,-0.20511228,-0.16149847,-1.0075957,-0.033446517,-0.15975744,-0.8558677,-0.044331286,-0.04825444,-0.48800686,-0.15074788,-0.066124715,-0.47802964,-0.17953931,0.058501106,-0.9970828,-0.049025204,0.037439834,-0.84317815,-0.045335617,0.005940521,-0.5728565,-0.22930633,0.002972681,-0.4960954,-0.20355189,0.13110176,-0.84226316,-0.012673944,0.06732459,-0.7718169,-0.14820458,0.17132804,-0.6249184,-0.12124203,0.1559846,-0.34729975,-0.31085142,0.46514887,-0.7141772,-0.05041584,0.5629528,-1.1461611,-0.07389452,0.68973374,-1.5666373,-0.16549087,0.8485199,-1.7760288,-0.2514121,Y,Right,0.96,aug_Y_021.jpg
0.0,0.0,0.0,-0.10532681,-0.26617226,0.0077695427,-0.31870058,-0.5448182,0.015656488,-0.6250178,-0.7292469,-0.10196719,-0.8070708,-0.8634646,-0.15137006,-0.14684673,-0.91136837,-0.06682311,-0.21604654,-1.2632134,-0.115127355,-0.313718,-1.7067639,-0.07537161,-0.20872688,-2.1368105,-0.11513151,0.1493388,-0.9875309,-0.04980619,-0.02784274,-0.6713884,-0.21053715,0.016945139,-0.5494628,-0.21188116,-0.014788151,-0.45991227,-0.046348065,0.20417558,-0.8720978,-0.10050229,0.19382438,-0.6787462,-0.16282476,0.20193547,-0.6239442,-0.27701965,0.15284377,-0.3454014,-0.23944424,0.4071075,-0.6558059,-0.045924947,0.27574646,-0.6341668,-0.04992686,0.28042924,-0.4894658,-0.2317782,0.25747597,-0.39140555,-0.16827276,L,Right,0.96,aug_L_017.jpg
0.0,0.0,0.0,-0.1883136,-0.2958206,0.00054727437,-0.34831604,-0.6160281,-0.096672915,-0.4710015,-0.7407384,-0.07350684,-0.330471,-0.9225259,-0.2342354,-0.15106073,-0.9130949,0.034042515,-0.16557477,-1.2383077,-0.115228,-0.3319452,-1.4189042,-0.23129086,-0.33512923,-1.3122479,-0.28859714,-0.069670536,-0.99740916,-0.01791666,-0.05606592,-1.419325,-0.014582161,0.039181978,-1.7080716,-0.04126394,-0.07756135,-2.0276754,-0.21140555,0.14292245,-0.93262976,0.008598823,0.10739557,-1.3768427,-0.09792611,0.14761528,-1.6386606,-0.13877426,0.21519004,-1.8944689,-0.07224155,0.31295505,-0.73193264,0.0009892688,0.2988042,-1.1578586,-0.019056315,0.29667333,-1.3887296,-0.115011334,0.34600824,-1.7038196,-0.06883255,F,Right,0.96,aug_F_023.jpg
0.0,0.0,0.0,-0.24343134,-0.26612374,-0.2058157,-0.5134816,-0.6170478,-0.2349227,-0.3877806,-0.8969751,-0.30486688,-0.36256352,-0.94620746,-0.37454262,-0.26911336,-1.0866362,-0.12025072,-0.14189737,-1.531703,-0.08126913,-0.28147405,-1.8766649,-0.3763286,-0.382239,-2.2732506,-0.29087177,0.10176281,-0.98608905,-0.13142581,-0.037039194,-1.5475222,-0.2944164,-0.13278009,-1.7144207,-0.44715476,-0.12238639,-1.5490524,-0.51077694,0.29294813,-0.9434254,-0.056755524,0.15152116,-1.3451889,-0.18683761,0.14090519,-1.5159389,-0.355252,0.11472904,-1.4674737,-0.37313357,0.29982033,-0.79899925,-0.1477125,0.35035938,-1.1743605,-0.26894137,0.28969353,-1.5584795,-0.43762234,0.33689868,-1.4259382,-0.3765779,D,Right,0.96,aug_D_018.jpg
0.0,0.0,0.0,-0.085655496,-0.37100115,0.07502573,-0.3119332,-0.6320318,0.015865197,-0.72542083,-0.87704813,0.03078145,-0.96617055,-0.97176766,-0.15281823,-0.102703914,-1.0850455,0.11845104,-0.25495252,-1.4166309,0.0223303,-0.2731573,-1.7527168,-0.028097276,-0.30833068,-2.159393,-0.15217549,-0.105600305,-0.994174,0.021602856,0.08186456,-1.5622687,-0.042567097,0.067641534,-1.9559588,-0.083836555,-0.024028713,-2.4435904,-0.0480749,0.16661121,-0.96797746,0.05778166,0.21232972,-1.5108155,0.16180587,0.26168722,-1.694334,0.040094756,0.24661896,-2.107521,-0.061953783,0.5044749,-0.7820177,0.023207314,0.46803793,-1.1979554,-0.04319328,0.5219744,-1.4904546,-0.071684375,0.4549056,-1.8230904,-0.08992894,HELLO,Right,0.96,aug_HELLO_013.jpg
0.0,0.0,0.0,-0.16323884,-0.23327316,-0.04410696,-0.40390143,-0.57597816,-0.0409415,-0.113163516,-0.71535105,-0.10148197,0.03660533,-0.6641156,-0.19289213,-0.07770353,-0.9317606,-0.020734552,-0.1563064,-0.77788216,-0.12231259,-0.08938237,-0.60642606,-0.11202199,-0.10849761,-0.42660588,-0.1422486,0.05533588,-0.9970399,0.053378828,0.1818543,-0.92117345,-0.025073178,0.11665981,-0.6612578,-0.07174497,0.12689646,-0.5940772,-0.020230466,0.17187107,-0.98229057,0.0059121083,0.31372383,-0.80422,-0.07098893,0.28734496,-0.6699901,-0.17695363,0.14376448,-0.44674432,-0.11008857,0.537038,-0.7482258,-0.014587941,0.4810407,-1.234802,-0.060453977,0.7626382,-1.446829,-0.023192117,0.48955482,-1.7295519,-0.055038527,I,Right,0.96,aug_I_017.jpg
0.0,0.0,0.0,-0.21004361,-0.42265984,0.06644749,-0.23726189,-0.5301033,0.07776779,-0.56020683,-0.91581434,0.05450183,-0.8717127,-0.9745122,-0.03427753,-0.13797821,-0.897625,0.033008356,-0.22301452,-1.3188286,0.00813594,-0.30663064,-1.5949653,-0.027344067,-0.2628543,-2.0576627,0.05647474,0.0414275,-0.98789907,0.14946304,0.07958299,-1.290632,0.05572806,-0.03838491,-1.593848,-0.11974351,-0.12569062,-1.3809689,-0.24108005,0.26951474,-0.8966331,0.028871778,0.16430955,-0.7784682,0.07349822,0.15993801,-0.6701039,-0.018956004,0.17771843,-0.45046887,0.0022106213,0.34165725,-0.7760443,0.20651585,0.32986897,-0.74705565,0.10914243,0.2994213,-0.5814628,-0.08680398,0.25182828,-0.45944846,-0.037710596,K,Right,0.96,aug_K_029.jpg
0.0,0.0,0.0,-0.23669603,-0.29565036,-0.090229385,-0.30120498,-0.54460704,-0.12584746,-0.67119354,-0.73193544,-0.17384169,-1.0043201,-0.8875966,-0.28884575,-0.17109519,-0.9617725,0.044552237,-0.22314191,-1.4666318,-0.14670873,-0.23808995,-1.6623743,-0.21698742,-0.39816698,-2.072678,-0.3055842,-0.017509354,-0.995058,-0.09773967,0.043863956,-1.5182287,-0.15431955,0.005499538,-1.8363757,-0.17950417,0.030057069,-2.2075517,-0.20887463,0.212811,-0.9764021,-0.09120261,0.2596736,-1.3048424,-0.17715056,0.19757886,-1.7394987,-0.15558429,0.28990838,-2.048552,-0.1807694,0.37660256,-0.76054174,-0.105470546,0.45603597,-1.1450462,-0.015270521,0.41428703,-1.452688,-0.21370138,0.41335627,-1.7996783,-0.22279733,5,Right,0.96,aug_5_016.jpg
0.0,0.0,0.0,-0.119211026,-0.27225646,-0.12987693,-0.18187584,-0.455669,-0.057151593,-0.13151753,-0.7079279,-0.10632418,0.051293872,-0.6745719,-0.115010425,-0.11350721,-0.8060607,-0.05571288,-0.07696462,-0.65912133,-0.15082136,-0.07669991,-0.59357893,-0.21834816,0.025860794,-0.4405813,-0.16626059,0.017400105,-0.9955017,-0.09313133,0.047643136,-0.81310666,-0.020620165,0.07586386,-0.5609938,-0.17239845,0.089917235,-0.48878002,-0.17292088,0.26451775,-0.7550428,-0.057225924,0.255098,-0.697437,-0.15155755,0.17237449,-0.5716222,-0.2178908,0.1517402,-0.38336107,-0.12438978,0.37765506,-0.6728916,-0.100295864,0.30518687,-1.014051,-0.18453948,0.24917172,-1.21831,-0.2189198,0.26489523,-1.1302487,-0.27696013,J,Right,0.96,aug_J_003.jpg
0.0,0.0,0.0,-0.054928903,-0.36972433,-0.11854071,0.17487086,-0.73610485,-0.17841421,0.56056345,-0.91423434,-0.26290253,0.93409,-0.9321162,-0.3318059,0.65704966,-0.7894939,0.0894374,0.9713757,-0.9839954,-0.11540762,0.8758013,-0.9808828,-0.24222173,0.76635516,-0.9287014,-0.29453024,0.7848192,-0.6169748,0.058317844,1.0318669,-0.76022965,-0.23122442,0.627064,-0.6443835,-0.3164845,0.32556143,-0.5293328,-0.28090298,0.8704677,-0.43158153,-0.016297659,1.0385975,-0.53133744,-0.31898728,0.5926103,-0.4346982,-0.29850122,0.28641894,-0.3512342,-0.18146785,0.9160778,-0.22374855,-0.098880045,0.9847573,-0.33737642,-0.2955113,0.64145374,-0.28736165,-0.26408702,0.39193612,-0.24150282,-0.17611223,G,Right,0.95,300.jpg
0.0,0.0,0.0,-0.14661945,-0.11528731,-0.15278152,-0.24054176,-0.51973367,-0.11922664,-0.20195188,-0.6720168,-0.14860551,0.0056169527,-0.5735575,-0.2542815,-0.08875597,-0.84959817,-0.15802655,-0.14680566,-1.1938715,-0.107693374,-0.22716299,-1.6568588,-0.23346554,-0.2959469,-1.9128869,-0.1658776,0.021510724,-0.9738181,-0.22630867,-0.007049292,-1.3484257,-0.12177988,-0.044530086,-1.7211857,-0.1581551,0.09331081,-2.120896,-0.25984585,0.24716148,-0.74102324,-0.14393994,0.20834719,-0.6612962,-0.14794274,0.11615104,-0.5253938,-0.27947652,0.08268192,-0.4308831,-0.21487999,0.47611076,-0.536897,-0.11733898,0.38904136,-0.63594073,-0.16084163,0.24071999,-0.47972468,-0.090199955,0.21427363,-0.4071225,-0.27129084,H,Right,0.96,aug_H_010.jpg
0.0,0.0,0.0,-0.29859123,-0.3726822,0.07395736,-0.33326384,-0.71619546,-0.008308253,-0.12202881,-0.75306773,-0.1398313,-0.041927207,-0.82615817,-0.17522459,-0.10818264,-1.0631783,-0.036976524,-0.13494372,-1.3495778,-0.12834889,-0.2511513,-1.9320918,-0.12710728,-0.31993786,-2.144849,-0.23554927,-0.057864964,-0.99586403,-0.07004602,0.024207525,-0.8811224,-0.16918388,-0.029349836,-0.6543443,-0.13482553,0.012604099,-0.5870329,-0.15445118,0.21575402,-0.9192652,-0.03671009,0.1736913,-0.8127132,-0.0862578,0.2285041,-0.7163851,-0.20249853,0.08471197,-0.5446949,-0.17757504,0.50093776,-0.8511296,-0.087567866,0.348629,-0.67728966,-0.17073256,0.23970146,-0.63512814,-0.20685656,0.16680242,-0.61810493,-0.15903457,Z,Right,0.96,aug_Z_010.jpg
0.0,0.0,0.0,-0.18557683,-0.301753,-0.12155959,-0.31544337,-0.66375774,-0.05834138,-0.20578241,-0.65858537,-0.1447054,0.015090026,-0.7784287,-0.11872013,-0.06661597,-1.0318347,-0.09243896,-0.15541182,-1.5788519,-0.25537094,-0.3076319,-1.789425,-0.2217487,-0.37732002,-2.183363,-0.13481821,-0.023105478,-0.9973433,-0.06908369,0.07969972,-1.5532824,-0.096403144,0.0097182505,-1.9002622,-0.1200451,0.034591902,-2.277187,-0.3077804,0.11238447,-1.0162067,-0.061595853,0.12837446,-0.874572,-0.20572813,0.16707696,-0.74109715,-0.33695993,0.09475917,-0.5993007,-0.16623245,0.31086832,-0.8475186,-0.05950547,0.19042301,-0.7790504,-0.20353712,0.23683926,-0.6426438,-0.20712313,0.22765106,-0.49412692,-0.1802397,U,Right,0.96,aug_U_031.jpg
0.0,0.0,0.0,-0.26572913,-0.2914792,0.15598385,-0.3352605,-0.7185463,-0.074718505,-0.13657552,-0.75508314,-0.16485497,-0.030877814,-0.9190227,-0.0746308,-0.15674217,-1.0031633,0.08524246,-0.3127511,-1.4499214,-0.047031607,-0.33726057,-1.7069782,-0.22641402,-0.55216724,-1.4930224,-0.29124913,0.035563584,-0.99677324,0.07196091,0.033162847,-1.0016783,-0.12980263,0.038665544,-0.7744464,-0.21822391,-0.14008191,-0.6013705,-0.15028304,0.22599493,-1.106771,0.10061567,0.040034357,-0.9660615,-0.07690348,0.117364645,-0.7054558,-0.20810002,0.08477682,-0.69066036,-0.2703871,0.4803593,-0.82966745,0.016233359,0.19419767,-0.8197672,-0.057946216,0.23873724,-0.54366297,-0.09783191,0.15954223,-0.6347185,-0.08283907,X,Right,0.96,aug_X_033.jpg
0.0,0.0,0.0,0.5514641,-0.08476292,0.15228415,0.93351245,-0.2517355,0.18310066,1.275846,-0.30235222,0.13912547,1.5883019,-0.2823651,0.09420506,0.51341826,-0.83093184,0.32175067,1.0414234,-0.86979663,0.23601478,1.4353093,-0.8585852,0.118958004,1.7359152,-0.82972085,0.033156667,0.43905047,-0.8862459,0.14765829,1.0965148,-0.93841445,0.06259671,1.4988157,-0.9151284,-0.029337315,1.8110361,-0.88052076,-0.09397903,0.4349641,-0.8756919,-0.046486948,1.094715,-0.9449873,-0.1257013,1.4972118,-0.9254321,-0.17265947,1.7937584,-0.88825333,-0.20041329,0.49757344,-0.80869883,-0.24209727,1.0374501,-0.90751415,-0.29957333,1.3709654,-0.9093855,-0.30725375,1.6364635,-0.8836528,-0.30891946,C,Right,0.95,358.jpg
0.0,0.0,0.0,0.47369438,-0.047599513,0.0034356103,0.90690905,-0.2098166,-0.039482716,1.3064486,-0.264457,-0.12814158,1.6662945,-0.3183052,-0.21424091,0.54785216,-0.81505805,0.17143597,1.0321313,-0.9071108,0.030641269,1.4393657,-0.9275645,-0.12236997,1.7545986,-0.92860705,-0.22428235,0.45555648,-0.88862264,0.053085923,1.0368849,-0.97705275,-0.07117325,1.4596869,-0.98591954,-0.19227077,1.8149215,-0.9720442,-0.2729352,0.4218517,-0.89999515,-0.09568798,1.0157589,-1.0036727,-0.21704532,1.4308401,-1.0032619,-0.27079728,1.7630566,-0.97822464,-0.29509008,0.4378383,-0.8433361,-0.25743574,0.94595283,-0.98373663,-0.3532069,1.300097,-1.0029825,-0.36324042,1.6009594,-0.98592156,-0.35641307,C,Right,0.95,170.jpg
0.0,0.0,0.0,-0.2768497,-0.18989877,0.015458892,-0.5144834,-0.6302985,-0.06711078,-0.8076099,-0.75726193,-0.14766811,-1.0347346,-0.98129165,-0.386839,-0.1746599,-1.0917258,-0.010264014,-0.25469634,-1.5358136,-0.078065954,-0.4140132,-1.9491111,-0.1457459,-0.34096557,-2.38659,-0.25644395,0.10710832,-0.9880473,-0.11086106,0.094856426,-0.7882972,-0.14319754,0.04316196,-0.698218,-0.13165303,0.06988893,-0.4534636,-0.21100968,0.21394923,-0.97639275,-0.03546302,0.11725663,-0.7738964,-0.16779247,0.19151394,-0.56692463,-0.20096283,0.15849566,-0.59090155,-0.19737282,0.43408597,-0.7599941,-0.102363855,0.4493411,-0.6627925,-0.22076452,0.2887873,-0.4645138,-0.2316968,0.27182147,-0.4289021,-0.1627334,L,Right,0.96,aug_L_001.jpg
0.0,0.0,0.0,-0.26891696,-0.33051372,-0.06717299,-0.37003478,-0.5322915,-0.11420026,-0.7266653,-0.8034733,-0.13188061,-0.95365053,-0.94846624,-0.20250185,-0.21204822,-0.8856406,-0.09342653,-0.33611473,-1.4000448,-0.18688917,-0.33753473,-1.7394376,-0.06413415,-0.33158448,-2.0279486,-0.19684446,-0.08959839,-0.9910264,-0.09919014,-0.060190085,-1.44109,-0.13353236,-0.085537046,-1.8460445,-0.25140342,-0.0022179014,-2.09486,-0.15830821,0.039648663,-0.8465615,-0.03526277,0.1290543,-1.3034705,-0.1577245,0.23134539,-1.6629146,-0.22623293,0.1858672,-1.9349992,-0.21130756,0.30812886,-0.7595761,-0.14950067,0.31883016,-1.1252128,-0.14034705,0.41336438,-1.4824513,-0.19497107,0.4149715,-1.7587376,-0.24359044,5,Right,0.96,aug_5_013.jpg
0.0,0.0,0.0,-0.14178815,-0.20936745,-0.0050580907,-0.2619651,-0.54043704,-0.121760115,-0.19237332,-0.61555904,-0.121694624,0.057967514,-0.59706473,-0.29402775,-0.20169489,-0.87818575,-0.06338448,-0.11381041,-1.3730365,-0.16906437,-0.24073315,-1.8130406,-0.22788021,-0.2217701,-2.0421426,-0.19248897,-0.05295906,-0.98823875,-0.14345576,0.10283002,-1.4931964,-0.18077283,0.041176308,-1.854662,-0.08742877,6.7253124e-05,-2.2987087,-0.32775664,0.2171349,-0.9095731,-0.15441865,0.32753235,-1.2915267,-0.12391503,0.33694664,-1.6502113,-0.21144247,0.20772062,-1.9554814,-0.19069523,0.40713227,-0.79046136,-0.044907838,0.40219036,-1.1536683,-0.04460335,0.45208398,-1.546384,-0.22379175,0.54107213,-1.7617447,-0.21893485,4,Right,0.96,aug_4_023.jpg
0.0,0.0,0.0,-0.25185236,-0.18864772,-0.030531637,-0.39680085,-0.48722294,-0.06494158,-0.46051577,-0.744306,-0.096762486,-0.5091101,-0.94436765,-0.13246089,-0.32473424,-0.9125101,-0.08186316,-0.37327808,-1.3890874,-0.13648559,-0.3967937,-1.6852549,-0.17452343,-0.41179118,-1.9147139,-0.19951282,-0.14781426,-0.98309094,-0.10808814,-0.18664283,-1.4999062,-0.16487443,-0.21623069,-1.839992,-0.22117823,-0.23542292,-2.1053011,-0.2594083,0.040536895,-0.9722638,-0.13314591,0.024433028,-1.4602497,-0.18965548,0.0026089444,-1.7757524,-0.22786133,-0.016437212,-2.024118,-0.2513562,0.23266768,-0.8934541,-0.15652591,0.23643619,-1.2876567,-0.19374572,0.22497852,-1.5420874,-0.20037182,0.20561647,-1.7585803,-0.20109385,5,Right,0.95,5_009.jpg
0.0,0.0,0.0,-0.35423407,-0.12627992,-0.08112099,-0.45477688,-0.6001636,-0.09184689,-0.80154866,-0.7710066,-0.25001502,-1.1065603,-0.90478987,-0.1889525,-0.33084658,-1.0378929,-0.064310804,-0.24735177,-0.8870697,-0.09212294,-0.19607447,-0.6479553,-0.29766807,-0.16927254,-0.551553,-0.27310163,-0.20766634,-0.9780057,-0.019481912,-0.11516016,-0.74015135,-0.21016249,-0.13035566,-0.6805536,-0.24182259,-0.17651287,-0.4853566,-0.24905463,0.029559948,-0.7717439,-0.0029320158,0.07867118,-0.6520092,-0.11321965,-6.705413e-05,-0.6202607,-0.22363465,-0.055987466,-0.53351176,-0.22028455,0.14350069,-0.7427292,-0.15412967,0.40724066,-1.1047028,-0.16460687,0.45872095,-1.4994878,-0.165824,0.65484333,-1.7230542,-0.23598845,Y,Right,0.96,aug_Y_008.jpg
0.0,0.0,0.0,-0.115939796,-0.32532534,0.020729773,-0.34548542,-0.6260571,-0.17965347,-0.21781178,-0.7519279,-0.18396376,0.06685282,-0.7678954,-0.2620605,-0.15566278,-0.93978643,-0.05264647,-0.19602627,-0.8198971,-0.07208523,-0.16369571,-0.63372886,-0.17400898,-0.10683706,-0.46530983,-0.27264455,0.068479925,-0.9873693,-0.14287202,0.07133018,-0.85897505,-0.16435352,0.068246596,-0.6838892,-0.22915412,0.094846174,-0.60909605,-0.12474032,0.1346886,-0.9378139,-0.051604196,0.20086978,-0.7502589,-0.1535968,0.14513946,-0.54843634,-0.15936954,0.18687998,-0.5206909,-0.32568252,0.446682,-0.7471244,-0.056943033,0.31685987,-0.6955273,-0.18825811,0.30501902,-0.6036905,-0.15992437,0.3671288,-0.48545486,-0.2862425,M,Right,0.96,aug_M_034.jpg
0.0,0.0,0.0,-0.15496425,-0.29537535,-0.061133195,-0.28393078,-0.5891268,-0.074997775,-0.012975831,-0.73167914,-0.14310288,0.13260032,-0.71990657,-0.18186495,0.04353476,-1.1303946,0.0006443552,-0.19888817,-1.538245,0.021497972,-0.43632787,-1.9004868,-0.10880347,-0.5769516,-2.3606398,-0.17170091,0.1798829,-0.98356074,-0.015823739,0.1864093,-1.619061,-0.020680346,0.4486578,-1.9749677,-0.1048912,0.67241824,-2.3806012,-0.13507341,0.24981861,-1.0425074,0.050609294,0.2106125,-0.8854344,-0.14854135,0.27289754,-0.6861837,-0.19045241,0.14612265,-0.4758243,-0.26458716,0.51326156,-0.7880379,0.0019708085,0.4774535,-0.76841325,-0.15338792,0.37691253,-0.65359324,-0.15262039,0.32643166,-0.46053863,-0.18376751,V,Right,0.96,aug_V_023.jpg
0.0,0.0,0.0,-0.10681667,-0.24335372,0.071050204,-0.27478477,-0.6409866,-0.111405745,-0.14312333,-0.74089277,-0.13701937,-0.019634234,-0.75042903,-0.18572727,-0.03362732,-0.9960429,0.07130958,-0.11199577,-1.3492302,-0.018634146,-0.23234549,-1.8519983,0.007889734,-0.32961345,-2.247688,-0.10752114,0.05652109,-0.9967992,-0.056539617,0.06125638,-1.5660821,-0.08780667,0.11341225,-1.9285364,-0.08202434,0.019461468,-2.3575444,-0.17694157,0.29644415,-0.9012777,0.10996285,0.22677909,-0.83906394,-0.100495465,0.2299007,-0.671385,-0.1302013,0.14242017,-0.47997546,-0.14441165,0.50693274,-0.8103079,-0.002993475,0.34337977,-0.7369502,-0.04686568,0.31993437,-0.5436361,-0.14414202,0.28788307,-0.56957954,-0.08973416,U,Right,0.96,aug_U_024.jpg
0.0,0.0,0.0,-0.14875382,-0.3181205,-0.122679554,-0.34283802,-0.53941965,0.05012466,-0.09066057,-0.656585,-0.2031209,0.037724797,-0.7127297,-0.017331887,-0.22549827,-0.9884943,0.051194243,-0.10262444,-1.3259834,-0.06929578,-0.19284724,-1.5669416,-0.1250792,-0.23988558,-2.0191748,-0.11589626,0.0673804,-0.9969399,0.039632645,0.0038492403,-1.3972378,-0.14816795,0.0666095,-1.8034813,-0.11769479,-0.08436671,-2.1452906,-0.06796388,0.116785325,-0.8745747,-0.111368045,0.14593099,-0.71641517,-0.09813303,0.1924533,-0.65946174,-0.0051743123,0.1668089,-0.49890137,-0.04878674,0.43144056,-0.7861888,0.015643662,0.3052726,-0.6300845,-0.014129695,0.20442985,-0.54507643,-0.061258283,0.27476344,-0.44634107,-0.08062096,H,Right,0.96,aug_H_003.jpg
0.0,0.0,0.0,0.02658823,-0.27852097,-0.047651783,-0.21276347,-0.5538644,-0.093070544,-0.3783095,-0.9975907,-0.1328988,-0.45357046,-1.2180105,-0.11302065,0.0013525143,-0.95366913,0.005002801,-0.0020843593,-1.2939774,-0.046401694,-0.13444301,-1.6287858,-0.14643638,-0.13873816,-2.0339582,-0.22470744,0.13076517,-0.99114484,-0.023074025,0.13344201,-1.3996125,-0.03884158,0.11781768,-1.7285686,-0.03821944,0.13999854,-2.0833726,-0.14313455,0.29071844,-0.9195381,-0.07562178,0.22244711,-0.72536504,-0.13738354,0.25138938,-0.6146484,-0.16030002,0.24924664,-0.6023551,-0.15336187,0.46068695,-0.7657829,-0.10676985,0.47452217,-0.72826296,-0.09148856,0.37804252,-0.5209678,-0.04301686,0.2766558,-0.5202999,-0.13806535,3,Right,0.96,aug_3_032.jpg
0.0,0.0,0.0,-0.26478332,-0.29382268,0.18038338,-0.46188974,-0.6676432,0.030675804,-0.76433367,-0.898456,-0.14202377,-1.155207,-0.92094624,-0.1494828,-0.089532465,-1.049044,0.09970056,-0.3423684,-1.4901494,0.08861882,-0.34360805,-1.9501882,-0.06309034,-0.3841395,-2.330558,0.0059500784,-0.03264126,-0.99256635,0.11724599,0.06481273,-0.9465737,-0.0041907686,-0.06291086,-0.68879396,-0.15240505,0.10094892,-0.5783404,-0.0519828,0.084882274,-0.98492205,0.11644734,0.13120066,-0.8799181,-0.08294634,0.120511055,-0.6815665,-0.16584915,0.04074057,-0.5442091,-0.056871284,0.4111097,-0.78649896,0.074681096,0.32516637,-0.7012023,0.0138944965,0.35389128,-0.64036393,-0.11575735,0.26615453,-0.54512346,-0.16483791,G,Right,0.96,aug_G_005.jpg
0.0,0.0,0.0,-0.3706725,-0.3262126,-0.15089242,-0.5642001,-0.7287699,-0.2590309,-0.3658894,-1.0772818,-0.4021015,0.022627268,-1.266992,-0.51714736,-0.3205319,-1.0260521,0.05496791,-0.28451914,-1.3055903,-0.2517482,-0.29911757,-1.0256268,-0.44814613,-0.28706494,-0.7868654,-0.52034897,-0.0028749183,-0.9997473,0.022294706,0.11262227,-1.2860343,-0.28286976,0.024465095,-0.9301105,-0.38379952,-0.024106806,-0.6877762,-0.36570692,0.3131856,-0.9464927,-0.064126,0.4164404,-1.2333428,-0.37028345,0.26359612,-0.8870059,-0.3296226,0.17662948,-0.6327393,-0.19793324,0.61750436,-0.85550016,-0.16488035,0.65492487,-1.1489877,-0.31845242,0.5339387,-0.9423485,-0.23570366,0.4643863,-0.7535573,-0.11499082,S,Right,0.95,206.jpg
0.0,0.0,0.0,-0.29951796,-0.36248037,-0.09212089,-0.39893648,-0.60516524,-0.11420149,-0.6475036,-1.0239564,-0.13586737,-0.72531605,-1.301659,-0.16887069,-0.18971893,-1.0032362,-0.16859382,-0.23640522,-1.4390701,-0.10912232,-0.3738132,-1.86949,-0.1119227,-0.35196266,-2.1348221,-0.21245709,-0.03260577,-0.99376196,-0.10664924,-0.029015126,-1.5654913,-0.14732385,-0.05094307,-1.8891556,-0.19480477,0.033725724,-2.3553557,-0.22409976,0.12233978,-0.87606585,-0.06809472,0.1568714,-0.89946806,-0.15445404,0.14917685,-0.6793809,-0.15634245,0.02797014,-0.47232157,-0.089609556,0.30684692,-0.84319687,-9.516024e-05,0.36685255,-0.7572088,-0.19163632,0.22105883,-0.66639984,-0.26369202,0.13688979,-0.54502714,-0.21586582,3,Right,0.96,aug_3_013.jpg
0.0,0.0,0.0,-0.2934904,-0.32143742,-0.1782359,-0.5136267,-0.5449231,-0.09424644,-0.89856404,-0.7125865,-0.19557588,-1.0882446,-0.85455626,-0.13848238,-0.2872265,-1.0084083,-0.107099295,-0.3029978,-1.345689,-0.10601497,-0.42455962,-1.8395519,-0.15638109,-0.5096909,-2.0945706,-0.19677538,-0.14537202,-0.985655,-0.0857397,-0.15351804,-1.563476,-0.1450523,-0.1158756,-1.7807391,-0.23231916,-0.060315173,-2.334875,-0.30961066,0.048427407,-0.9392437,-0.17196496,0.21888103,-1.3735595,-0.014907008,0.05614927,-1.8122767,-0.11752435,0.0709924,-2.0329719,-0.31022146,0.24753757,-0.8246705,-0.100832395,0.26954716,-1.1512406,-0.10823709,0.35527724,-1.4620005,-0.1950583,0.317826,-1.783928,-0.24133258,HELLO,Right,0.96,aug_HELLO_017.jpg
0.0,0.0,0.0,-0.17855833,-0.3199757,-0.06795879,-0.34908217,-0.53742355,-0.18153436,-0.14054449,-0.6213725,-0.23228084,0.083553635,-0.6883872,-0.19268158,-0.14627577,-0.78747404,-0.015464324,-0.17948759,-1.3616501,-0.08851806,-0.29165703,-1.6155454,-0.094829835,-0.22347842,-2.103238,-0.21053953,0.05802469,-0.99827373,-0.0090868175,0.049516235,-1.3971369,-0.1657179,-0.01474009,-1.6622266,-0.0568523,0.0021183863,-2.170738,-0.08929747,0.20409042,-0.88789624,-0.032789506,0.21991266,-1.3003293,-0.07515278,0.26133937,-1.6240946,-0.0737797,0.11488785,-1.7939488,-0.17533192,0.3875895,-0.70211023,-0.09246647,0.37346047,-1.1948665,-0.05773755,0.42788866,-1.4054903,-0.09709534,0.41989222,-1.6631744,-0.12901658,4,Right,0.96,aug_4_026.jpg
0.0,0.0,0.0,-0.12789728,-0.2950207,-0.047366884,-0.32478878,-0.57047075,-0.11336326,-0.6435564,-0.73636943,-0.07327923,-0.97117555,-0.94364244,-0.23216873,-0.24920568,-0.98670834,-0.024588691,-0.23248342,-1.4702893,0.005265281,-0.17144093,-1.9134969,-0.10513334,-0.31078067,-2.196127,-0.06974805,0.1502297,-0.9883814,-0.023092244,0.0026849164,-1.2718071,-0.21442303,0.023044003,-1.6719779,-0.3438796,-0.021722263,-1.6128607,-0.43895057,0.25698483,-0.9512011,-0.00044347107,0.16786505,-0.7542329,-0.13892864,0.22047043,-0.5904986,-0.0804286,0.19319293,-0.5058959,-0.12975842,0.4334542,-0.7646177,-0.10198735,0.4046762,-0.65735,-0.01652383,0.38032395,-0.53929204,-0.17591585,0.2066076,-0.34638104,-0.23166175,K,Right,0.96,aug_K_002.jpg
0.0,0.0,0.0,-0.2551311,-0.17032634,-0.03813592,-0.41371047,-0.4758494,-0.079525486,-0.48062018,-0.7428249,-0.115882464,-0.49793753,-0.9590996,-0.15674989,-0.3591671,-0.8893269,-0.116341844,-0.40114084,-1.3810872,-0.18034619,-0.42199427,-1.7051033,-0.21946584,-0.43040186,-1.9528291,-0.2456708,-0.17333384,-0.9745392,-0.142228,-0.20891511,-1.5064571,-0.20874998,-0.23557398,-1.867183,-0.26622617,-0.25202036,-2.1537988,-0.30541775,0.027051175,-0.97869617,-0.16523415,0.007820805,-1.4830447,-0.23135175,-0.011540482,-1.817407,-0.2707176,-0.024764255,-2.0843945,-0.29433805,0.23180911,-0.909778,-0.18620802,0.23332737,-1.3166972,-0.23444329,0.22460589,-1.5892395,-0.24571854,0.21243455,-1.8246628,-0.2485221,HELLO,Right,0.95,HELLO_005.jpg
0.0,0.0,0.0,-0.24505197,-0.25170925,-0.05136032,-0.4236379,-0.5478251,-0.113827504,-0.48343578,-0.8155273,-0.17166391,-0.39724588,-0.8275347,-0.20225704,-0.23501536,-0.9761502,-0.020675533,-0.21989289,-1.3456702,-0.0833999,-0.3711487,-1.5318378,-0.27222896,-0.51688224,-1.4107194,-0.2600941,-0.037481397,-0.9992835,-0.0052666045,-0.07311379,-1.3045355,-0.08932656,-0.18383539,-1.5598178,-0.14551204,-0.26654446,-1.4117755,-0.26117158,0.07463122,-0.8148937,0.008734699,0.18232158,-1.2425736,-0.09889135,0.030893898,-1.4881573,-0.18791069,-0.003403214,-1.2982532,-0.2327943,0.20749788,-0.8095633,0.050876826,0.17525828,-1.1413187,-0.12854432,0.2776049,-1.3508437,-0.24353968,0.11042694,-1.2699604,-0.22225319,O,Right,0.96,aug_O_014.jpg
0.0,0.0,0.0,-0.08074822,-0.34500936,-0.1033276,-0.28381592,-0.5873233,-0.047189698,-0.32715154,-0.70145285,-0.17597418,-0.19079828,-0.76706344,-0.165945,-0.05546315,-0.9044283,-0.111807525,-0.18474898,-1.2975696,-0.0801116,-0.15342382,-1.5595102,-0.08474697,-0.15411116,-1.9563044,-0.1985929,0.06316144,-0.997373,0.035465263,0.10396733,-1.2543243,-0.100305565,-0.071318775,-1.4515109,-0.3029866,-0.05466782,-1.3745347,-0.24819203,0.23727408,-0.8137762,-0.068452,0.26040965,-1.191384,-0.23842788,0.14201842,-1.4068377,-0.1864298,0.12834066,-1.3355271,-0.28677523,0.4837167,-0.75286984,-0.055243585,0.4103042,-1.0822885,-0.18170555,0.37073758,-1.3352731,-0.20533359,0.2745484,-1.1760026,-0.3165462,D,Right,0.96,aug_D_024.jpg
0.0,0.0,0.0,0.3159091,-0.22258745,-0.25078475,0.68248445,-0.2796389,-0.395867,0.9522485,-0.12426073,-0.51720583,1.0683931,0.1655116,-0.5984908,0.7388948,0.47003204,-0.22676708,1.010388,0.3236821,-0.42727676,0.81104076,0.09826616,-0.52984005,0.6113589,0.03679467,-0.57503504,0.6309831,0.75528955,-0.17719509,0.90392995,0.62195665,-0.42192784,0.7003133,0.29646653,-0.508521,0.5326084,0.14844288,-0.5231408,0.5159969,1.0008979,-0.15555319,0.78413266,0.93362176,-0.35560206,0.6196506,0.6504857,-0.3606302,0.4660735,0.46981305,-0.31681648,0.3856727,1.1963319,-0.15826248,0.5801821,1.2348583,-0.2972643,0.491194,1.0807848,-0.30972886,0.38015053,0.98123485,-0.27908254,S,Right,0.95,382.jpg
0.0,0.0,0.0,-0.18265367,-0.19873363,0.00792537,-0.3322384,-0.64990234,-0.07011276,-0.43979418,-0.6798445,-0.16372362,-0.25737426,-0.91434634,-0.18252198,-0.17771901,-1.0244331,-0.00878484,-0.24893664,-1.3163655,-0.07338784,-0.24352673,-1.8193834,-0.08346327,-0.32992017,-2.154958,0.011829695,-0.011468729,-0.9990298,0.042519227,-0.033886276,-1.3259366,-0.11369256,-0.024173642,-1.4487591,-0.27474377,-0.044364944,-1.4122515,-0.22718425,0.20613009,-0.7960777,-0.023498598,0.21455643,-1.1871631,-0.17145008,0.19672267,-1.4837816,-0.2980061,-0.025773907,-1.3526278,-0.22278501,0.25545797,-0.751663,0.041999742,0.29873016,-1.2018982,-0.11034074,0.36858797,-1.3060838,-0.26297095,0.18865533,-1.168406,-0.31709674,D,Right,0.96,aug_D_015.jpg
0.0,0.0,0.0,-0.047859628,-0.24402457,0.037213262,-0.15987074,-0.5249233,0.012659585,-0.46424896,-1.1589159,-0.22445735,-0.624425,-1.4011953,-0.053232934,0.015964366,-0.9725291,-0.031451635,-0.12280616,-0.7397151,-0.09072155,-0.06186657,-0.644544,-0.16279678,0.13296874,-0.48109394,-0.14572461,0.047491413,-0.99887025,0.0016762301,0.15822569,-0.8283382,-0.1182574,0.13021953,-0.6820458,-0.13768183,0.20264313,-0.4396821,-0.16369525,0.3096016,-0.894507,0.020913044,0.27312008,-0.81529266,-0.1498618,0.22059807,-0.64639825,-0.12702762,0.12430622,-0.4484629,-0.20886123,0.47629702,-0.7976464,0.021578388,0.55557895,-0.7127286,-0.035011355,0.39555225,-0.46217984,-0.15082751,0.2836911,-0.484105,-0.14610167,A,Right,0.96,aug_A_005.jpg
0.0,0.0,0.0,-0.08633799,-0.2633854,-0.087157436,-0.24230547,-0.58562136,-0.13007498,-0.05124554,-0.68938506,-0.24955033,-0.008184582,-0.77191454,-0.18683055,-0.16090745,-0.9444894,-0.043329637,-0.14362328,-0.778219,-0.14862128,-0.03864386,-0.7026214,-0.12236316,0.025761005,-0.5262577,-0.1433237,-0.021194177,-0.9985609,0.049265023,0.064131305,-0.78661245,-0.20785312,-0.008691946,-0.5552709,-0.13251834,0.05354883,-0.50896275,-0.18341292,0.20915617,-0.9663367,-0.10847275,0.11464939,-0.75644046,-0.18954471,0.15751533,-0.69115686,-0.19568326,0.17437787,-0.51558715,-0.1978695,0.36761463,-0.8390484,-0.009659129,0.37194696,-0.6502476,-0.004254741,0.17911798,-0.5525547,-0.21972695,0.22544003,-0.4759388,-0.0396089,N,Right,0.96,aug_N_034.jpg
0.0,0.0,0.0,-0.12748171,-0.35721427,-0.09047245,-0.2557821,-0.6890688,-0.118026316,-0.13670334,-0.7351474,-0.19471648,-0.014287153,-0.86317676,-0.10734274,-0.16841945,-1.0101337,-0.12488623,-0.2920706,-1.484841,-0.067073196,-0.25201267,-1.7170973,-0.0841535,-0.2750503,-2.0160475,-0.10345586,0.045904897,-0.9989438,0.0020178454,-0.025382891,-1.5001172,0.010731874,-0.033012185,-1.8686061,-0.14115569,-0.032605615,-2.2505004,-0.15307845,0.1838967,-0.87704194,0.07842655,0.10700022,-0.7977168,-0.218009,0.058886398,-0.67173374,-0.14155553,0.10837418,-0.5018045,-0.1002156,0.4319718,-0.80697733,-0.07728228,0.3338593,-0.6588873,-0.11522834,0.2470425,-0.60358536,-0.16789497,0.24890316,-0.5253421,-0.20740376,H,Right,0.96,aug_H_014.jpg
0.0,0.0,0.0,-0.17171852,-0.20430927,-0.04995171,-0.27114224,-0.56865656,0.00095415453,-0.12867007,-0.5807386,-0.110334456,-0.13301288,-0.56451523,-0.079563275,-0.30139878,-0.8013111,0.006562227,-0.24365081,-0.7818481,-0.072486505,-0.1462042,-0.6086465,-0.11701702,0.0267553,-0.43241626,-0.074446,-0.10894274,-0.99099666,0.07782742,-0.00040641235,-0.6657642,-0.085220255,0.0034148155,-0.71323377,-0.09601208,-0.00782241,-0.49152493,-0.06987946,0.09985978,-0.8414782,-0.009675123,0.14697269,-0.7335516,-0.11046193,0.023140848,-0.6022421,-0.11359339,0.056782447,-0.49482575,-0.10455938,0.30933625,-0.7578455,0.006662995,0.23163363,-0.6220932,-0.10809173,0.18674378,-0.4973127,-0.02883749,0.1535791,-0.34628928,-0.05168577,M,Right,0.96,aug_M_032.jpg
0.0,0.0,0.0,-0.16249043,-0.18766055,-0.06497968,-0.41205987,-0.5755005,-0.07785416,-0.16802233,-0.7334637,-0.20434466,-0.053815328,-0.6928436,-0.16600926,-0.12484796,-0.8547881,-0.020679662,-0.38739765,-1.4112829,-0.068410106,-0.50606453,-1.8631283,-0.008430372,-0.7082755,-2.2089496,-0.16020906,-0.05513787,-0.9943485,-0.090723746,-0.090457246,-1.542328,0.0029962217,-0.00934545,-1.7942257,-0.17097445,-0.036879398,-2.1731107,-0.19584015,0.17381242,-0.86373806,-0.013160927,0.29439437,-1.4575627,-0.030226229,0.48522818,-1.7530216,-0.14873664,0.7180524,-2.0305302,-0.20399208,0.4521828,-0.74050033,-0.088475406,0.2947593,-0.5509328,-0.10790123,0.22571994,-0.45427346,-0.12679033,0.20918654,-0.3935244,-0.107621156,W,Right,0.96,aug_W_033.jpg
0.0,0.0,0.0,-0.073448494,-0.23829621,-0.07969109,-0.2901596,-0.5267734,-0.19323897,-0.1662067,-0.6478888,-0.2014646,0.02270044,-0.7388442,-0.33494675,-0.17612606,-0.9618085,-0.07738516,-0.15528643,-0.7782989,-0.2965999,-0.028619055,-0.62423444,-0.3307554,-0.07779378,-0.54992294,-0.25174552,0.013403667,-0.98351526,-0.18032762,-0.030045038,-0.76136243,-0.17198713,-0.0019910885,-0.6110938,-0.30786988,0.07041049,-0.5179945,-0.30019656,0.14656787,-0.8310232,-0.2079521,0.1520639,-0.85648936,-0.2698157,0.092551395,-0.75823325,-0.2899986,0.097766966,-0.5697226,-0.2937587,0.35228068,-0.8552693,-0.1369634,0.35240287,-0.6629015,-0.20605978,0.2730656,-0.53541803,-0.21002996,0.36458614,-0.52127844,-0.30470264,M,Right,0.96,aug_M_005.jpg
0.0,0.0,0.0,-0.16035424,-0.26777744,-0.0027773972,-0.49274758,-0.6476674,-0.09295003,-0.6263436,-0.8265621,-0.05665483,-0.95816445,-0.9709364,-0.26751405,-0.18208072,-1.0115743,-0.08709572,-0.21267939,-0.8334315,-0.059462752,-0.15586428,-0.6985287,-0.24574514,-0.043487374,-0.560412,-0.17473769,-0.033265997,-0.9994445,0.0020112651,-0.028436162,-0.8004684,-0.14516953,-0.06771174,-0.6399146,-0.2406491,-0.10558738,-0.50189376,-0.18117839,0.15356216,-0.9342031,-0.076428935,0.03204221,-0.89896464,-0.114120975,0.13647561,-0.67965245,-0.12742104,0.072052956,-0.51488954,-0.098312736,0.24515104,-0.8021409,-0.11802567,0.47028384,-1.1588221,-0.11939862,0.5659956,-1.4627655,-0.20547979,0.8204378,-1.7367712,-0.18758553,Y,Right,0.96,aug_Y_013.jpg
0.0,0.0,0.0,-0.22634661,-0.25223184,-0.085382245,-0.4346429,-0.57025963,-0.06986549,-0.6847165,-0.7444752,-0.18627056,-1.0198385,-0.78102016,-0.29343992,-0.16917251,-0.93739223,-0.044524983,-0.16577879,-1.4259208,-0.13389806,-0.25840902,-1.9390136,-0.2901851,-0.36019656,-2.2245207,-0.31574103,0.053880982,-0.9919026,-0.1150046,-0.061663512,-1.3786366,-0.39796928,-0.046693325,-1.6124597,-0.3287296,-0.22342074,-1.4591312,-0.45066506,0.155919,-0.8546546,0.01339022,0.15767564,-0.79906577,-0.18777953,0.20881173,-0.5722044,-0.08863172,0.065503,-0.44943026,-0.15742563,0.48035887,-0.8643334,-0.10283013,0.43225875,-0.489463,-0.15810473,0.27754286,-0.5701035,-0.118839025,0.29270926,-0.46480936,-0.25835726,P,Right,0.96,aug_P_010.jpg
0.0,0.0,0.0,-0.25639555,-0.2833459,-0.10383026,-0.34079215,-0.57574606,-0.13364615,-0.6210833,-0.84325224,-0.12251558,-0.79775864,-0.89314985,-0.2665086,-0.13416679,-0.91061705,-0.08672241,-0.14673224,-1.3455862,-0.111555904,-0.15831368,-1.7075998,-0.2452105,-0.28096762,-2.040493,-0.27915612,0.04627623,-0.9834128,-0.17537896,0.09193793,-0.8547428,-0.1981713,0.062070005,-0.6329599,-0.15497383,-0.092139095,-0.5447412,-0.2023003,0.2445231,-0.9428461,-0.10223839,0.14601305,-0.74000263,-0.22254583,0.1791541,-0.68326443,-0.19037092,0.08835528,-0.5170277,-0.19843598,0.4079812,-0.7892571,-0.10034816,0.35650736,-0.62610507,-0.18732227,0.296763,-0.613961,-0.17442328,0.26684728,-0.50303876,-0.15403698,G,Right,0.96,aug_G_015.jpg
0.0,0.0,0.0,-0.11243842,-0.3291857,-0.013686291,-0.43303323,-0.5350706,-0.11146843,-0.75811833,-0.8216043,-0.17835256,-0.9348887,-0.849666,-0.21944411,-0.24613369,-0.8576465,-0.011782202,-0.28722095,-1.4159395,-0.12700585,-0.3621824,-1.825367,-0.22700141,-0.36378416,-2.2017088,-0.22713482,0.039426863,-0.99486965,-0.09316641,0.006596467,-1.456134,-0.15031582,-0.084750295,-1.9616061,-0.12949255,0.07173335,-2.2723308,-0.12530279,0.05187472,-0.97092736,-0.11987515,0.2523013,-1.4006205,-0.27139893,0.2635229,-1.6963664,-0.038361024,0.23033623,-2.0525618,-0.26070708,0.26902768,-0.7154981,-0.026958732,0.47684303,-1.2177374,0.028273262,0.47113615,-1.5710759,-0.16825022,0.36415267,-1.9071622,-0.21861707,HELLO,Right,0.96,aug_HELLO_020.jpg
0.0,0.0,0.0,-0.16317356,-0.29600877,-0.12878962,-0.38760394,-0.71215236,-0.114899725,-0.49208218,-0.6718999,-0.3171842,-0.33419734,-0.7686453,-0.21813759,-0.14593895,-0.9259548,-0.16414721,-0.23520845,-1.283466,-0.26800412,-0.34139848,-1.6885693,-0.31799245,-0.44849566,-1.3199283,-0.37772977,-0.032891605,-0.993811,-0.10610291,0.020543456,-1.5941775,-0.0576847,-0.019102521,-1.7769252,-0.3132856,-0.15046729,-2.2696679,-0.18216665,0.13209027,-0.86757255,-0.02094331,0.24340169,-1.345159,-0.11409043,0.17400116,-1.7149923,-0.21992384,0.16479327,-2.000203,-0.2346614,0.30281267,-0.7394031,-0.05353104,0.3762663,-1.1782066,-0.09673237,0.485591,-1.4753227,-0.22901635,0.42108926,-1.8243625,-0.26663658,F,Right,0.96,aug_F_018.jpg
0.0,0.0,0.0,-0.35497963,-0.17705648,-0.006386819,-0.41932485,-0.6068606,-0.057855923,-0.7434442,-0.8629329,-0.096482866,-0.9355819,-0.7762801,-0.25101906,-0.34247157,-0.91447103,-0.021245364,-0.33494598,-1.4234653,-0.054769725,-0.34755832,-1.6617013,-0.13727179,-0.38255945,-2.055105,-0.20187661,-0.08612375,-0.9960168,-0.023091905,0.0051506986,-0.785542,-0.038281325,-0.041445233,-0.56662226,-0.14765671,-0.009423977,-0.4710051,-0.15301709,0.17273471,-0.8682291,-0.048697382,0.031109126,-0.74056154,-0.15682526,0.023782741,-0.58380216,-0.16500069,0.05046929,-0.48993856,-0.21513791,0.3405956,-0.74675024,-0.0048569967,0.21130241,-0.6048485,-0.0978664,0.06414893,-0.444806,-0.11293264,0.14479634,-0.3836058,-0.22759263,L,Right,0.96,aug_L_005.jpg
0.0,0.0,0.0,-0.20276645,-0.46987107,-0.10377089,-0.4396087,-0.6881522,-0.06718325,-0.16748133,-0.7423426,-0.13951093,-0.058461733,-0.80978644,-0.11922281,-0.21057329,-1.1695762,0.05386806,-0.22861336,-1.6006732,-0.037756324,-0.3554341,-1.5413322,-0.22849503,-0.4343845,-1.5274466,-0.3375013,0.0064157676,-0.997905,-0.064376734,0.033216648,-1.5314221,-0.16483772,0.06784458,-1.6972303,-0.20758428,-0.13497995,-1.4321464,-0.35114813,0.10251616,-0.92170936,-0.03502185,0.21547751,-1.2984866,-0.13124737,0.27152702,-1.6247627,-0.2901238,-0.083371446,-1.4734943,-0.4242055,0.39986655,-0.79263,-0.014326072,0.39222813,-1.2493209,-0.117282115,0.4000098,-1.538959,-0.37772807,0.30626616,-1.4094908,-0.3471179,E,Right,0.96,aug_E_016.jpg
0.0,0.0,0.0,-0.33520487,-0.43222702,0.033758216,-0.38140404,-0.6509647,-0.10170255,-0.47875082,-0.8680036,-0.060803663,-0.36289325,-0.99325603,-0.17346922,-0.30347875,-1.089612,0.009930921,-0.37257236,-1.4568229,-0.14416528,-0.40923503,-1.5569955,-0.27919003,-0.51680756,-1.5871888,-0.2808866,-0.08322923,-0.99649256,0.0086847525,-0.06395785,-1.607056,-0.101941966,-0.051996727,-1.9368308,-0.046854533,-0.009843938,-2.3608544,-0.16572201,0.05758798,-0.9757733,0.019147592,0.11728288,-1.449327,-0.14342709,0.116208196,-1.762501,-0.1382215,0.083816655,-2.1058953,-0.17368948,0.3466528,-0.8399333,-0.087972395,0.38388416,-1.2989267,-0.1507438,0.31944573,-1.6004483,-0.2290788,0.2816269,-1.8450851,-0.18028726,F,Right,0.96,aug_F_021.jpg
0.0,0.0,0.0,-0.06723595,-0.17170757,-0.10663091,-0.32672876,-0.5102619,-0.067135535,-0.42784974,-1.0676484,-0.07237767,-0.71194285,-1.3024184,-0.21137983,-0.16886407,-1.0242642,-0.16168335,-0.159843,-1.4883887,-0.173954,-0.22415714,-1.9159176,-0.11463623,-0.39039478,-2.141505,-0.20240948,0.09214734,-0.9947267,0.045029733,0.074467,-1.4382586,-0.1514046,0.06921625,-1.7774564,-0.17050375,0.07314375,-2.2207322,-0.24402122,0.12697059,-0.8868068,-0.011528193,0.12569453,-0.7266436,-0.120241985,0.075026974,-0.67754495,-0.22498608,0.14429499,-0.5295531,-0.24703108,0.52077174,-0.76938367,-0.10405025,0.38086668,-0.64237374,-0.1546052,0.32603145,-0.57022864,-0.2396197,0.25869337,-0.424306,-0.2578662,3,Right,0.96,aug_3_034.jpg
0.0,0.0,0.0,-0.09666062,-0.21691658,-0.124328986,-0.31836304,-0.63033235,-0.13289434,-0.25030398,-0.78972,-0.21649274,-0.06436509,-0.69397134,-0.22985788,-0.17517617,-0.8936024,-0.16045052,-0.40906566,-1.4035304,-0.108788736,-0.48969126,-1.768501,-0.16497336,-0.7110942,-2.243582,-0.29352587,-0.021534922,-0.99817985,-0.05633031,0.071238406,-1.5704545,-0.13809133,0.404678,-1.9034683,-0.10728519,0.5627297,-2.2588809,-0.25121757,0.19285654,-0.91177094,-0.1269092,0.085462734,-0.7640099,-0.12016668,0.10346113,-0.65809834,-0.17898723,0.06687531,-0.5365185,-0.25526127,0.3025464,-0.64534944,-0.09140149,0.37241602,-0.60883075,-0.17999889,0.27439582,-0.55963284,-0.30115715,0.12689479,-0.47323245,-0.23756228,V,Right,0.96,aug_V_032.jpg
0.0,0.0,0.0,-0.15813868,-0.2947413,0.0401638,-0.35023773,-0.45322597,-0.1563809,-0.26973498,-0.62886614,-0.17585541,-0.0551071,-0.7599519,-0.1965833,-0.19596298,-0.9827345,-0.071712665,-0.23134837,-1.3131175,-0.10927863,-0.33818,-1.7018744,-0.149211,-0.41749406,-2.0849762,-0.2136414,-0.029689627,-0.99643034,-0.079025924,-0.040546473,-1.4093103,-0.08920047,0.11026356,-1.8632628,-0.089966305,-0.035032447,-2.2673905,-0.20244424,0.06550226,-0.8649032,-0.0661301,0.0652362,-0.7930106,-0.08440354,0.09306957,-0.5933324,-0.17303179,0.063111566,-0.48930135,-0.102012075,0.4406972,-0.6601598,-0.04883876,0.27558127,-0.590688,-0.17839055,0.32455072,-0.474224,-0.19721796,0.2047457,-0.39465597,-0.20504646,H,Right,0.96,aug_H_034.jpg
0.0,0.0,0.0,-0.13454595,-0.21090834,-0.09555777,-0.4580616,-0.4106327,-0.19601157,-0.5520595,-0.9866218,-0.08967147,-0.81881016,-1.1852392,-0.1988945,-0.21854365,-0.9262141,-0.08794467,-0.22665326,-0.73342735,-0.24056396,-0.20192161,-0.5090613,-0.19700408,-0.14679353,-0.5237961,-0.25594905,0.029053532,-0.99950963,-0.011677266,-0.07808883,-0.7795057,-0.15034837,-0.06570504,-0.58647805,-0.30757186,-0.029395616,-0.42990598,-0.237646,0.16902618,-0.8552443,-0.04502469,0.038495943,-0.72195566,-0.24059395,0.077547595,-0.59088963,-0.18069436,0.0004029541,-0.46971962,-0.14869423,0.28588104,-0.84471506,-0.026687317,0.24243645,-0.67105705,-0.13944755,0.25259715,-0.44393313,-0.20526949,0.206618,-0.5011304,-0.1577741,A,Right,0.96,aug_A_016.jpg
0.0,0.0,0.0,-0.20283927,-0.3157727,-0.037534352,-0.38660768,-0.61387974,0.02864849,-0.41529885,-0.789304,-0.18479845,-0.41760844,-0.9535365,-0.2599645,-0.16688183,-0.91448003,-0.026420193,-0.30230185,-1.4080753,-0.17370382,-0.24171607,-1.7468578,-0.30200177,-0.36707956,-1.5839752,-0.25964487,-0.015673479,-0.99985677,-0.006388378,0.013584177,-0.8317304,-0.098882005,-0.04869659,-0.70365185,-0.2423419,-0.02718624,-0.6526199,-0.012916005,0.21415739,-0.9319631,-0.0518806,0.19787812,-0.7733916,-0.045816585,0.16268487,-0.614767,-0.18335642,0.14089823,-0.5260812,-0.21619046,0.3026697,-0.83545953,-0.020642169,0.34472337,-0.6609828,-0.020361647,0.35013402,-0.543112,-0.15282314,0.2741114,-0.45580533,-0.14009564,Q,Right,0.96,aug_Q_035.jpg
0.0,0.0,0.0,-0.24480213,-0.23212905,-0.13575278,-0.31937087,-0.7050806,-0.15367982,-0.20686191,-0.66773397,-0.2926613,0.031806808,-0.68345296,-0.09335022,-0.16236393,-0.9823956,-0.118432544,-0.26573682,-1.2686262,-0.10334057,-0.28277963,-1.6632969,-0.21143973,-0.30310634,-2.0612316,-0.14334215,0.02173321,-0.9906193,-0.13491131,-0.053161692,-0.76685417,-0.051896386,-0.08793863,-0.7033059,-0.27711445,-0.06384604,-0.45300016,-0.12437848,0.0429985,-0.9631284,-0.13539304,0.06295638,-0.77906793,-0.17089932,0.1359655,-0.7370163,-0.2214452,0.13698295,-0.42885095,-0.10595802,0.34979418,-0.80193734,-0.05257531,0.41855672,-0.70727664,-0.05303468,0.11215165,-0.5168884,-0.15972993,0.21663497,-0.43583322,-0.16628571,1,Right,0.96,aug_1_022.jpg
0.0,0.0,0.0,-0.29333812,-0.2682123,0.03839631,-0.36943856,-0.5931323,-0.0406076,-0.58801854,-0.7044773,-0.2370059,-0.9218612,-0.8066514,-0.2961282,-0.18711585,-0.92762566,0.0020600066,-0.28051797,-1.3225632,-0.08866269,-0.28295568,-1.6554124,-0.19478549,-0.37478355,-2.01654,-0.12904923,-0.04102139,-0.9929398,-0.11130075,-0.032378074,-1.321788,-0.15324986,-0.11067948,-1.4349767,-0.31335926,-0.119408846,-1.3323559,-0.34058014,0.058926456,-0.77729094,-0.11043517,0.07674774,-0.73074895,-0.14867797,0.10083643,-0.66866696,-0.09340955,-0.0228738,-0.50197655,-0.26439106,0.3255885,-0.6525042,0.037192304,0.28781798,-0.6825589,-0.14909817,0.17162608,-0.59846926,-0.20643619,0.19182846,-0.49638328,-0.30713645,P,Right,0.96,aug_P_009.jpg
0.0,0.0,0.0,-0.19560444,-0.30228642,-0.011467674,-0.24218185,-0.55055344,-0.03643646,-0.49466997,-0.956511,-0.074688874,-0.58880764,-1.3068553,-0.14475197,-0.09094663,-0.8666739,0.048889056,-0.15408589,-1.3709261,-0.021000443,-0.25459418,-1.7213303,-0.0073465593,-0.22153392,-2.0317128,-0.08317262,0.11494677,-0.99315184,-0.020895027,0.022810347,-1.3817155,0.007534482,0.11990133,-1.7133701,-0.1647112,0.06456136,-2.1925266,-0.15038854,0.22598138,-0.8455593,-0.0441059,0.05926805,-0.7531556,0.04943913,0.16554098,-0.63463664,-0.035440944,0.1635267,-0.50091404,-0.10255637,0.39691868,-0.81928134,-0.066674024,0.437149,-0.66951376,-0.07794932,0.29639232,-0.5143929,0.0024492678,0.2854164,-0.4994926,-0.13138083,3,Right,0.96,aug_3_010.jpg
0.0,0.0,0.0,-0.25895306,-0.2220705,-0.06126612,-0.44740206,-0.5070283,-0.08527184,-0.31405336,-0.66904104,-0.1419937,-0.19739339,-0.72778606,-0.17782226,-0.33818498,-0.9039655,-0.01979986,-0.20196679,-1.4268206,-0.07616791,-0.4408356,-1.6486126,-0.027004663,-0.52161455,-2.139162,-0.16674423,-0.12669678,-0.9918401,0.014178539,-0.0076766596,-1.4323215,-0.027213732,-0.127516,-1.79342,-0.06543748,-0.13421655,-2.282822,-0.25686,0.0031109117,-0.89582044,-0.08876854,0.07714158,-0.74063116,-0.09236571,-0.03612506,-0.51927924,-0.14137854,0.0081654955,-0.3991386,-0.15093106,0.20851018,-0.69667876,-0.07297647,0.23037656,-0.68174845,-0.029186094,0.20942716,-0.4423576,-0.21122278,0.14208433,-0.3948503,-0.16258934,R,Right,0.96,aug_R_002.jpg
0.0,0.0,0.0,-0.26985437,-0.2655118,-0.029398283,-0.47384945,-0.632886,0.03008908,-0.6641471,-0.82473934,-0.07182878,-1.1059037,-0.95774215,-0.22819111,-0.20186052,-0.95898354,0.012462483,-0.2563318,-1.5058622,-0.09102563,-0.3283851,-1.852627,-0.11583584,-0.44570908,-2.1344008,-0.11381641,-0.001422489,-0.99617064,-0.08741972,-0.09832872,-1.4493417,-0.18132226,-0.058588665,-1.7280855,-0.29383332,-0.23465848,-1.5779935,-0.29637003,0.097610265,-0.8765277,-0.041199338,0.09578024,-0.7916704,-0.25984192,-0.011145005,-0.6353793,-0.14771986,0.018952096,-0.44081175,-0.13800932,0.39373615,-0.9370152,0.07222849,0.22377104,-0.70267105,-0.052759126,0.09161969,-0.5772455,-0.10984867,0.12912527,-0.41727465,-0.12861528,P,Right,0.96,aug_P_019.jpg
0.0,0.0,0.0,-0.079150155,-0.26890403,-0.0073540974,-0.2881474,-0.6427544,-0.15014745,-0.15483665,-0.6750995,-0.15833272,0.1268423,-0.6817034,-0.13896042,-0.03687128,-1.0630898,-0.06707689,-0.07397595,-1.4392747,-0.08910383,-0.13876022,-1.6954639,-0.1172893,-0.17696284,-2.0465748,-0.25233927,0.11397747,-0.9855901,-0.12498562,0.15820473,-1.4374819,-0.1636974,0.04687549,-1.8309453,-0.1645968,0.10313782,-2.2318952,-0.12103884,0.31019744,-0.8841785,-0.04927871,0.26247773,-0.8028598,-0.17269078,0.27528143,-0.6460992,-0.21287052,0.15157594,-0.57282275,-0.07573409,0.4263239,-0.7808813,-0.014973356,0.32230031,-0.64885235,-0.16677998,0.43439397,-0.59357715,-0.1256247,0.17290714,-0.55282545,-0.19308473,R,Right,0.96,aug_R_025.jpg
0.0,0.0,0.0,-0.20905258,-0.35514057,-0.03295461,-0.4304111,-0.5790978,-0.08859749,-0.6470032,-0.9499049,-0.16535214,-0.8236911,-1.2853318,-0.19734257,-0.21987918,-1.0595475,-0.050996024,-0.31880867,-1.236529,-0.19845955,-0.394744,-1.4995159,-0.26639432,-0.41644895,-1.4083648,-0.34346327,-0.0051110764,-0.99863076,-0.052061763,-0.14305994,-0.8976037,-0.20892005,-0.115286864,-0.58697337,-0.13970931,-0.17832507,-0.5400892,-0.16275936,0.08462435,-0.81839156,-0.03643517,0.03381976,-0.7767157,-0.15874091,0.0043131076,-0.59211165,-0.16048162,0.02813689,-0.50009453,-0.25031832,0.2858109,-0.7610114,0.031365763,0.15157263,-0.71946335,-0.23680237,0.16391759,-0.64382315,-0.13787365,0.1882529,-0.47809613,-0.2500899,T,Right,0.96,aug_T_029.jpg
0.0,0.0,0.0,-0.24450603,-0.27535737,-0.1256638,-0.41346112,-0.561316,-0.11284596,-0.4390171,-0.72725016,-0.2832551,-0.38707212,-0.8212778,-0.3731322,-0.2581783,-0.93707377,-0.060954697,-0.2620954,-1.2962698,-0.14991526,-0.3235662,-1.7201557,-0.26428267,-0.21666743,-1.9880637,-0.21531099,-0.10544426,-0.9802766,-0.1671504,-0.03061639,-1.3537855,-0.28193566,-0.12799266,-1.5357257,-0.330306,-0.1791777,-1.3122871,-0.3352035,0.09608056,-0.8524727,-0.15278639,0.11636617,-1.1930742,-0.21207264,0.062729895,-1.4938086,-0.3294547,0.029020062,-1.3386713,-0.3349186,0.34477755,-0.77290475,-0.057043493,0.37204581,-1.0228465,-0.15736635,0.22056432,-1.3004991,-0.28804094,0.16238433,-1.1943437,-0.47581068,D,Right,0.96,aug_D_027.jpg
0.0,0.0,0.0,-0.13556726,-0.3283723,-0.108143285,-0.2891489,-0.5552351,-0.082278974,-0.15609281,-0.64561754,-0.2411782,0.053105388,-0.7159487,-0.18289998,-0.18800592,-1.0397353,-0.023022015,-0.38349217,-1.3272358,-0.13434859,-0.5172827,-1.7271992,-0.17712928,-0.6779084,-2.1475363,-0.22860096,0.05796585,-0.99803776,-0.023677517,0.15763497,-1.3697333,-0.12062583,0.2808304,-1.7572705,-0.10866944,0.4451526,-2.1006136,-0.18940625,0.22168618,-0.875341,-0.058351535,0.14121486,-0.6681848,-0.16523325,0.17617595,-0.66584134,-0.17444004,0.04293172,-0.5186739,-0.21052298,0.36725953,-0.7747161,-0.025269285,0.2644424,-0.6669049,-0.062196374,0.21189508,-0.5780423,-0.18892755,0.20662893,-0.42749208,-0.17448223,V,Right,0.96,aug_V_005.jpg
0.0,0.0,0.0,-0.27091706,-0.23116887,-0.1905603,-0.3529929,-0.5793774,-0.20862871,-0.6767922,-0.7527807,-0.19684605,-1.0754936,-0.9822901,-0.26934478,-0.2104149,-0.9124082,-0.1344195,-0.22846505,-1.5297905,-0.06820702,-0.29862323,-1.7833029,-0.2757598,-0.31968734,-2.2889102,-0.24922688,-0.018126277,-0.995863,-0.08904065,-0.069261864,-1.5722467,-0.15169294,0.12504275,-1.9292803,-0.19250049,-0.0036002914,-2.2454443,-0.37752548,0.20261456,-0.99516666,-0.27598226,0.26306108,-1.378337,-0.19498794,0.23951316,-1.5946406,-0.24204624,0.27546737,-2.1535614,-0.25837606,0.37765145,-0.7784457,-0.023649978,0.5088356,-1.1840428,-0.312791,0.46771663,-1.3746308,-0.24044119,0.55313444,-1.7884936,-0.26282534,5,Right,0.96,aug_5_026.jpg
0.0,0.0,0.0,0.43355435,-0.03410542,-0.050340228,0.89281946,-0.2065241,-0.07324038,1.3031763,-0.2831387,-0.1272165,1.6609585,-0.34644902,-0.17165604,0.62253064,-0.7211297,0.23039865,1.0328312,-0.8265104,0.11313653,1.4063613,-0.8489061,-0.029890526,1.681514,-0.8497691,-0.120004505,0.540974,-0.8254747,0.1610549,1.0368901,-0.9502795,0.068302,1.419351,-0.98501706,-0.042214867,1.7463787,-0.9899458,-0.11167297,0.47199118,-0.89060295,0.049292132,0.97560334,-1.0445368,-0.047597773,1.3690155,-1.0858066,-0.09056346,1.6948944,-1.0897338,-0.10344487,0.41190374,-0.91152835,-0.08068729,0.86667836,-1.0803103,-0.14627603,1.1950778,-1.1327437,-0.13752906,1.4784092,-1.1387651,-0.11790539,C,Right,0.95,64.jpg
0.0,0.0,0.0,-0.2001332,-0.28630126,0.011270668,-0.29136428,-0.5314426,-0.08535512,-0.17090893,-0.67247003,-0.046074446,0.04840951,-0.7401858,-0.09337186,-0.13960202,-1.0399143,0.019403078,-0.14227037,-1.3708668,-0.12326491,-0.3297416,-1.7200112,-0.22208485,-0.39220858,-1.480611,-0.33387494,-0.040590953,-0.99212915,0.11845694,0.08536277,-1.4805286,-0.082903676,-0.074869245,-1.6700172,-0.2489429,-0.0914238,-1.4450792,-0.27506763,0.18943147,-0.91606015,0.040285274,0.25940877,-1.3844293,-0.12935483,0.08811983,-1.5476838,-0.23581901,0.052199524,-1.4502177,-0.35238934,0.26289636,-0.810059,-0.015315636,0.3418457,-1.1465751,-0.17830308,0.41194174,-1.3617094,-0.33181176,0.24546605,-1.3351914,-0.43167323,E,Right,0.96,aug_E_017.jpg
0.0,0.0,0.0,0.50970274,-0.05236739,0.09070092,0.9223497,-0.20556913,0.09937474,1.2872576,-0.25004053,0.04633737,1.616653,-0.27943262,-0.0058756177,0.521623,-0.80975795,0.28167063,1.0319673,-0.8602534,0.1861488,1.4396296,-0.84533507,0.054406624,1.737661,-0.81793594,-0.036509655,0.4532338,-0.8804766,0.13906853,1.0669005,-0.9297971,0.06294746,1.495628,-0.91829085,-0.0388104,1.8344363,-0.8917616,-0.11428973,0.43653932,-0.88722503,-0.027953533,1.0626304,-0.9629132,-0.103899956,1.4862041,-0.9534737,-0.148486,1.8049579,-0.92613995,-0.17580804,0.4742253,-0.83608985,-0.20159483,0.99859166,-0.96661633,-0.2622616,1.3510667,-0.9745336,-0.25912744,1.6339576,-0.94838923,-0.24944942,C,Right,0.95,286.jpg
0.0,0.0,0.0,0.005009052,-0.24555781,-0.11256168,-0.39648888,-0.6278885,-0.22822809,-0.51385385,-1.0162923,-0.25644422,-0.76959926,-1.284329,-0.3346096,-0.10357612,-0.8486459,-0.1899772,-0.29996553,-1.4315355,-0.1252742,-0.100718044,-1.8463619,-0.20363626,-0.27825397,-2.1485097,-0.13199425,-0.016845789,-0.99329555,-0.11436872,0.12426532,-1.5014533,-0.16849503,0.04373145,-1.8555189,-0.24941806,0.0989614,-2.2991548,-0.25557983,0.24518242,-0.85489786,-0.14266373,0.1047061,-0.71121895,-0.2800817,0.16571629,-0.676201,-0.20121574,0.039514624,-0.33642307,-0.21857046,0.44064307,-0.78299755,-0.12429698,0.41145614,-0.6539865,-0.20042539,0.34250894,-0.56364006,-0.284381,0.28157723,-0.40023413,-0.24378097,3,Right,0.96,aug_3_031.jpg
0.0,0.0,0.0,-0.12458418,-0.23525828,0.008745868,-0.3921151,-0.5202682,-0.077034585,-0.41539603,-0.67719764,-0.18129285,-0.31504297,-0.8447318,-0.16686378,-0.05417404,-0.97589004,0.039039094,-0.21499859,-1.3163711,-0.14211094,-0.32059917,-1.5680587,-0.14666396,-0.3848987,-1.3771179,-0.19701798,0.13904917,-0.98845696,-0.060150877,-0.023930486,-0.85565233,-0.13520011,-0.02549254,-0.60257417,-0.19909443,0.018044066,-0.46230265,-0.17649834,0.16709304,-0.86332804,0.05405839,0.24821964,-0.69243866,-0.12636505,0.14356764,-0.558773,-0.13968177,0.17224978,-0.3514958,-0.15956329,0.37362346,-0.77132726,-0.008000552,0.336731,-0.6038584,-0.07096983,0.39521956,-0.43024182,-0.301947,0.22971803,-0.40297654,-0.2220423,Q,Right,0.96,aug_Q_002.jpg
0.0,0.0,0.0,-0.14400779,-0.24316196,-0.050155845,-0.2555972,-0.52049214,-0.11037293,-0.6811617,-0.743248,-0.1819681,-0.92528194,-0.87811637,-0.26764214,-0.105593264,-0.94611025,-0.10404633,-0.2134594,-1.462983,-0.049615584,-0.19104731,-1.6720335,-0.06729188,-0.175191,-2.2218156,-0.1396209,0.076991014,-0.99180394,-0.10196692,0.06436798,-1.4699861,0.004315078,-0.0082224365,-1.7585235,-0.08715883,0.074104734,-2.3184597,-0.29497248,0.22071654,-0.91648906,-0.08409468,0.3171394,-1.3087974,-0.088533215,0.3322479,-1.7296304,-0.10777186,0.36609185,-2.0306761,-0.24195167,0.52189434,-0.69445044,-0.09213714,0.3985524,-1.1585654,-0.1642164,0.5938936,-1.4803216,-0.26637706,0.57009727,-1.7244442,-0.22770353,HELLO,Right,0.96,aug_HELLO_004.jpg
0.0,0.0,0.0,-0.21749969,-0.17843601,0.1020192,-0.44531143,-0.5464631,0.18606876,-0.29404,-0.8793821,-0.08176653,0.03472351,-0.87669355,-0.051045626,-0.26305372,-1.019694,-0.004168142,-0.3033658,-0.9533759,-0.009188869,-0.2288389,-0.65843225,-0.101369485,-0.21145236,-0.51393825,-0.08836963,0.03347819,-0.99938464,-0.010461945,-0.010866337,-1.0230863,0.0023216559,0.035650443,-0.84271824,-0.124470286,-0.08930068,-0.5401178,-0.13704541,0.17300719,-0.92673135,0.033753164,0.06166612,-0.8443427,-0.066875145,0.1181053,-0.7146757,-0.08049921,0.15235594,-0.5982086,-0.07498041,0.44470507,-0.8591483,0.13186114,0.43299067,-1.3723869,-0.07846433,0.53816485,-1.6238998,0.046995435,0.5310167,-2.0390046,-0.0730011,I,Right,0.96,aug_I_022.jpg
0.0,0.0,0.0,-0.2602217,-0.26734465,0.0047177165,-0.36332497,-0.6321054,-0.13639869,-0.6035613,-1.0825865,-0.27900037,-0.7893319,-1.4866047,-0.21933338,-0.25305256,-0.91104746,-0.10598906,-0.25401044,-1.3847675,-0.1534058,-0.39639193,-1.6864052,-0.26564685,-0.45119196,-1.4493841,-0.33455145,-0.055259243,-0.99847186,-0.0005332335,-0.080169745,-0.8662177,-0.19947717,-0.0039395457,-0.6471197,-0.10035297,0.005443875,-0.52397996,-0.03570573,0.1689886,-0.9196915,-0.14069118,0.14851773,-0.67742395,-0.116789445,0.14694652,-0.6111673,-0.078885876,0.09095285,-0.6218158,-0.16628203,0.37804008,-0.7729229,-0.048583586,0.2681557,-0.73916477,-0.14099409,0.24956888,-0.55007666,-0.1581199,0.17199439,-0.5536523,-0.15798648,T,Right,0.96,aug_T_004.jpg
0.0,0.0,0.0,-0.05358811,0.6114001,-0.16826868,-0.579244,1.0710711,-0.17795657,-1.1097393,1.1508281,-0.18505307,-1.4284214,1.1060966,-0.14426616,-0.94502664,0.7566032,0.035027273,-1.2887471,0.7082061,-0.19255106,-0.8943089,0.6432889,-0.26681954,-0.777259,0.6558296,-0.27669498,-0.935453,0.350695,0.044052683,-1.2201666,0.31796843,-0.19760908,-0.7457755,0.3106712,-0.20554547,-0.6912608,0.3608961,-0.14214474,-0.8944969,-0.015617667,-0.002576655,-1.150304,-0.056157224,-0.28253737,-0.6933871,-0.028568724,-0.18998317,-0.6024477,0.022327917,-0.048830356,-0.8525493,-0.38444507,-0.062124085,-1.0479672,-0.40658888,-0.21010315,-0.7210118,-0.3547843,-0.13206816,-0.60323584,-0.29621512,-0.031689063,A,Right,0.95,30.jpg
0.0,0.0,0.0,-0.14603391,-0.32767028,-0.033601556,-0.3936142,-0.63292915,-0.04026925,-0.16397151,-0.73093617,-0.116908886,0.03904748,-0.85835093,-0.15424785,-0.19080268,-1.0623069,-0.07002251,-0.2799609,-0.8437456,-0.078735165,-0.23432165,-0.6707721,-0.1815207,-0.08219994,-0.5385373,-0.11070788,0.020180827,-0.99857026,-0.049498282,-0.05483034,-0.9304899,-0.16214657,-0.03066142,-0.60701656,-0.093384095,-0.043672845,-0.64168656,-0.14140524,0.05799184,-0.92873985,-0.08813845,0.07518683,-0.8471787,-0.10130423,0.039661642,-0.77283543,-0.09590147,0.008976008,-0.5868732,-0.15544535,0.24654126,-0.8543944,0.053273506,0.24168433,-0.7577583,-0.19065452,0.16859159,-0.6570853,-0.16986997,0.22993094,-0.44871894,-0.16167398,M,Right,0.96,aug_M_025.jpg
0.0,0.0,0.0,-0.1559627,-0.2494706,-0.0009642522,-0.33758974,-0.6425167,-0.115274906,-0.21762617,-0.58991176,-0.14434208,0.09232932,-0.62972,-0.097427584,-0.1650985,-0.91477597,0.03579212,-0.2513773,-1.4116945,-0.07984111,-0.40143263,-1.7094588,-0.057763558,-0.32391885,-2.1226807,-0.15971917,-0.05341491,-0.9931917,0.1035227,-0.06281332,-1.6383381,-0.049093984,0.06674455,-1.9618709,-0.13273372,0.017467305,-2.1410959,-0.18941562,0.111231916,-0.8648888,0.094362676,0.20125867,-1.4418428,0.00444286,0.2707023,-1.6249391,-0.029755663,0.28265375,-2.06629,0.023561109,0.3540503,-0.7780452,0.1282644,0.34044352,-1.2676752,-0.013167834,0.46968725,-1.5038625,-0.010867549,0.41887906,-1.814455,-0.13347109,B,Right,0.96,aug_B_021.jpg
0.0,0.0,0.0,-0.25689036,-0.3313891,-0.038608994,-0.40786204,-0.591921,-0.091290385,-0.42377484,-0.6667159,-0.17712642,-0.28156996,-0.77106476,-0.23318131,-0.10880378,-0.97103465,-0.13145828,-0.16768357,-1.3016722,-0.3230896,-0.34544,-1.4195075,-0.28631923,-0.5095085,-1.367816,-0.32378495,-0.038830023,-0.9955289,-0.08610679,0.017183432,-1.339222,-0.17387465,-0.056701094,-1.5605284,-0.30974597,-0.14908513,-1.4834446,-0.20902343,0.12422292,-0.89047694,-0.011956166,0.14543723,-1.2429196,-0.25278854,0.11586539,-1.4691162,-0.1605398,0.011933249,-1.4280516,-0.26397777,0.27723488,-0.73267996,0.023232456,0.31363028,-1.1439561,-0.13316062,0.36107364,-1.3597977,-0.16363204,0.106714115,-1.2684611,-0.33915284,O,Right,0.96,aug_O_031.jpg
0.0,0.0,0.0,-0.1426378,-0.34170786,-0.024726255,-0.299276,-0.5626702,-0.11236091,-0.61996156,-0.7704728,-0.0966498,-0.8088317,-0.8899421,-0.17069823,-0.019314455,-0.9163414,0.046267997,-0.11593505,-1.3584408,-0.08615681,-0.059042417,-1.615144,-0.22074258,-0.29546776,-2.0429316,-0.07754038,0.089535624,-0.99510616,0.041798957,0.1325668,-1.3174016,-0.22280239,0.08870752,-1.5652957,-0.30416906,-0.041754514,-1.4130785,-0.36780846,0.26964694,-0.8663244,-0.05242156,0.104792766,-0.6891216,-0.24871294,0.22284943,-0.5010339,-0.147175,0.14917313,-0.5162492,-0.19969313,0.48030362,-0.715612,-0.064067125,0.4310036,-0.72806174,-0.18174069,0.30922693,-0.4757031,-0.18066654,0.4190789,-0.40506774,-0.23029038,K,Right,0.96,aug_K_021.jpg
0.0,0.0,0.0,-0.26911545,-0.22888362,-0.026467785,-0.34955397,-0.63780344,0.051025975,-0.16661172,-0.77105033,-0.12739559,0.08048678,-0.7886644,-0.19814946,-0.12273473,-1.0217463,-0.06940071,-0.39578745,-1.4105566,-0.0010666809,-0.50722474,-1.890328,-0.021418307,-0.67042327,-2.262241,-0.17323348,-0.016317932,-0.99845874,0.0530459,0.09846013,-1.419898,-0.031399503,0.38718042,-1.9463702,-0.058022857,0.44823128,-2.2792222,-0.08943993,0.22749084,-0.96480256,-0.07752664,0.17140874,-0.8100266,-0.09097686,0.103557914,-0.6549392,-0.114902206,0.16591269,-0.6256552,-0.18676072,0.4060462,-0.9083181,-0.017767169,0.46499515,-0.7125803,-0.031091595,0.19843504,-0.5229865,-0.13521612,0.260459,-0.43993968,-0.14269547,V,Right,0.96,aug_V_025.jpg
0.0,0.0,0.0,-0.16933164,-0.33733398,-0.11077515,-0.36638796,-0.63629425,-0.08094552,-0.18677212,-0.64797276,-0.24698597,0.08148812,-0.77067095,-0.17923716,-0.048221312,-0.8445135,-0.15494196,-0.1538372,-1.354882,-0.19476578,-0.26637986,-1.4750441,-0.36379862,-0.4360479,-1.4337552,-0.3114036,0.018092345,-0.98904395,-0.14650875,0.014116275,-0.8738858,-0.202775,-0.00091781485,-0.74786705,-0.18686359,-0.06733988,-0.56443167,-0.1761121,0.098305576,-0.9965572,-0.033940047,0.07811691,-0.748698,-0.14909856,0.06463106,-0.66201437,-0.19080964,0.01944845,-0.5404123,-0.1713315,0.34069192,-0.7903237,-0.09376696,0.3545287,-0.71807635,-0.20696098,0.24861139,-0.6654926,-0.36725184,0.17549953,-0.42353514,-0.16201375,X,Right,0.96,aug_X_016.jpg
0.0,0.0,0.0,-0.12595497,-0.16425492,0.01906107,-0.3742281,-0.53288347,-0.17071615,-0.17323653,-0.5760917,-0.18189977,0.09527406,-0.6294331,-0.21418653,-0.22595659,-0.83017063,-0.09011043,-0.1210592,-0.76614976,-0.10649875,-0.10355089,-0.51458293,-0.19378465,-0.12888168,-0.45408612,-0.28202382,0.018162623,-0.99763703,-0.06625986,-0.18329711,-0.700763,-0.22853258,-0.0421327,-0.49447957,-0.19728139,0.05320397,-0.4879769,-0.16327679,0.17762922,-0.8256882,-0.0029005185,0.079193585,-0.65117204,-0.14967482,0.12949291,-0.6250729,-0.22609562,0.053308632,-0.37188417,-0.20935701,0.325583,-0.77565575,-0.106344506,0.47103232,-1.0908033,-0.13549641,0.53965414,-1.4275758,-0.21289162,0.47109562,-1.6923218,-0.24529111,I,Right,0.96,aug_I_004.jpg
0.0,0.0,0.0,-0.07399123,-0.3156743,-0.23707002,-0.26632527,-0.6584631,-0.019749025,-0.108308285,-0.70830417,-0.205522,0.0067073232,-0.7745374,-0.16361171,-0.19526275,-0.9345693,-0.12565082,-0.06906733,-1.2542893,-0.27709603,-0.23335543,-1.4538027,-0.29899248,-0.28704137,-1.3553481,-0.28260404,0.09150986,-0.99250454,-0.080998644,0.017571729,-1.2426754,-0.059420604,0.013645274,-1.5139866,-0.23493287,-0.0022287653,-1.3862262,-0.37211215,0.32035303,-0.87613267,-0.0711575,0.19694561,-1.2301822,-0.29140764,0.22756171,-1.3875332,-0.2730718,0.06399744,-1.2919942,-0.28646332,0.35784346,-0.74244046,-0.05639473,0.38063198,-1.1791358,-0.21197316,0.3063256,-1.3417736,-0.25710663,0.32927832,-1.2185508,-0.30569774,E,Right,0.96,aug_E_018.jpg
0.0,0.0,0.0,-0.17707182,-0.19378424,-0.08429834,-0.31876665,-0.54210305,-0.06107776,-0.05456558,-0.66422355,-0.025419418,0.07459694,-0.77523535,-0.23326941,-0.109421834,-0.96122843,-0.024658907,-0.24652779,-1.3040302,-0.18578668,-0.24588132,-1.5150027,-0.18497133,-0.4406387,-1.326021,-0.29484674,-0.05191777,-0.99767286,-0.044199437,0.080940366,-0.7937987,-0.016337283,-0.0027162344,-0.6027896,-0.10110692,-0.053225216,-0.40933445,-0.2070123,0.18082535,-0.8630703,-0.081228934,0.29150593,-0.7303326,-0.11996115,0.116957456,-0.68011534,-0.11110409,0.08932512,-0.45608744,-0.22451462,0.41601622,-0.759193,-0.12660131,0.31203723,-0.6109962,-0.095799305,0.303438,-0.52047867,-0.17003752,0.20825054,-0.3667498,-0.17481892,X,Right,0.96,aug_X_028.jpg
0.0,0.0,0.0,-0.254685,-0.30429098,0.09875501,-0.3569888,-0.6114581,-0.044303145,-0.51204807,-1.0704397,-0.13160914,-0.7867626,-1.2045101,-0.13484748,-0.18288513,-0.9363673,-0.054879308,-0.19036362,-1.1846497,-0.16152312,-0.25957078,-1.5110042,-0.2582789,-0.3476222,-1.458123,-0.3379369,0.0987645,-0.99274975,0.06850938,-0.0018728034,-0.92874384,-0.04775782,0.024047181,-0.6552517,-0.070036806,0.0543304,-0.52219814,-0.07075369,0.194087,-0.8785721,-0.03445036,0.088961005,-0.6730539,-0.06360399,0.18826781,-0.6409515,-0.101649724,0.07476677,-0.44629648,-0.20343712,0.2863326,-0.80782527,0.004255263,0.19734761,-0.6352372,-0.051339164,0.17804137,-0.5480695,-0.029436702,0.20338517,-0.49120256,-0.14859273,T,Right,0.96,aug_T_024.jpg
0.0,0.0,0.0,-0.07564866,-0.2557963,-0.09841942,-0.2530326,-0.6600919,-0.04185546,-0.07010747,-0.67953706,-0.23848425,0.1609626,-0.7150291,-0.29475054,-0.06411119,-0.97493696,-0.088565074,-0.03461774,-1.4959562,-0.14148332,-0.19993125,-1.7341408,-0.21767141,-0.2978338,-2.1256917,-0.21464747,0.17138174,-0.9823685,-0.07470147,0.03753453,-0.91107255,-0.25779963,0.1078617,-0.70235527,-0.21688664,0.12466721,-0.42981327,-0.17584166,0.29880467,-1.0206584,-0.070999235,0.2975741,-0.78052646,-0.21870871,0.22975987,-0.66290087,-0.2291418,0.17187798,-0.6478417,-0.24854733,0.48814166,-0.75442666,-0.06830738,0.48679295,-0.7160015,-0.20953952,0.35923678,-0.550138,-0.22159493,0.30524492,-0.57115066,-0.25528377,Z,Right,0.96,aug_Z_020.jpg
0.0,0.0,0.0,-0.17852545,-0.16829847,-0.064695165,-0.4134519,-0.4905511,-0.1045995,-0.17168415,-0.5811492,-0.21787536,-0.04416145,-0.6209853,-0.33063805,-0.17116413,-0.8771065,-0.12309668,-0.1452906,-0.7422234,-0.23080082,-0.1342193,-0.5675346,-0.23984055,-0.08129118,-0.34643936,-0.29400507,-0.040598817,-0.993812,-0.103389174,-0.08023155,-0.66818094,-0.2334193,-0.0057294755,-0.5575088,-0.30798754,-0.08214391,-0.47384098,-0.26459056,0.09360493,-0.8383452,-0.025889685,0.055865783,-0.74360925,-0.20611805,0.08652667,-0.5843406,-0.29115424,0.09889364,-0.36921257,-0.22440602,0.42009562,-0.54239243,-0.005296343,0.21853569,-1.0815554,-0.26262927,0.26942772,-1.4208618,-0.29723978,0.29301542,-1.1955909,-0.30171415,J,Right,0.96,aug_J_012.jpg
0.0,0.0,0.0,-0.21029983,-0.19296296,0.043601114,-0.55066705,-0.59741056,0.022486946,-0.19493426,-0.65727097,-0.06305159,-0.06445699,-0.6010519,-0.13964315,-0.28491703,-0.9874286,0.10520646,-0.35563862,-1.4520059,0.032183196,-0.38511196,-1.8422508,-0.08876926,-0.4608436,-2.2580981,-0.17832187,-0.17109661,-0.9758602,0.13573103,-0.06992392,-1.600959,0.08286752,-0.110847354,-2.0448384,0.014661441,-0.041233514,-2.3506324,-0.20729356,0.07474856,-0.90663344,0.097667895,0.26051342,-1.3994039,0.032167815,0.18596654,-1.7159803,-0.0945098,0.23109153,-2.2231731,-0.046005458,0.2976534,-0.7119159,0.079244055,0.51561373,-1.2259094,0.047862902,0.41365984,-1.5780365,-0.021628493,0.36858666,-1.9978647,-0.042081505,B,Right,0.96,aug_B_005.jpg
0.0,0.0,0.0,-0.18258436,-0.23443104,0.08690634,-0.44794068,-0.4902978,-0.0694611,-0.7310275,-0.8231527,-0.07215678,-1.09471,-0.9032758,0.021452533,-0.17983,-1.0107697,0.16249306,-0.17018184,-1.472615,0.053926513,-0.20373824,-1.8528231,-0.004521964,-0.33379972,-2.24599,-0.049110886,0.04234733,-0.9984296,0.036672603,0.13665885,-1.546765,0.06727051,0.063543186,-2.0367475,0.035481036,0.018411856,-2.3347726,-0.06546066,0.23928145,-1.0357322,0.08461754,0.27780458,-1.2556088,-0.040619638,0.27850336,-1.7819812,0.01598649,0.30242816,-2.1259248,0.052011486,0.4694638,-0.720828,0.06264421,0.41051885,-1.1644926,0.013425559,0.45936754,-1.4108256,0.019550296,0.53552544,-1.7427548,-0.053809326,HELLO,Right,0.96,aug_HELLO_006.jpg
0.0,0.0,0.0,-0.20555343,-0.3192609,0.10086764,-0.3099587,-0.660743,0.1440497,-0.48237383,-0.71236795,-0.24268381,-0.3159642,-0.97581226,-0.15921253,-0.26917994,-0.9282908,0.023009824,-0.25390616,-1.2216564,-0.1605434,-0.37639865,-1.5335193,-0.23945093,-0.35295534,-1.4300383,-0.27606496,0.033834953,-0.9993684,0.010861569,-0.05555426,-0.8869811,-0.11493382,-0.10624249,-0.60888284,-0.077044874,-0.106921725,-0.5428892,-0.07166918,-0.02824731,-0.89492863,0.051845126,0.0033016682,-0.75300753,-0.068235844,0.13930544,-0.68688697,-0.08106516,-0.06571216,-0.53248835,-0.06988224,0.23052959,-0.72961223,0.059930287,0.22235173,-0.7158675,-0.22267032,0.14133272,-0.5229067,-0.12413637,0.15464693,-0.51783043,-0.1816183,Q,Right,0.96,aug_Q_023.jpg
0.0,0.0,0.0,-0.17274454,-0.2663129,0.02004531,-0.3054731,-0.59353817,-0.14874388,-0.46769565,-0.6613503,-0.23021178,-0.3380376,-0.8710066,-0.17117399,-0.15072714,-0.84376085,-0.07657904,-0.31051302,-1.2551469,-0.24213427,-0.37264547,-1.3628936,-0.26993343,-0.37360466,-1.2418255,-0.34877208,0.010522173,-0.99910885,-0.0408764,0.032779105,-0.82009834,-0.094414465,-0.008593132,-0.62283754,-0.23492876,-0.007760968,-0.45356593,-0.19157995,0.09584535,-0.8085563,0.0048785475,0.14990926,-0.6452525,-0.1670734,0.03362175,-0.58037746,-0.19577844,0.11066974,-0.52871406,-0.22331238,0.31097865,-0.71466964,-0.020144735,0.2619001,-0.73555654,0.034364387,0.22746591,-0.3769185,-0.18217975,0.13322714,-0.4524779,-0.12197277,Q,Right,0.96,aug_Q_007.jpg
0.0,0.0,0.0,-0.30013812,-0.2970901,-0.075987644,-0.35136926,-0.63221395,-0.110150695,-0.68975806,-0.69956666,-0.18591782,-0.94944966,-0.8391401,-0.20961356,-0.18565793,-0.914449,-0.103200965,-0.23192884,-1.3198136,-0.037060652,-0.26114902,-1.7083747,-0.12349527,-0.3138701,-2.1509879,-0.27543667,0.08294403,-0.994251,-0.06771335,-0.07093788,-1.2492409,-0.26051822,-0.05793142,-1.5594049,-0.2988371,-0.14410694,-1.3607079,-0.33613488,0.18049826,-0.82868934,-0.060601395,0.097887635,-0.7536002,-0.10510862,0.15816742,-0.56910807,-0.2791694,-0.023580803,-0.47064266,-0.26010805,0.33020464,-0.68115115,-0.015433414,0.36223367,-0.6697864,-0.16048294,0.22951488,-0.60072124,-0.23956224,0.27947137,-0.4274264,-0.18988074,P,Right,0.96,aug_P_011.jpg
0.0,0.0,0.0,-0.24154933,-0.3072043,-0.05816745,-0.18110065,-0.6465321,-0.12127992,-0.066887274,-0.7389492,-0.19283316,0.1100699,-0.80333215,-0.22879967,-0.0022540314,-0.9384658,-0.032837562,-0.09402384,-0.80971736,-0.055607606,-0.08973462,-0.640257,-0.17836034,-0.015430103,-0.51850337,-0.1518279,0.12206544,-0.98758787,-0.09884481,0.010985608,-0.8561777,-0.010224152,0.0378473,-0.6707343,-0.17993322,0.05363582,-0.51757246,-0.077145204,0.2841037,-0.9676338,0.12727438,0.21985939,-0.82296973,-0.032326087,0.1908002,-0.5714476,-0.19767176,0.247352,-0.51636213,-0.08296746,0.5376944,-0.8524397,0.04887722,0.40624148,-1.2458733,-0.10566721,0.5519437,-1.4980853,-0.11612363,0.5329793,-1.7779914,-0.116014816,I,Right,0.96,aug_I_023.jpg
0.0,0.0,0.0,-0.2263353,-0.2391435,-0.18319984,-0.4275644,-0.5847525,-0.23902547,-0.5594947,-0.7259831,-0.19448817,-0.30523148,-0.7695686,-0.28318074,-0.106389746,-1.0107107,-0.23199926,-0.29819807,-1.3992592,-0.22669567,-0.32453275,-1.7295661,-0.25418437,-0.38582358,-2.2302802,-0.35704544,-0.053897712,-0.9725277,-0.22646163,-0.050668966,-1.3897511,-0.30913472,-0.12889187,-1.604402,-0.46659175,-0.17017329,-1.4672284,-0.3902189,0.1830682,-0.8706391,-0.2081062,0.18166895,-1.1969944,-0.29429772,0.20321055,-1.4400004,-0.34379426,0.029879687,-1.2899202,-0.48435313,0.31950274,-0.7093317,-0.14513598,0.3728821,-1.0822605,-0.3809222,0.24493963,-1.3606178,-0.43430385,0.39333582,-1.2066634,-0.4446536,D,Right,0.96,aug_D_012.jpg
0.0,0.0,0.0,-0.34922302,-0.2585751,-0.13318798,-0.4446974,-0.5292699,-0.10898129,-0.17597382,-0.59078425,-0.24707003,-0.023579808,-0.6390435,-0.165696,-0.17220026,-0.85548943,-0.13182595,-0.28717917,-1.3083287,-0.14459516,-0.28272542,-1.5827527,-0.17351164,-0.33786005,-1.9504935,-0.23946029,-0.08934001,-0.9885555,-0.12155842,-0.018289793,-1.4007801,-0.14065999,-0.018630855,-1.6773052,-0.22575837,0.008326822,-2.027509,-0.27065066,0.08516356,-0.7541904,-0.09370324,0.056581154,-1.30917,-0.1412474,0.110266834,-1.597753,-0.1692688,0.24364035,-1.8878579,-0.15876207,0.36894643,-0.61482596,-0.07177617,0.23895554,-1.0453064,-0.07531653,0.37691453,-1.2764394,-0.12723233,0.40990338,-1.6062301,-0.19631436,4,Right,0.96,aug_4_009.jpg
0.0,0.0,0.0,-0.119360894,-0.3116846,-0.16635872,-0.36861223,-0.58406055,-0.28308502,-0.1928573,-0.5689374,-0.2754265,-0.12517437,-0.6460146,-0.24787214,-0.19001645,-0.89784366,-0.21813647,-0.19600551,-0.720754,-0.27636948,-0.22656004,-0.625148,-0.31092036,-0.016001401,-0.4860339,-0.3294316,0.06567392,-0.9750097,-0.21223347,0.07160743,-0.7911783,-0.26154643,0.01887419,-0.6795147,-0.33515623,0.009465796,-0.49731335,-0.23800656,0.2009046,-0.8454403,-0.17124797,0.20120394,-0.735201,-0.26098007,0.14347965,-0.67324203,-0.27932096,0.097052105,-0.51389986,-0.24696372,0.30159605,-0.7794575,-0.116289504,0.34112355,-0.6692891,-0.24815778,0.28880352,-0.6136359,-0.3255285,0.32138896,-0.47741613,-0.32385755,N,Right,0.96,aug_N_033.jpg
0.0,0.0,0.0,-0.104874864,-0.18477234,-0.07110945,-0.42471105,-0.51849014,-0.1980979,-0.5605654,-0.7381122,-0.06840377,-0.8204174,-0.8332319,-0.19847815,-0.19382629,-0.85031164,-0.13674077,-0.1956523,-1.2903441,-0.24454086,-0.15485421,-1.6816182,-0.2161404,-0.360441,-1.9687076,-0.24099451,0.02910177,-0.995896,-0.085698955,0.07083656,-1.2893978,-0.3042541,0.025858251,-1.4904873,-0.27162433,-0.13624229,-1.4116136,-0.28214866,0.23343885,-0.8501783,-0.07626142,0.27374744,-0.79462034,-0.099335566,0.1787453,-0.59367955,-0.25059506,0.21499127,-0.43016097,-0.26108935,0.33657128,-0.7475827,-0.19416119,0.39721134,-0.6845669,-0.21625866,0.36899343,-0.48056498,-0.23405536,0.22556382,-0.41173032,-0.29437843,K,Right,0.96,aug_K_024.jpg
0.0,0.0,0.0,-0.08469379,-0.0534815,-0.078488156,-0.24530017,-0.61282504,-0.13869828,-0.20843022,-0.5829089,-0.3007589,0.084920116,-0.76000464,-0.1118292,-0.16889203,-0.9173114,-0.17646934,-0.2381024,-0.834013,-0.11639544,-0.05359711,-0.51332307,-0.31364635,-0.011528401,-0.46053186,-0.27031052,0.026924578,-0.99932086,-0.025156977,0.1294563,-0.7540607,-0.1298137,0.1727064,-0.5373075,-0.23360562,0.09599811,-0.32047746,-0.27415577,0.23937228,-0.799619,-0.08392722,0.26172426,-0.65515363,-0.24649298,0.18929192,-0.5059546,-0.22820687,0.03836952,-0.45744804,-0.17132837,0.5507135,-0.7316335,-0.036105573,0.39760554,-0.5760479,-0.08090065,0.41637772,-0.48471928,-0.19358538,0.37628973,-0.3727685,-0.17095368,S,Right,0.96,aug_S_017.jpg
0.0,0.0,0.0,-0.25109646,-0.268045,-4.4721575e-05,-0.36441106,-0.6317151,-0.05751,-0.59193754,-0.8671807,-0.19953692,-0.4399701,-0.91195846,-0.19888622,-0.22354206,-1.0376438,-0.07912825,-0.23559374,-1.330461,-0.17401837,-0.4173321,-1.5904865,-0.34304804,-0.5307205,-1.4521474,-0.41174272,-0.10946352,-0.9861593,-0.12452932,-0.054572742,-0.76190996,-0.092004865,-0.09538395,-0.6502473,-0.15013145,-0.09949103,-0.4957834,-0.09806213,0.24781817,-0.93357176,0.017000128,0.056558445,-0.7153112,-0.17733152,0.06964172,-0.6949043,-0.20492393,-0.006810052,-0.54251844,-0.08628879,0.313079,-0.8488138,0.051392213,0.18621823,-0.6717286,-0.13894626,0.28145665,-0.5567467,-0.09432736,0.13954788,-0.555402,-0.15374447,Q,Right,0.96,aug_Q_008.jpg
0.0,0.0,0.0,-0.22576557,-0.20812954,-0.012133164,-0.31871924,-0.5635549,0.03381359,-0.19127087,-0.61697197,-0.11576559,-0.06324693,-0.6395168,-0.15978527,-0.17281976,-0.83319503,0.019817403,-0.29165012,-1.1739912,-0.07455355,-0.38619217,-1.4653978,-0.16329122,-0.4358509,-1.238906,-0.16175611,-0.119043395,-0.99235934,0.032427657,0.01310068,-0.67878836,-0.046478283,-0.05555866,-0.59739643,-0.10835501,0.030720064,-0.46938452,-0.15705131,0.11960548,-0.9134293,-0.032017745,0.054865945,-0.73910093,-0.16006887,0.013138414,-0.6028881,-0.08451848,0.010089782,-0.47972035,-0.08267293,0.39398605,-0.73561156,-0.045600783,0.26517412,-0.6010661,-0.14683922,0.1350216,-0.5878609,-0.15831093,0.18954845,-0.42678857,-0.11631598,X,Right,0.96,aug_X_022.jpg
0.0,0.0,0.0,-0.24088244,-0.1790658,-0.07193179,-0.288018,-0.5472814,-0.21888137,-0.09680791,-0.6615806,-0.30776104,-0.040759712,-0.7393584,-0.23737225,-0.23774742,-0.9218051,-0.0828159,-0.3482924,-1.3437237,-0.16847035,-0.55555475,-1.7612537,-0.2213652,-0.70554626,-2.1830711,-0.24296163,-0.07474754,-0.9822139,-0.17224601,0.070871755,-1.364481,-0.1393014,0.21911861,-1.759398,-0.24175407,0.4149851,-2.2545047,-0.21395102,0.07268981,-0.86564636,-0.18338421,0.14132804,-0.74913067,-0.22829726,0.0952717,-0.5843134,-0.26433337,0.054506496,-0.49609566,-0.3477546,0.26071554,-0.6938139,-0.14973211,0.24081358,-0.71785355,-0.31158453,0.19496983,-0.46598297,-0.2942857,0.20917465,-0.4567596,-0.23144995,V,Right,0.96,aug_V_024.jpg
0.0,0.0,0.0,0.5298316,-0.06974791,0.096072264,0.9396996,-0.21758315,0.091399156,1.3104601,-0.27733177,0.014282632,1.6627191,-0.32648188,-0.06623562,0.60108453,-0.75987035,0.31842113,1.0699738,-0.8370538,0.22643833,1.4515054,-0.8626492,0.09336411,1.7502267,-0.87426376,-0.0031987608,0.51812536,-0.84100175,0.15576334,1.0979782,-0.9237921,0.08052771,1.5065174,-0.9476299,-0.023824742,1.8416827,-0.9443694,-0.10269611,0.47173524,-0.8732554,-0.036362603,1.076139,-0.9708015,-0.11067563,1.4779162,-0.9814069,-0.15571454,1.7886131,-0.96465063,-0.18605049,0.46681607,-0.8471385,-0.23757914,0.97703797,-0.98500884,-0.29328072,1.3202343,-1.0001072,-0.28931123,1.5974063,-0.97557837,-0.28275463,C,Right,0.95,141.jpg
0.0,0.0,0.0,-0.0885903,-0.3257473,-0.22350301,-0.18481341,-0.59254825,-0.11702104,-0.10018787,-0.6611981,-0.27365646,0.12285717,-0.7399083,-0.17770241,-0.036717564,-1.0144181,-0.067252584,-0.14019541,-1.4915752,-0.11674536,-0.15544277,-1.8864722,-0.22313882,-0.17123282,-2.171098,-0.21681432,0.21710478,-0.97021407,-0.107471794,0.09112036,-1.5775278,-0.17335899,0.024176523,-1.9809532,-0.15744011,0.19971015,-2.3298259,-0.28031197,0.10976061,-0.8372144,-0.17590223,0.17131853,-0.8092827,-0.19665258,0.25435302,-0.7004809,-0.2176731,0.17787258,-0.54040295,-0.2565685,0.4492365,-0.86287606,-0.16752784,0.37857518,-0.6737254,-0.1719269,0.3787466,-0.5715158,-0.17556272,0.37592548,-0.37824208,-0.27329323,R,Right,0.96,aug_R_026.jpg
0.0,0.0,0.0,-0.28514093,-0.38891625,-0.09193145,-0.5166839,-0.66839695,-0.07926005,-0.19226861,-0.76251364,-0.053126123,0.009997753,-0.7916019,-0.15326111,-0.27938747,-1.0082589,-0.09757271,-0.31466857,-0.85320777,-0.1707817,-0.1967424,-0.6984445,-0.2670654,-0.065424696,-0.54355234,-0.23184843,-0.13410713,-0.99061865,-0.026267435,-0.06096966,-0.95458215,-0.07788491,-0.08140907,-0.73440003,-0.2196929,-0.040121518,-0.56684136,-0.40595767,0.13887331,-0.924448,-0.12717341,0.16552259,-0.7876118,-0.14429495,0.021858891,-0.68136936,-0.19714698,0.027373761,-0.5076957,-0.23708044,0.29578555,-0.87361205,-0.10263203,0.34907228,-1.2653096,-0.13684455,0.45550558,-1.4965719,-0.24197899,0.48649472,-1.8682834,-0.26678517,I,Right,0.96,aug_I_024.jpg
0.0,0.0,0.0,-0.28167146,-0.24007379,-0.1592049,-0.4361983,-0.5664054,-0.20443854,-0.2535923,-0.84795815,-0.24685867,0.01818421,-1.012603,-0.2727033,-0.5290476,-0.9076298,0.08610104,-0.5311639,-1.2150146,0.025403235,-0.47886547,-1.3878024,-0.067142665,-0.427421,-1.544427,-0.14872454,-0.29351798,-0.9513798,0.093401335,-0.29488164,-1.2867365,0.06494909,-0.27103737,-1.4776094,-0.011038703,-0.25673592,-1.6600513,-0.081744894,-0.06583891,-0.9273806,0.06138598,-0.059152856,-1.2385211,0.017848026,-0.071690775,-1.4266161,-0.035562698,-0.09065865,-1.5979446,-0.08791017,0.18121818,-0.8502484,0.003591211,0.18151702,-1.0927156,-0.036497947,0.16606335,-1.2415813,-0.04974857,0.14537425,-1.3763382,-0.06871929,B,Right,0.95,170.jpg
0.0,0.0,0.0,-0.14199233,-0.2623889,-0.12696469,-0.36625907,-0.54368603,-0.13419709,-0.14539687,-0.6943456,-0.28189424,0.13711338,-0.6770977,-0.203836,-0.16793746,-0.872826,-0.12473784,-0.16788925,-1.41175,-0.14133987,-0.26664263,-1.7111619,-0.27677894,-0.2051203,-2.096541,-0.21714145,0.012899901,-0.99847454,-0.053686384,0.0945102,-1.4794437,-0.111364976,0.02751679,-1.9782444,-0.26506358,0.08707502,-2.2657769,-0.1733275,0.2557865,-0.8714552,-0.032378178,0.11724564,-0.7353966,-0.1478811,0.23807502,-0.82889533,-0.086669706,0.16548614,-0.47528997,-0.2720511,0.37961063,-0.74756765,0.012078719,0.43418464,-0.64005697,-0.13247246,0.3143804,-0.59206194,-0.262624,0.31063253,-0.40409106,-0.25339875,2,Right,0.96,aug_2_026.jpg
0.0,0.0,0.0,-0.23706645,-0.3532409,-0.01367973,-0.2863343,-0.7020474,-0.03379763,-0.7159954,-0.8241489,0.021214386,-0.8407102,-0.9394755,-0.100076236,-0.1779467,-1.0178721,0.09576578,-0.1771852,-1.4210061,-0.057665404,-0.29638532,-1.7603886,-0.09136104,-0.2726919,-2.0979173,-0.18197134,-0.089239776,-0.99400586,-0.06315559,-0.047969088,-1.4127655,-0.1966978,-0.0569945,-1.6119217,-0.25182787,-0.051392972,-1.6019462,-0.3065904,0.11262334,-1.0293033,0.11341996,0.21558051,-0.86515695,-0.023932835,0.13020478,-0.61481535,-0.13819058,0.07857697,-0.4986359,-0.068020545,0.32268426,-0.87850595,-0.042831723,0.17610958,-0.7028477,-0.07857593,0.2436063,-0.61557114,-0.19177721,0.20171669,-0.4967722,-0.1775459,P,Right,0.96,aug_P_033.jpg
0.0,0.0,0.0,-0.18475564,-0.2924129,-0.1063246,-0.2821471,-0.6026836,-0.19867001,-0.041712914,-0.5906447,-0.20596558,0.08817211,-0.7261073,-0.18381818,-0.24613044,-0.9516956,-0.13356881,-0.110357374,-0.76308453,-0.18994538,-0.093207255,-0.71916676,-0.24037693,0.0046568615,-0.55857635,-0.33970746,0.17607386,-0.9776178,-0.1151585,0.12975374,-0.81296545,-0.12108777,0.12216879,-0.7124147,-0.21052262,0.14728498,-0.5668396,-0.28637466,0.18875942,-0.8610939,-0.08862443,0.08639542,-0.75880224,-0.20415477,0.18202515,-0.68947065,-0.21638244,0.1993,-0.5481341,-0.3228793,0.3905298,-0.7370206,-0.1256186,0.2841876,-0.649251,-0.116718404,0.3200709,-0.6423823,-0.25131416,0.2832658,-0.51322865,-0.20405231,N,Right,0.96,aug_N_030.jpg
0.0,0.0,0.0,-0.103485905,-0.24537463,-0.04169002,-0.26217046,-0.57253504,0.0018721694,-0.089694984,-0.6606574,-0.095518425,0.07177148,-0.7249312,-0.109226786,-0.102408655,-0.85726917,0.030565087,-0.11985204,-1.3092355,0.025988372,-0.17370923,-1.5815599,-0.007023513,-0.17242913,-2.0115361,-0.12364253,0.04180992,-0.99680275,0.06808987,0.100686036,-1.4998966,-0.02435671,0.05093567,-1.6515172,-0.09516889,0.09774337,-2.0393078,-0.14260702,0.1936851,-0.7633125,0.034683246,0.2043956,-0.6829593,0.02030566,0.27367055,-0.6870025,-0.101849996,0.14896496,-0.4114735,-0.06939352,0.33911648,-0.8286662,0.09340772,0.36057213,-0.6629509,-0.08003195,0.28168628,-0.5398948,-0.06488293,0.28023535,-0.41216677,-0.07056363,2,Right,0.96,aug_2_032.jpg
0.0,0.0,0.0,-0.1275098,-0.30094105,-0.049718868,-0.35069376,-0.6481682,-0.039474785,-0.68476117,-0.7811462,-0.1131552,-0.9458795,-0.87487173,-0.10358316,-0.24485551,-0.92897326,-0.08237553,-0.20980176,-1.2693369,-0.0807144,-0.2691396,-1.5410919,-0.1315572,-0.3391867,-1.9583365,-0.02098896,-0.0056872386,-0.99992025,0.011271789,0.017662244,-0.7815558,-0.059006352,0.026731556,-0.6581695,-0.14185995,0.022221284,-0.6494167,-0.25887266,0.11220256,-0.9058198,0.01594741,0.078200944,-0.71513164,-0.08933443,0.06395885,-0.5920642,-0.122582234,-0.00023333357,-0.4970143,-0.09948038,0.2382431,-0.76570034,0.011696637,0.18023746,-0.6415129,-0.12887296,0.17864998,-0.5864032,-0.10254673,0.22751753,-0.4146794,-0.17817742,L,Right,0.96,aug_L_020.jpg
0.0,0.0,0.0,-0.3304299,-0.18938625,-0.03472532,-0.46073145,-0.5529283,0.045411907,-0.33932996,-0.648089,-0.0836245,-0.1647946,-0.7444329,-0.19911644,-0.27278137,-1.0103678,0.02459981,-0.34565142,-0.8259597,-0.19328542,-0.2645861,-0.6400281,-0.14567505,-0.22318709,-0.3578915,-0.18531437,-0.08848879,-0.9952149,0.04143787,-0.12754808,-0.68592304,-0.08951148,-0.11132767,-0.5302728,-0.15375958,-0.058559448,-0.38824603,-0.16482112,0.11758223,-0.9355934,0.020285733,-0.012490817,-0.74325323,-0.047256287,0.08851981,-0.73000735,-0.18282199,0.054330654,-0.45592222,-0.13517912,0.3172128,-0.8783625,-0.04809993,0.31705156,-1.259961,-0.1313488,0.096788704,-1.4314743,-0.16394876,0.013681969,-1.2772808,-0.22482394,J,Right,0.96,aug_J_016.jpg
0.0,0.0,0.0,-0.13792044,-0.26965156,-0.084768064,-0.30049166,-0.6603321,-0.05098189,-0.38471553,-0.7489854,-0.10945127,-0.1814721,-0.8366783,-0.1942091,-0.12945138,-1.0296544,-0.014931442,-0.19735588,-1.32822,-0.078634575,-0.31897646,-1.5835997,-0.14123592,-0.4085945,-1.3645984,-0.3205707,0.053634964,-0.99808306,0.030879335,0.08133073,-1.5802652,-0.11179118,0.082918234,-1.9178141,-0.13285863,0.07304418,-2.3062131,-0.07607328,0.2818999,-0.9498701,-0.04258682,0.27603832,-1.3881918,-0.028188678,0.3048623,-1.7181518,-0.08588138,0.29028302,-2.126236,-0.1749841,0.48161283,-0.83648413,0.008800607,0.45428103,-1.2253731,-0.04614308,0.67759997,-1.610273,-0.044494364,0.5046888,-1.7856007,-0.17365293,F,Right,0.96,aug_F_009.jpg
0.0,0.0,0.0,-0.17189361,-0.2222536,0.078128174,-0.34952134,-0.4981757,0.09735922,-0.30335164,-0.7002114,-0.05792504,-0.0005082244,-0.71840024,-0.07015001,-0.21892838,-1.0042462,0.03376566,-0.18816783,-1.4138938,0.0014429445,-0.3497064,-1.683867,0.049360853,-0.25750464,-2.0676072,-0.046472665,-0.01513533,-0.99458545,0.102814026,0.041739162,-1.3944348,0.034173205,-0.044191934,-1.8490742,-0.08976006,0.011469788,-2.1765156,-0.042705398,0.28147268,-0.80516684,0.0880254,0.12308766,-0.81529933,0.03313877,0.12413756,-0.67467064,-0.030267999,0.123102024,-0.3935574,-0.12116378,0.26820117,-0.7632383,0.09768025,0.37095535,-0.60876983,-0.10711586,0.21946116,-0.6215168,-0.11045821,0.22839175,-0.44999775,0.042466965,U,Right,0.96,aug_U_021.jpg
0.0,0.0,0.0,-0.17935364,-0.36596802,0.057533327,-0.3900589,-0.5729742,-0.033059053,-0.119812325,-0.7026681,-0.060888197,-0.03089066,-0.72060764,-0.22090536,-0.1598663,-1.0282948,-0.058904912,-0.2568013,-1.489866,-0.038386483,-0.28224874,-1.815504,-0.11872492,-0.3252587,-2.2008243,-0.10892613,0.06681344,-0.9972831,0.03102226,0.04388845,-1.5289769,-0.044853836,0.069646455,-1.9612459,-0.18542923,-0.03671303,-2.245065,-0.13507852,0.2178915,-0.96776104,0.048776377,0.16111277,-0.81959945,-0.039646283,0.13173695,-0.65855086,-0.12846763,0.10571836,-0.5868443,-0.13072585,0.3557901,-0.7539618,-0.07421369,0.3884948,-0.8200925,-0.043839317,0.2482762,-0.55663604,-0.12554517,0.17007257,-0.42196867,-0.076365,U,Right,0.96,aug_U_002.jpg
0.0,0.0,0.0,-0.2680811,-0.34342006,-0.14709799,-0.28713864,-0.7603223,-0.25226754,0.014210503,-1.0181264,-0.38695654,0.43406072,-1.045394,-0.4747043,0.062434703,-1.0275121,-0.0020954648,0.23983566,-1.3987727,-0.28790477,0.06016423,-1.137525,-0.43142053,-0.015606492,-0.91935265,-0.46408397,0.32757777,-0.9442603,-0.032640215,0.5739248,-1.3247769,-0.35046795,0.3018801,-1.0475254,-0.42773122,0.14501809,-0.82080156,-0.37443498,0.5741092,-0.82799745,-0.11027522,0.70057386,-1.1330625,-0.39087966,0.40262896,-0.8826804,-0.3636428,0.2460477,-0.65306,-0.23649766,0.7979562,-0.6894857,-0.20420298,0.9370402,-0.9678154,-0.3178093,0.8374325,-0.95340025,-0.27579895,0.76952213,-0.88340056,-0.19322628,J,Right,0.95,247.jpg
0.0,0.0,0.0,-0.21552177,-0.3592735,0.007927291,-0.3269208,-0.5293613,0.0062428545,-0.49755108,-0.6452895,-0.12706378,-0.39289176,-0.8287663,-0.11581205,-0.2255632,-0.9511845,0.06366944,-0.23027398,-1.2924268,-0.12285093,-0.30298606,-1.5417094,-0.2111788,-0.43491796,-1.4127123,-0.3089271,-0.050328847,-0.9981762,-0.033335008,-0.049423452,-1.2333328,-0.15658286,-0.08173156,-1.6328421,-0.19197752,-0.19521509,-1.4656562,-0.26960754,0.22151603,-0.9071088,-0.014508185,0.20992154,-1.324013,-0.18010554,0.11919088,-1.3944006,-0.28452665,-0.042809073,-1.3216258,-0.26548395,0.37786543,-0.8215882,0.047429584,0.4391318,-1.2466352,-0.04011058,0.33644992,-1.4879801,-0.1554202,0.21345638,-1.2672454,-0.21253152,O,Right,0.96,aug_O_018.jpg
0.0,0.0,0.0,-0.0121479845,-0.3568055,0.003568183,-0.3155441,-0.5658445,-0.120651595,-0.7138832,-0.76457536,-0.12512021,-0.8989726,-0.9542356,-0.24641635,-0.22289038,-0.9542739,-0.041676275,-0.23685433,-1.5173712,-0.14184567,-0.31532517,-1.9209452,-0.22902447,-0.30154458,-2.3037126,-0.30609927,0.17887865,-0.97752476,-0.11156952,0.07718778,-1.5586612,-0.04551906,0.013795215,-1.9068191,-0.19498019,-0.016259152,-2.3639758,-0.13656694,0.4054043,-1.0231711,-0.025696049,0.2796463,-1.3921428,-0.200166,0.2300858,-1.8700964,-0.15855686,0.26620796,-2.1256592,-0.15189837,0.48355332,-0.7141467,-0.042144753,0.42642942,-1.1647632,-0.14988707,0.5984537,-1.491478,-0.13660976,0.458623,-1.9752059,-0.13470843,5,Right,0.96,aug_5_018.jpg
0.0,0.0,0.0,-0.21016891,-0.22686285,-0.003007278,-0.4880045,-0.59915125,-0.036543485,-0.35965398,-0.74436224,-0.1306896,-0.056939427,-0.7465635,-0.097926855,-0.22987176,-0.9900182,-0.03702184,-0.42980778,-1.4789758,-0.07904804,-0.6658721,-1.872574,-0.1424223,-0.7762157,-2.2373054,-0.14566593,-0.03358452,-0.99710685,-0.06819135,0.1406865,-1.5029178,-0.06906334,0.3086339,-1.8822676,-0.09487012,0.5320465,-2.3651147,-0.08652339,0.0579447,-0.8793035,-0.010233735,0.047057662,-0.7180568,-0.21538703,0.19260961,-0.5084171,-0.16944157,-0.00345211,-0.5272319,-0.10542492,0.3174056,-0.94101804,0.0018949716,0.33893818,-0.65327746,-0.075532064,0.33204055,-0.55349845,-0.06362814,0.18625869,-0.38451537,-0.1682724,V,Right,0.96,aug_V_027.jpg
0.0,0.0,0.0,-0.20834193,-0.2727206,-0.058065575,-0.37660798,-0.4690041,-0.23381835,-0.21641201,-0.77559847,-0.32894728,0.04941897,-0.7957676,-0.17727922,-0.27917674,-0.9874162,-0.19210985,-0.1784916,-0.8277243,-0.14728625,-0.12012642,-0.6420407,-0.26011223,-0.19297586,-0.4845363,-0.27218804,0.012046603,-0.98694277,-0.16062035,-0.06688907,-0.8349975,-0.23404737,-0.10895713,-0.7063793,-0.20527996,2.1974345e-05,-0.507884,-0.19529815,0.16121778,-0.894216,-0.1260519,0.12061152,-0.61246294,-0.25873604,0.14860684,-0.6188601,-0.20102254,0.065441266,-0.39209223,-0.2872912,0.32944736,-0.7436648,-0.053700592,0.23625651,-0.7406413,-0.20935932,0.29385757,-0.47692686,-0.26009408,0.27823815,-0.56174386,-0.33525342,M,Right,0.96,aug_M_011.jpg
0.0,0.0,0.0,-0.15604636,-0.27073196,-0.12087785,-0.38139227,-0.5668396,-0.11897975,-0.46123964,-0.94219834,-0.19185865,-0.6687664,-1.204064,-0.24445733,-0.22349118,-0.8638908,-0.09826301,-0.17085235,-1.2114912,-0.21928523,-0.36977884,-1.4307393,-0.34668234,-0.4572416,-1.2329261,-0.36337227,0.020918202,-0.9916402,-0.12732667,-0.06274869,-0.7382413,-0.15249781,-0.08859961,-0.6773365,-0.191942,0.041522514,-0.42155138,-0.2541624,0.120162055,-0.8310932,-0.06526161,0.11024408,-0.751441,-0.15359804,0.105979174,-0.59994924,-0.1741324,0.111658104,-0.4690835,-0.20364456,0.29609635,-0.726947,-0.057179686,0.28705814,-0.67790073,-0.20654021,0.19044483,-0.470722,-0.30033633,0.113251224,-0.47552004,-0.18102597,T,Right,0.96,aug_T_014.jpg
0.0,0.0,0.0,-0.30700275,0.27747425,-0.14471178,-0.713695,0.45393613,-0.23719421,-1.0498261,0.31489426,-0.35298294,-1.1590039,-0.06950289,-0.44210994,-1.0254554,0.096264,0.021421533,-1.2312169,0.0478763,-0.19772264,-0.9714206,0.14983614,-0.33376992,-0.74189466,0.18534414,-0.386042,-0.9755172,-0.21974869,0.008756995,-1.206345,-0.29516724,-0.22914109,-0.88125604,-0.12124999,-0.30420357,-0.6523814,-0.038160957,-0.29167363,-0.90543926,-0.5279677,-0.04634302,-1.1379259,-0.58954644,-0.2935861,-0.8340217,-0.38460556,-0.277339,-0.61024654,-0.2614213,-0.18495451,-0.8072301,-0.80905503,-0.11405798,-1.074951,-0.9094192,-0.24470739,-0.8952443,-0.77676404,-0.19628994,-0.7257875,-0.6783336,-0.11392321,S,Right,0.95,409.jpg
0.0,0.0,0.0,-0.29040754,-0.23780915,-0.30465317,-0.38325,-0.5325635,-0.21755698,-0.32531264,-0.5712556,-0.39537418,-0.055055965,-0.6269534,-0.33671054,-0.21163021,-0.8629388,-0.19028385,-0.29431918,-1.373382,-0.24793431,-0.3704977,-1.67552,-0.28946358,-0.36297756,-2.0306833,-0.35764542,-0.056890212,-0.97915405,-0.19498943,-0.02994527,-1.4923053,-0.2693189,-0.08308391,-1.8603725,-0.40026668,-0.059552044,-2.326812,-0.37645715,0.10246559,-0.80332285,-0.26953337,0.14005826,-1.3394432,-0.29141027,0.2570032,-1.7469482,-0.32613486,0.20006959,-1.956285,-0.3719245,0.21378331,-0.73207265,-0.13960513,0.38030586,-1.1225485,-0.31791642,0.34657314,-1.4547409,-0.3836058,0.45345068,-1.8224113,-0.35240564,B,Right,0.96,aug_B_009.jpg
0.0,0.0,0.0,-0.17330989,-0.26149562,-0.17786235,-0.3590746,-0.64646614,-0.10343356,-0.73470044,-0.7088225,-0.15583283,-0.8587505,-0.88854086,-0.12190509,-0.25981808,-0.93571764,-0.0027929617,-0.21331494,-1.4052787,-0.1318847,-0.26969498,-1.7269057,-0.15098584,-0.21633454,-2.0538564,-0.2093602,0.022763522,-0.99170715,-0.12648606,-0.003269051,-1.4459684,-0.052954186,-0.048789617,-1.7250719,-0.14823848,-0.055574883,-2.2143297,-0.08833054,0.15836337,-0.85289174,-0.14542128,0.33980033,-1.2714672,-0.11447278,0.19269674,-1.6125262,-0.10951135,0.21711658,-1.94018,-0.15695494,0.24588726,-0.7933169,-0.14236037,0.40477243,-1.1833069,-0.18023974,0.37653747,-1.4335635,-0.15360509,0.35758016,-1.8177084,-0.1812969,5,Right,0.96,aug_5_001.jpg
0.0,0.0,0.0,-0.21139428,-0.28900945,-0.12538268,-0.22141425,-0.58167076,-0.29892054,-0.19037607,-0.6215101,-0.26585874,-0.0026498637,-0.7135003,-0.27301136,-0.25532022,-1.0767424,-0.13847426,-0.056677926,-1.3079976,-0.42114222,-0.3422643,-1.5124487,-0.3395942,-0.35561594,-1.4377356,-0.38119912,0.11722116,-0.9714133,-0.2064349,0.10617161,-0.84855103,-0.27706298,0.023420999,-0.649325,-0.25887018,-0.050734334,-0.5553835,-0.3142836,0.292664,-0.9657172,-0.17296053,0.23569876,-0.7826722,-0.16235086,0.18412225,-0.54927194,-0.17867471,0.1720243,-0.49363816,-0.25947678,0.45997715,-0.7781524,-0.09236992,0.3982045,-0.6207533,-0.32280388,0.3381554,-0.50632864,-0.3508594,0.30489072,-0.4386282,-0.1966653,X,Right,0.96,aug_X_025.jpg
0.0,0.0,0.0,-0.28156877,-0.24719459,-0.066423275,-0.2725104,-0.693559,-0.13881943,-0.11495834,-0.7408247,-0.13141832,0.08647178,-0.73840964,-0.1070478,-0.099353686,-0.8582582,-0.11354784,-0.09393213,-0.73453265,-0.096850015,-0.025600016,-0.57249165,-0.1213947,-0.14998598,-0.5309475,-0.28516763,-0.03750946,-0.99485123,-0.09414955,0.11723739,-0.8614644,-0.14718072,0.12909307,-0.6424778,-0.10012847,-0.04484679,-0.5521358,-0.120614275,0.18212144,-0.89726865,0.01103803,0.20758049,-0.8423997,-0.12524176,0.13889967,-0.65952593,-0.20257287,0.103587486,-0.48506016,-0.24155496,0.39821312,-0.7221323,-0.0759973,0.3447275,-0.6720307,-0.14970799,0.29435363,-0.5589181,-0.20399983,0.2671006,-0.48951435,-0.20523255,M,Right,0.96,aug_M_017.jpg
0.0,0.0,0.0,-0.16920231,-0.2228688,-0.12863281,-0.30526602,-0.5900477,-0.06969534,-0.5776128,-0.7878814,-0.06591352,-0.8929451,-0.9089711,-0.22175924,-0.16033994,-0.88055015,-0.11178638,-0.14787436,-1.5418864,-0.14396611,-0.24431804,-1.746385,-0.2566338,-0.2804029,-2.094277,-0.25833687,0.070603654,-0.9948363,-0.07290998,0.0907534,-0.7652442,-0.21545734,0.017840728,-0.5592364,-0.28812677,0.016616857,-0.5202574,-0.28488928,0.22182652,-0.84528977,-0.20822856,0.14420262,-0.77075326,-0.11212781,0.09232427,-0.5982739,-0.24807264,0.1359977,-0.44654137,-0.2463951,0.39103112,-0.7699262,-0.09602512,0.29074726,-0.68003476,-0.17213339,0.21865568,-0.5100565,-0.1908309,0.27349824,-0.5388381,-0.27384278,L,Right,0.96,aug_L_024.jpg
0.0,0.0,0.0,-0.25830185,-0.3161177,-0.040378027,-0.4236562,-0.6366063,-0.04801369,-0.30675578,-0.73930913,-0.20302725,-0.06449583,-0.7823293,-0.20549175,-0.19384104,-0.93555284,0.01034497,-0.20070113,-0.83841515,-0.10073713,-0.23371373,-0.62988275,-0.16846645,-0.21095276,-0.5487366,-0.19558474,-0.050100837,-0.9987292,-0.0054652314,-0.16926853,-0.9567863,-0.124354295,-0.08667486,-0.6303999,-0.20796159,-0.14587185,-0.6081852,-0.23146151,0.047896653,-1.0124491,-0.045125797,0.03195157,-0.8603082,-0.18475403,-0.026845299,-0.8193457,-0.21279554,-0.03618939,-0.6739648,-0.10611564,0.28905332,-0.83469814,-0.15453789,0.29965287,-1.2314055,-0.25756067,0.13607596,-1.4474126,-0.31097886,0.081574626,-1.3941171,-0.23220293,J,Right,0.96,aug_J_032.jpg
0.0,0.0,0.0,0.5412492,-0.0602186,0.11515093,0.9087465,-0.21741758,0.12466058,1.2599375,-0.25236425,0.06640542,1.5821131,-0.2577866,0.008790917,0.49925733,-0.83816665,0.2811149,1.0298092,-0.8682751,0.18275595,1.4341323,-0.84334856,0.05448654,1.7459508,-0.8031334,-0.03831126,0.43700033,-0.8914815,0.11954665,1.0868329,-0.92410046,0.028424202,1.5000638,-0.8901196,-0.075748235,1.832064,-0.843946,-0.14855453,0.44239607,-0.86908257,-0.06344196,1.0857589,-0.91255677,-0.15065077,1.4981071,-0.8775315,-0.19956084,1.8103508,-0.83552647,-0.22790033,0.5068294,-0.77863663,-0.25060177,1.032178,-0.87494963,-0.31534582,1.3653995,-0.8659616,-0.31893802,1.6370203,-0.83199596,-0.31490785,C,Right,0.95,501.jpg
0.0,0.0,0.0,-0.2783833,-0.25956103,-0.06863102,-0.34289995,-0.5142657,-0.18397315,-0.49100924,-0.62519777,-0.2290558,-0.3148225,-0.800979,-0.3604211,-0.23298417,-0.8861391,-0.039242234,-0.2951301,-1.2592311,-0.21877833,-0.44290778,-1.4387498,-0.3901533,-0.3004317,-1.2666806,-0.41645092,-0.032952134,-0.98389804,-0.17566684,-0.10012235,-0.80646425,-0.187277,0.02201651,-0.66027313,-0.29377696,0.07420167,-0.47779125,-0.2624985,0.08639094,-0.88646054,-0.12208705,0.14294566,-0.7858858,-0.21855257,0.17441009,-0.6831503,-0.1853106,0.1486925,-0.48235232,-0.18279268,0.19725151,-0.74397665,-0.071265854,0.17953512,-0.5841978,-0.08219806,0.17365894,-0.48884574,-0.20016763,0.24757509,-0.49960423,-0.27984938,Q,Right,0.96,aug_Q_024.jpg
0.0,0.0,0.0,-0.22850849,-0.29157573,-0.010437908,-0.3867674,-0.5228138,-0.0698453,-0.73104036,-0.7139866,-0.22227167,-1.1287918,-0.9839102,-0.18588895,-0.17729375,-1.090313,-0.028679023,-0.26497117,-1.3970368,-0.18019287,-0.14636528,-1.7729269,-0.18812746,-0.3306242,-2.0618389,-0.23824546,-0.09696199,-0.9948404,-0.029849954,0.025401596,-0.72134244,-0.07725662,-0.09101564,-0.6776531,-0.2111354,0.029191859,-0.44573107,-0.09678618,0.20204863,-0.93059754,-0.03895964,0.043675303,-0.72210974,-0.15531227,0.19276945,-0.5848708,-0.059233233,0.101847254,-0.45714656,-0.17695105,0.3347621,-0.77133876,0.027431913,0.23498367,-0.66094184,-0.21306159,0.28429398,-0.55112773,-0.13886085,0.17610832,-0.44741622,-0.13171434,L,Right,0.96,aug_L_027.jpg
0.0,0.0,0.0,-0.24490932,-0.33808923,0.0669068,-0.35700822,-0.60572565,-0.0522885,-0.40416026,-0.82505673,-0.10200815,-0.28297576,-0.762437,-0.21266054,-0.087478496,-1.0010285,0.094840206,-0.1464993,-1.4144945,-0.069810346,-0.2351684,-1.5975347,-0.3260053,-0.30316415,-1.3409058,-0.22220433,0.088853545,-0.99489605,0.047822613,0.026997285,-1.4889822,-0.105229706,0.017224807,-1.6942716,-0.35769114,-0.090890266,-1.4893879,-0.29649693,0.25520375,-0.9750041,0.027498825,0.26148802,-1.44412,-0.15047613,0.18891062,-1.4855529,-0.20781764,-0.008840863,-1.3845605,-0.2975608,0.46448353,-0.86313766,-0.010208555,0.45335838,-1.1660175,-0.15516233,0.42466646,-1.4753038,-0.19780475,0.31817314,-1.3734732,-0.21215956,O,Right,0.96,aug_O_035.jpg
0.0,0.0,0.0,-0.090192065,-0.2241801,0.029970093,-0.37994158,-0.5470662,-0.0685465,-0.6916596,-0.76574814,0.027343761,-0.8671766,-0.9275882,-0.18368025,-0.15734376,-0.9241834,0.031311844,-0.06500879,-0.81344384,-0.17147388,-0.1372183,-0.60836136,-0.07543418,-0.08156245,-0.5192565,-0.2002926,0.019365458,-0.9986519,0.048159868,0.04058153,-0.74161124,-0.10207089,-0.052820828,-0.6621765,-0.13416089,-0.028305853,-0.42575723,-0.0879111,0.29246426,-0.89389926,-0.02619092,0.10339106,-0.7093456,-0.11139853,0.17486037,-0.65081245,-0.14432277,0.17461513,-0.53214496,-0.138973,0.3595386,-0.78953326,0.15100366,0.59353614,-1.1426352,-0.03334773,0.5632014,-1.4097323,-0.09116224,0.80425584,-1.8249824,-0.0970758,Y,Right,0.96,aug_Y_016.jpg
0.0,0.0,0.0,-0.16269642,-0.31258893,0.076385505,-0.37791696,-0.6040605,-0.18220004,-0.24840935,-0.69540066,-0.15969877,0.06074325,-0.7898516,-0.11859223,-0.1252687,-0.89804083,0.04869989,-0.26738432,-1.3575219,0.04306656,-0.17358665,-1.6459339,-0.084837146,-0.32687926,-2.2475598,-0.2105481,-0.0067913695,-0.99870384,-0.05044488,0.040137008,-0.78856325,-0.0956907,0.06431898,-0.6437647,-0.08366238,-0.04359656,-0.49912044,-0.12584211,0.09846486,-0.9168933,0.031126358,0.13416392,-0.8528048,-0.14605461,0.08437076,-0.59136385,-0.13676104,0.027421713,-0.5715164,-0.18245088,0.38510585,-0.7903723,0.01151228,0.35531738,-0.6346173,-0.17459184,0.2780202,-0.46951503,-0.17957582,0.20363413,-0.46393186,-0.17097905,Z,Right,0.96,aug_Z_024.jpg
0.0,0.0,0.0,-0.42421708,-0.35386655,0.012980905,-0.53261465,-0.63441825,-0.033925902,-0.6341172,-0.65711254,-0.16642244,-0.37282252,-0.8696091,-0.21450149,-0.3577974,-0.8764432,0.045880873,-0.40609,-1.4175619,-0.17037892,-0.4842715,-1.8367505,-0.12863107,-0.38908184,-2.2723222,-0.21130714,-0.10691443,-0.99419236,-0.012280422,-0.017909551,-1.3434887,-0.063866906,-0.18125816,-1.6398373,-0.25419313,-0.21953917,-1.4275554,-0.28310746,0.07956817,-0.8607481,-0.02419291,0.03423541,-1.2602799,-0.2313795,0.03288089,-1.5794735,-0.17221457,0.03374477,-1.4166113,-0.34602085,0.2287446,-0.78998697,0.043927915,0.25177145,-1.2088995,-0.12684567,0.12997891,-1.3780606,-0.13459523,0.033074673,-1.3729694,-0.29331347,D,Right,0.96,aug_D_029.jpg
0.0,0.0,0.0,-0.19638504,-0.2829981,0.014094961,-0.3422954,-0.5370184,-0.10034754,-0.1994664,-0.5862751,-0.27074477,0.13209909,-0.6404509,-0.1490574,-0.1606246,-0.9315101,-0.016497253,-0.17128728,-1.4010177,-0.067422986,-0.21123812,-1.7170969,0.0029708268,-0.2757368,-2.1447704,-0.21181983,0.07520556,-0.9939995,-0.079430304,0.11160171,-0.77169955,-0.14645846,-0.10746608,-0.57263505,-0.15785514,0.10662391,-0.53133476,-0.17830543,0.22926548,-0.8022393,-0.013550825,0.13249783,-0.66851825,-0.13125801,0.17918618,-0.5657788,-0.07643222,0.14528094,-0.33763638,-0.16338064,0.404361,-0.7693377,-0.0101775,0.36070904,-0.5940981,-0.09144407,0.27349907,-0.5041008,-0.19404195,0.28630415,-0.459326,-0.2322164,1,Right,0.96,aug_1_008.jpg
0.0,0.0,0.0,-0.12322712,-0.25578985,0.014842045,-0.44102883,-0.39613372,-0.12167326,-0.16772869,-0.7039769,-0.19313103,0.017551215,-0.65123034,-0.22030011,-0.22696382,-0.8112245,-0.05250107,-0.09206265,-0.76550436,-0.16814604,-0.08619563,-0.6441876,-0.25557402,-0.02571083,-0.48413596,-0.28841847,0.106499895,-0.9933304,-0.04418608,0.008906068,-0.88938624,-0.15906279,0.029479101,-0.5369484,-0.14075801,-0.01585677,-0.38193232,-0.22714724,0.10944695,-0.8977258,-0.13347043,0.19550365,-0.77389747,-0.12970199,0.12632555,-0.5617315,-0.1158049,0.07177346,-0.3874046,-0.18772377,0.3584855,-0.5670133,-0.13234402,0.3914507,-0.56576043,-0.17057203,0.3647045,-0.56600535,-0.2180594,0.1655981,-0.35302952,-0.25012878,N,Right,0.96,aug_N_035.jpg
0.0,0.0,0.0,-0.38501424,-0.31799805,-0.1228743,-0.5688887,-0.72383064,-0.20705147,-0.32617974,-1.0404955,-0.33447188,0.038307488,-1.1974615,-0.4362507,-0.38635293,-1.021328,0.06641962,-0.380786,-1.3376397,-0.20582445,-0.41362408,-1.115005,-0.3748107,-0.40184048,-0.93828887,-0.44240505,-0.06954779,-0.9974494,0.016054336,0.043712802,-1.2662469,-0.28529805,-0.040642075,-0.9295723,-0.3802347,-0.08892065,-0.72416663,-0.35946727,0.24625975,-0.9458731,-0.08308347,0.35998455,-1.1998038,-0.37119487,0.21498133,-0.86775595,-0.32947996,0.1314734,-0.6490813,-0.20324877,0.5470097,-0.8588764,-0.19681424,0.6220262,-1.1244301,-0.32453722,0.5093962,-0.9341721,-0.23940924,0.44634625,-0.77895135,-0.124041654,S,Right,0.95,139.jpg
0.0,0.0,0.0,-0.11803781,-0.14643289,-0.020457812,-0.34192875,-0.5451635,-0.083619304,-0.13968493,-0.5733424,-0.23086631,0.02594171,-0.7641968,-0.06478525,-0.18485996,-0.9436518,-0.1326705,-0.3755431,-1.3693286,-0.13292119,-0.4719992,-1.7963307,-0.17783822,-0.7718008,-2.2879465,-0.20164068,0.018349528,-0.9927871,-0.1184779,0.054219674,-1.494691,-0.16816117,-0.008867461,-1.8913164,-0.19785893,-0.025623577,-2.2468421,-0.16874726,0.23616806,-0.98216176,0.023259925,0.35885888,-1.3864628,-0.07963589,0.47349513,-1.9093919,-0.15735744,0.7255615,-2.1445544,-0.32159254,0.43474287,-0.7631386,-0.060586542,0.2566199,-0.7165443,-0.23315254,0.3451004,-0.5208585,-0.25330964,0.20709611,-0.4720025,-0.20222174,W,Right,0.96,aug_W_031.jpg
0.0,0.0,0.0,-0.13922304,-0.22518428,-0.079662025,-0.339345,-0.5426805,-0.1599949,-0.17018843,-0.77206725,-0.16941643,0.033507694,-0.66155064,-0.21614558,-0.16269027,-0.84739894,0.013288996,-0.18069968,-0.78268325,-0.09158368,-0.21468766,-0.6298125,-0.123994194,-0.03847308,-0.45982766,-0.27529237,-0.004311707,-0.9990061,-0.04436393,-0.04474991,-0.8447192,-0.2606865,0.06340428,-0.6338961,-0.18674259,-0.0017732554,-0.5363287,-0.26215255,0.12230759,-0.917355,-0.042470057,0.089095004,-0.6527323,-0.09604373,0.17450818,-0.6189812,-0.114478275,0.07548377,-0.481155,-0.18605949,0.39070097,-0.71181464,-0.08729032,0.28057668,-0.6229096,-0.11265244,0.24363942,-0.60837746,-0.20614935,0.25341266,-0.33898315,-0.25889874,N,Right,0.96,aug_N_017.jpg
0.0,0.0,0.0,-0.16195922,-0.2202497,0.039922196,-0.3129268,-0.7577085,0.040049005,-0.4617097,-1.0413113,-0.11858125,-0.60161483,-1.3370438,-0.15045892,-0.08660288,-0.9810627,-0.110773586,-0.053309806,-1.272748,-0.19885167,-0.19299068,-1.5744623,-0.24932176,-0.2726628,-1.3679568,-0.31404802,0.14338128,-0.98834306,-0.051184114,0.18965864,-0.86989486,-0.091040954,0.17572914,-0.7214562,-0.0693018,0.19043204,-0.5203293,-0.14188246,0.23930655,-0.9435749,-0.08376905,0.3253604,-0.7769612,-0.18723606,0.29003385,-0.5934921,-0.1372259,0.15372443,-0.5168147,-0.045817286,0.4793011,-0.7929279,0.017258728,0.45911005,-0.5769746,-0.10904693,0.40822405,-0.51135033,-0.1959577,0.25028995,-0.41671085,-0.12016997,T,Right,0.96,aug_T_020.jpg
0.0,0.0,0.0,-0.1752602,-0.17578113,0.052301105,-0.44020236,-0.6720742,-0.04272807,-0.20537679,-0.6360964,-0.13325912,-0.0123757,-0.70663327,-0.13144386,-0.24337618,-0.8499884,-0.0047675623,-0.29992506,-1.1205589,-0.12546642,-0.3486649,-1.4095488,-0.114689164,-0.49575368,-1.2631505,-0.2261789,-0.18159665,-0.9821487,0.049055755,-0.07434974,-0.6964039,-0.0032771989,-0.010776293,-0.6041953,-0.03397487,-0.13267118,-0.45948732,-0.07837135,0.051222157,-0.8310797,-0.008533745,0.050285388,-0.6807015,-0.054244358,0.043172844,-0.53455275,-0.024247663,-0.011990378,-0.45556563,0.011173724,0.24651329,-0.66906965,0.0977002,0.19891003,-0.5726225,-0.06901438,0.17489663,-0.54109687,-0.017637206,0.1135295,-0.38876444,-0.023718998,X,Right,0.96,aug_X_010.jpg
0.0,0.0,0.0,-0.3687198,-0.26423648,-0.028740361,-0.69034296,-0.6782989,0.03528408,-0.30374223,-0.7580197,-0.21404395,-0.04534027,-0.7740041,-0.24577749,-0.36029613,-1.1472468,-0.046587832,-0.33409697,-1.590008,0.013817162,-0.42767325,-2.1856747,-0.19751854,-0.46176702,-2.5294373,-0.2482991,-0.12064774,-0.9906401,0.063844986,0.0045269104,-1.8232728,0.05741812,-0.13273986,-2.0894854,-0.08845804,-0.05463597,-2.659109,-0.16276447,0.16894814,-1.0757636,-0.00826408,0.12569769,-0.8291032,-0.13666955,0.08850905,-0.75926524,-0.09835291,-0.12540136,-0.49823236,-0.117792696,0.36146802,-0.86839956,0.07527063,0.2524193,-0.6086317,-0.12709188,0.22592203,-0.50368905,-0.19057785,0.19246544,-0.40102842,-0.2528005,U,Right,0.96,aug_U_013.jpg
0.0,0.0,0.0,-0.23515382,-0.31602922,0.14907028,-0.41546085,-0.6898023,0.042420495,-0.1732018,-0.7609029,-0.031145371,-0.002095091,-0.79660857,0.011917806,-0.20958379,-1.0548865,0.04622759,-0.27831692,-1.503591,-0.01634759,-0.2663896,-1.8357953,-0.015046714,-0.31539637,-2.181851,-0.1298868,-0.0033535452,-0.99942344,0.03378618,0.11875394,-1.6049521,0.030865593,-0.0022897138,-2.031131,-0.0719753,0.017840171,-2.3756087,-0.1213683,0.23043738,-0.9792489,0.05512723,0.24330753,-0.91410565,-0.08473572,0.0966579,-0.7075197,-0.04911159,0.0330886,-0.66219676,-0.041894455,0.32206038,-0.8590134,0.06757238,0.3529368,-0.7963577,0.058594715,0.24707374,-0.70502913,-0.12893772,0.15196125,-0.5803493,-0.05971183,H,Right,0.96,aug_H_027.jpg
0.0,0.0,0.0,-0.31310782,-0.3072333,0.082042634,-0.3818034,-0.5781666,0.011605127,-0.35223097,-0.6330542,-0.16820614,-0.42035764,-0.7130327,-0.036781978,-0.16760433,-1.0021213,0.07387926,-0.2292653,-1.3937658,0.024644123,-0.25060403,-1.8161745,-0.087379694,-0.27825093,-2.0874612,-0.10083734,0.054982614,-0.99800414,0.031059487,-0.18019548,-1.3666588,-0.07344522,-0.062751055,-1.5949732,-0.26294234,-0.077645905,-1.4031473,-0.20653379,0.09175179,-0.8960554,0.0060200123,0.17065248,-1.2847756,-0.13402753,0.18685573,-1.5829635,-0.10909986,0.07592704,-1.344428,-0.20209005,0.2886545,-0.7871309,0.014699907,0.44242328,-1.1627275,-0.090574525,0.29023314,-1.3610284,-0.1145607,0.28578168,-1.2555995,-0.21471637,D,Right,0.96,aug_D_010.jpg
0.0,0.0,0.0,-0.094776645,-0.44352517,-0.0032000258,-0.25360304,-0.6245724,-0.10362288,-0.44162938,-0.8994638,-0.11731129,-0.6585726,-1.3141892,-0.02995119,-0.16524339,-0.99144495,0.0495458,-0.2039277,-1.3466556,-0.024103343,-0.13479549,-1.4896313,-0.18781689,-0.34513098,-1.3889755,-0.28902364,0.159964,-0.9871055,0.0058562746,0.082999595,-0.8529611,-0.046609845,0.06856026,-0.49138767,-0.14041156,0.12407273,-0.4157363,-0.2641373,0.23281467,-0.82677716,-0.104154885,0.27441758,-0.75846434,0.0074417056,0.19587867,-0.6303253,-0.17895626,0.1557901,-0.5536632,-0.14821282,0.4385244,-0.8169072,-0.10335439,0.39975262,-0.6766563,-0.034550447,0.3427375,-0.6135603,-0.03723815,0.2814259,-0.5199671,-0.040958866,T,Right,0.96,aug_T_030.jpg
0.0,0.0,0.0,-0.22545475,-0.27007952,-0.054305427,-0.33383992,-0.6252513,-0.045490235,-0.24233642,-0.6578023,-0.23079993,0.111579,-0.79205525,-0.22802067,-0.18516551,-0.9185572,-0.028415503,-0.20154299,-0.82623667,-0.24406421,-0.10515416,-0.6028736,-0.24037336,-0.09850014,-0.409804,-0.32362926,0.06833964,-0.99628466,-0.05240764,0.048769005,-0.7338675,-0.19093505,-0.0118652955,-0.5923729,-0.17218657,-0.006446044,-0.5043976,-0.22937085,0.15950999,-0.85425943,-0.02394523,0.09365134,-0.66225183,-0.14129968,0.060921192,-0.6365527,-0.22973812,0.08774496,-0.5054095,-0.1776965,0.3452217,-0.72042936,-0.041539196,0.29975703,-1.1191487,-0.24632229,0.22622184,-1.2958615,-0.27824405,0.1510405,-1.2237887,-0.34758356,J,Right,0.96,aug_J_022.jpg
0.0,0.0,0.0,-0.1892402,-0.13336152,-0.055526126,-0.44616735,-0.65957236,0.0074339444,-0.09236184,-0.63199985,-0.18945065,0.059823968,-0.87483287,-0.21570899,-0.26269054,-1.0423234,-0.032474678,-0.23050636,-1.6539465,-0.03380901,-0.45015487,-2.0387127,-0.14726958,-0.47853532,-2.4208193,-0.2042926,0.054724887,-0.9983985,-0.014339703,0.080801085,-1.6184323,-0.05653452,-0.03569276,-2.2322721,-0.1167909,-0.006190077,-2.5222323,-0.22341907,0.22947226,-1.0929459,-0.05669461,0.117836356,-0.9150574,-0.14385876,0.13912077,-0.53610235,-0.14035007,0.19349979,-0.551318,-0.1866135,0.41436616,-0.6948162,-0.04180646,0.35052916,-0.8032746,-0.1192638,0.42602143,-0.5282211,-0.24123666,0.2336979,-0.41252336,-0.060165964,U,Right,0.96,aug_U_014.jpg
0.0,0.0,0.0,-0.22850898,-0.26529378,-0.10881486,-0.41522628,-0.660655,-0.13622656,-0.23490106,-0.7404731,-0.35301557,0.06581656,-0.7540771,-0.18067464,-0.19123103,-0.9505964,-0.089981526,-0.33638313,-1.4207994,-0.083039485,-0.24618165,-1.6371061,-0.16331054,-0.46248323,-1.5680985,-0.3696469,-0.13052212,-0.9903136,-0.04735972,-0.016233206,-0.8881594,-0.20833656,0.024805093,-0.7033321,-0.23024516,-0.032847323,-0.5164469,-0.23306757,0.3088687,-0.9463386,-0.12921761,0.21192093,-0.80503607,-0.14689492,0.164637,-0.60038114,-0.27026835,0.11895094,-0.62205845,-0.16963215,0.42603794,-0.88621926,-0.037603933,0.46258765,-0.7169026,-0.24789058,0.32656363,-0.5522253,-0.24488544,0.41280356,-0.5569707,-0.35846174,X,Right,0.96,aug_X_026.jpg
0.0,0.0,0.0,-0.4028447,-0.30396315,0.18179867,-0.4806333,-0.5461022,0.10811312,-0.30575925,-0.7056511,-0.002496183,-0.117102146,-0.7427395,-0.013182118,-0.29104674,-1.0491996,0.19775939,-0.225431,-0.93977135,-0.107121415,-0.28202552,-0.70942,-0.13502783,-0.22751087,-0.42259073,-0.007393084,-0.053864356,-0.9850974,0.16334528,-0.11358732,-0.7922216,-0.033046383,-0.1957414,-0.5759668,0.05816504,-0.12834433,-0.54159683,-0.0012519866,0.032168485,-0.9788018,0.13078152,0.0061848387,-0.74584055,0.031032296,0.03985552,-0.6012398,-0.025941195,-0.045828618,-0.4324435,-0.03670159,0.09928611,-0.79552054,0.000107371394,0.3770828,-0.6894387,0.037409026,0.24546017,-0.66791487,-0.011002702,0.08766522,-0.4833607,-0.008685176,M,Right,0.96,aug_M_031.jpg
0.0,0.0,0.0,-0.39705184,-0.27923667,-0.20381664,-0.6072555,-0.67877555,-0.32936993,-0.3889193,-1.0210391,-0.47071314,-0.0017746073,-1.2045346,-0.5841192,-0.41747352,-1.004574,-0.038110368,-0.46029395,-1.3635991,-0.33335832,-0.5438494,-1.20398,-0.51287246,-0.56178415,-1.0709077,-0.5915608,-0.089245,-0.99451244,-0.054592364,0.0238688,-1.2631471,-0.3943505,-0.05409415,-0.9088439,-0.5022914,-0.098543055,-0.69812614,-0.4848094,0.23994501,-0.9404303,-0.119735524,0.3375647,-1.1733029,-0.46863496,0.19492947,-0.82143486,-0.42787108,0.11195367,-0.6080119,-0.29318383,0.55892456,-0.8434046,-0.2015428,0.59245276,-1.0686785,-0.40949485,0.46597916,-0.8324205,-0.34078285,0.39159125,-0.66848546,-0.22368173,S,Right,0.95,314.jpg
0.0,0.0,0.0,-0.13582383,-0.21815202,-0.16474281,-0.30714595,-0.6162615,-0.14487126,-0.17644112,-0.7084303,-0.40142742,0.019022323,-0.795003,-0.16198076,-0.18009266,-0.99807936,0.041300148,-0.12410729,-1.41605,-0.12525687,-0.19851838,-1.8680147,-0.1559303,-0.25451156,-2.2752006,-0.10636182,0.05036791,-0.99807155,0.03627959,0.11939977,-1.6464599,-0.0705329,0.10891934,-1.8993456,-0.2090575,0.02158567,-2.3278208,-0.2369648,0.23536117,-0.8460701,-0.050802067,0.2588927,-1.4708773,-0.077030525,0.22376974,-1.8205239,-0.12527022,0.37624037,-2.105416,-0.23420215,0.5140552,-0.809891,-0.11960919,0.4841013,-1.1436625,-0.08673145,0.5430615,-1.4700183,-0.22748055,0.46787044,-1.9963307,-0.17125629,4,Right,0.96,aug_4_025.jpg
0.0,0.0,0.0,0.07568697,-0.302477,-0.2626503,0.35926798,-0.5773227,-0.4045432,0.6401144,-0.7525184,-0.528057,0.9283719,-0.79711944,-0.61346334,0.90627396,-0.4119122,-0.20387447,1.0392888,-0.5807631,-0.42462066,0.7108897,-0.54410034,-0.529635,0.47261098,-0.46351573,-0.5662062,0.9544077,-0.24816854,-0.16588652,1.1039654,-0.4289847,-0.43134156,0.6995338,-0.4076005,-0.5112992,0.4213398,-0.34972373,-0.5070429,0.97669476,-0.08067611,-0.16457446,1.114806,-0.27557302,-0.42177144,0.73363525,-0.2614528,-0.41089913,0.44982415,-0.21786009,-0.3369861,0.9436805,0.08903979,-0.18681826,1.031254,-0.08692693,-0.38000554,0.748693,-0.092057556,-0.37670174,0.5220099,-0.061118215,-0.32197747,G,Right,0.95,288.jpg
0.0,0.0,0.0,-0.19704397,-0.24802707,-0.05955123,-0.31920806,-0.5775981,-0.07295893,-0.5698464,-1.0235301,-0.06401388,-0.6767858,-1.3698808,-0.14676043,-0.10729804,-1.0379364,0.01680167,-0.23215431,-1.3764648,-0.10208822,-0.34191272,-1.8689693,-0.10330988,-0.27350655,-2.1991704,-0.11680061,-0.056161508,-0.9951577,-0.08066667,-6.638476e-05,-1.4981278,-0.10748584,0.014783007,-1.815236,-0.13803186,0.08257665,-2.3505855,-0.12284458,0.3014283,-1.0362085,-0.05765924,0.20710139,-0.77127844,-0.085361496,0.14148526,-0.6162937,-0.16092804,0.1936221,-0.46807656,-0.13352278,0.38364673,-0.78708786,-0.03741767,0.38214654,-0.6907913,-0.089882255,0.4292376,-0.48011193,-0.17039202,0.33437246,-0.4585854,-0.26551166,3,Right,0.96,aug_3_009.jpg
0.0,0.0,0.0,-0.23562391,-0.26160946,-0.1646195,-0.42195845,-0.5216132,-0.16068025,-0.23854668,-0.5783049,-0.2792384,-0.029687114,-0.68933505,-0.15204485,-0.1841482,-0.8298276,-0.0744816,-0.29929033,-1.263865,-0.1317219,-0.30546167,-1.7304991,-0.15553458,-0.38354877,-2.067192,-0.22256687,-0.086915985,-0.9839135,-0.15607621,-0.00029029662,-1.3506716,-0.050079346,-0.0052355155,-1.8981509,-0.1776074,-0.06736261,-2.045228,-0.21760716,0.07719801,-0.89451873,-0.19867925,0.073392555,-0.8074659,-0.30062643,0.028087804,-0.64730334,-0.23449552,0.05363953,-0.46175668,-0.24413808,0.31672886,-0.6642519,-0.15921031,0.26959664,-0.6359175,-0.17296784,0.19842069,-0.5525542,-0.24559054,0.12640382,-0.4701691,-0.17592259,H,Right,0.96,aug_H_035.jpg
0.0,0.0,0.0,-0.1644499,-0.20722276,0.049837478,-0.3391827,-0.646774,-0.044077106,-0.23127954,-0.718473,-0.16885683,-0.06135347,-0.69802755,-0.16818625,-0.21168396,-0.9427986,0.00814459,-0.23769791,-1.3501517,-0.037458215,-0.25125945,-1.6783242,0.01863831,-0.35011646,-2.0589502,-0.113225035,0.006763662,-0.99979806,0.018918028,0.04622551,-1.5222774,-0.00068894506,-0.055746317,-1.8032603,-0.10876603,-0.08612288,-2.189354,-0.07771862,0.15840092,-0.9979548,-0.037246384,0.10102814,-0.75033647,-0.13449544,0.11748537,-0.6568684,-0.06504637,-0.011558674,-0.60019886,-0.118276544,0.27016354,-0.7983587,0.003663142,0.32682806,-0.7838862,-0.10329596,0.17834938,-0.5709207,-0.06686444,0.20106931,-0.43381703,-0.07843893,2,Right,0.96,aug_2_031.jpg
0.0,0.0,0.0,-0.24142899,-0.15782322,-0.067885555,-0.53374994,-0.6455704,-0.10087376,-1.0809191,-0.7816204,-0.029822286,-1.3973684,-1.0958754,-0.10230946,-0.3065028,-1.1459819,0.019639544,-0.44747353,-1.6109012,-0.15572283,-0.45191613,-1.982807,-0.1025187,-0.61156136,-2.4817793,-0.3336651,-0.2052745,-0.976307,-0.06846164,-0.28972718,-1.6398394,-0.024290552,-0.22862439,-2.1259878,-0.1019004,-0.20054564,-2.527318,-0.014471411,-0.084427424,-0.8812056,-0.003509104,0.1720319,-1.4578906,-0.060757633,0.13104601,-1.9658363,-0.16963826,0.13436304,-2.3758051,-0.13157809,0.24657707,-0.95031345,-0.04785251,0.32078865,-1.3141569,-0.23090988,0.43948585,-1.6572137,-0.09016695,0.32243425,-2.0141842,-0.05377659,5,Right,0.96,aug_5_017.jpg
0.0,0.0,0.0,-0.13980779,0.36072966,-0.43335402,-0.11898804,0.66537863,-0.706576,-0.08606964,0.8774933,-0.9548482,0.024306089,0.9390945,-1.1832714,0.85842544,0.3605984,-0.48389313,1.0898198,0.12829375,-0.9125907,0.7031152,0.11130152,-1.1737143,0.36087367,0.19086894,-1.3123757,0.8920159,0.058208082,-0.44824052,1.1865797,-0.14587796,-0.8929739,0.67449933,-0.11525489,-1.0605462,0.3182301,-0.03535714,-1.1255497,0.85408044,-0.19447726,-0.46681222,1.1467313,-0.40279543,-0.87543786,0.65937394,-0.32306173,-0.8637865,0.32061914,-0.21277034,-0.78885144,0.72606874,-0.4082717,-0.5237753,0.9493836,-0.6100166,-0.80573267,0.6085686,-0.5361843,-0.7991534,0.3403182,-0.4197597,-0.751344,G,Right,0.95,396.jpg
0.0,0.0,0.0,-0.0032693862,-0.35797653,0.0065160254,-0.41955227,-0.5310203,-0.012017862,-0.108823195,-0.63815683,-0.1268431,0.09540993,-0.76825154,-0.10195846,-0.14645484,-1.0380577,0.062262412,-0.15025274,-1.5303129,-0.11974493,-0.12709394,-1.9616193,-0.026808234,-0.25597554,-2.3979948,-0.06078569,0.09750064,-0.9952312,0.0029078554,0.1243763,-0.98115355,-0.115740694,0.006171895,-0.69888735,-0.10744838,0.046135288,-0.47536102,-0.18687277,0.3345039,-0.8971137,0.07441091,0.21117473,-0.9530282,-0.051026743,0.22426546,-0.7349764,-0.16891631,0.2676915,-0.59500885,-0.10765779,0.49390292,-0.8473187,0.052349377,0.5286372,-0.7439993,-0.10037298,0.4184164,-0.5219321,-0.14329268,0.3131426,-0.6097747,-0.18217319,1,Right,0.96,aug_1_011.jpg
0.0,0.0,0.0,-0.19056882,-0.27391478,-0.115480825,-0.40236345,-0.7602774,-0.13267152,-0.73850375,-0.683269,-0.18785691,-1.0455374,-0.9063905,-0.29012802,-0.19297032,-0.93291765,-0.04754041,-0.30595043,-1.3955978,-0.21753605,-0.27045363,-1.7285556,-0.16219428,-0.3530337,-2.0932353,-0.1473717,-0.054287523,-0.9860048,-0.15763034,-0.08569748,-1.4819293,-0.08455579,-0.052735493,-1.8589774,-0.21081406,-0.067734554,-2.2343404,-0.31442663,0.2095972,-0.93954426,-0.06024816,0.11708547,-1.316521,-0.10782312,0.20618208,-1.7651793,-0.1754579,0.12176788,-2.0394213,-0.17833775,0.36305183,-0.76823395,-0.15163456,0.39979687,-1.1719649,-0.26898906,0.45206246,-1.4885029,-0.12413365,0.35091704,-1.9724869,-0.21875118,5,Right,0.96,aug_5_010.jpg
0.0,0.0,0.0,-0.15321825,-0.28744027,0.049253404,-0.28623724,-0.563158,-0.032690965,-0.145689,-0.7199613,-0.16001166,0.09822566,-0.8195819,-0.11846794,-0.14915556,-0.92214555,-0.052901134,-0.31920227,-1.4094504,-0.12739427,-0.5699693,-1.8596123,-0.03744189,-0.6877751,-2.295382,-0.175124,-0.031825785,-0.99861896,-0.041800864,0.15104821,-1.4705728,-0.008605394,0.3570172,-1.9412836,-0.031384256,0.5903848,-2.3960836,-0.22439367,0.35417783,-0.9782129,0.05788148,0.2858462,-0.75865275,-0.10067531,0.119236514,-0.7068898,-0.09251726,0.23518099,-0.5057978,-0.14541578,0.47609678,-0.805942,0.04351596,0.3916213,-0.695702,-0.067492396,0.4420008,-0.49634254,-0.051907577,0.24257497,-0.37390974,-0.07763478,V,Right,0.96,aug_V_012.jpg
0.0,0.0,0.0,-0.2382711,-0.24082123,0.016181886,-0.45636818,-0.5098339,-0.0612681,-0.6513126,-0.7590559,0.007376197,-1.0513742,-0.91543937,-0.17050707,-0.06873196,-0.8389115,0.0107176,-0.24768616,-1.3846868,-0.049888592,-0.33644673,-1.6078417,-0.1191094,-0.40272236,-2.1340966,-0.1510231,-0.047653098,-0.9988607,0.0025403288,-0.050916083,-1.3783344,-0.0015061934,-0.058498167,-1.8541472,-0.15851815,0.03254583,-2.1979485,-0.06334759,0.14553212,-0.80114406,0.02904595,0.09703599,-1.280431,-0.13521157,0.14825147,-1.6261595,-0.16914704,0.19433695,-2.0613258,-0.09625493,0.26400328,-0.7618876,-0.10054966,0.31413764,-1.2193596,-0.09762248,0.45127162,-1.4439573,-0.17745446,0.40360436,-1.744557,-0.051859263,5,Right,0.96,aug_5_029.jpg
0.0,0.0,0.0,-0.21307674,-0.31440315,-0.031536978,-0.416085,-0.6064182,-0.10322735,-0.02190331,-0.8342414,-0.30541667,0.06521701,-0.7689718,-0.38591224,-0.16512273,-1.0348793,-0.18271412,-0.3500606,-1.5300558,-0.18553416,-0.44363397,-1.7739139,-0.23476261,-0.6991828,-2.3156402,-0.27873132,-0.0062214434,-0.99472755,-0.10236348,0.03646409,-1.6155528,-0.19443691,0.05221005,-1.9512249,-0.17851762,0.101882234,-2.3425035,-0.26764062,0.2884904,-0.938318,-0.015250678,0.33844447,-1.4144499,-0.15585779,0.52608204,-1.7720276,-0.18415834,0.7543477,-2.1863415,-0.09256645,0.5732148,-0.8347895,-0.119278,0.3059571,-0.60939854,-0.20863356,0.34583563,-0.6275761,-0.22399023,0.18443504,-0.39738345,-0.12712981,W,Right,0.96,aug_W_013.jpg
0.0,0.0,0.0,-0.11297432,-0.3356582,0.016050566,-0.37686175,-0.5632128,0.05917086,-0.1362142,-0.73936623,0.0006313313,0.0019521263,-0.85439646,-0.06042836,-0.1971133,-0.90924245,0.029205563,-0.10488751,-0.75200164,-0.10544386,-0.12304224,-0.6518044,-0.0021741549,-0.08304855,-0.544859,-0.059362143,0.011300583,-0.9993589,-0.03397373,0.16199167,-0.90040666,-0.057557035,0.04070643,-0.5444707,-0.15668906,0.14954205,-0.47189388,-0.06265743,0.1692451,-0.8867933,0.010725243,0.24578789,-0.83509094,-0.046296928,0.1474381,-0.70102686,-0.045155488,0.16133258,-0.44750363,-0.18125197,0.45977786,-0.64742523,0.025399726,0.45965073,-0.70690924,-0.11427247,0.29586646,-0.50116825,-0.1304182,0.23497373,-0.43574327,-0.08500746,N,Right,0.96,aug_N_003.jpg
0.0,0.0,0.0,-0.13799906,-0.3359653,0.030343566,-0.46972695,-0.5823161,0.033812985,-0.09858398,-0.62125885,-0.06591455,0.02453015,-0.6532011,-0.043995615,-0.12981664,-0.96318877,0.021365462,-0.053590775,-0.8148081,0.012305962,-0.19142725,-0.62176,-0.067945786,-0.09815154,-0.53136927,-0.041762818,0.09476852,-0.9870714,0.12926297,0.093011774,-0.7381172,-0.08800996,0.074257985,-0.6244999,-0.15196066,0.16039723,-0.51541966,-0.06204071,0.22035864,-0.8465064,0.041907277,0.1863342,-0.76899797,-0.032503016,0.17023507,-0.6732972,-0.114213675,0.14555097,-0.47457397,-0.106764875,0.37083915,-0.83796966,0.0049957857,0.40650293,-0.62757266,-0.0991472,0.36503473,-0.5157561,0.01894737,0.4247674,-0.38353977,-0.044490106,M,Right,0.96,aug_M_027.jpg
0.0,0.0,0.0,-0.1587807,-0.2973418,-0.11320459,-0.32995427,-0.4175378,-0.18033186,-0.51004857,-0.93064284,-0.22936097,-0.65369505,-1.3236276,-0.25725356,-0.09971777,-0.83328027,-0.13756667,-0.20190303,-1.1814289,-0.27462506,-0.26445448,-1.403509,-0.33284682,-0.36771837,-1.3693734,-0.42407942,0.0880181,-0.9942058,-0.061706625,0.06380575,-0.74446046,-0.10147804,-0.017590638,-0.5709005,-0.2084814,0.028705288,-0.3804193,-0.2742285,0.26446235,-0.85706043,-0.095988765,0.20603934,-0.713004,-0.22394668,0.16497943,-0.5546934,-0.24102096,0.11713389,-0.4142016,-0.26966295,0.5200063,-0.57285976,-0.027768338,0.46133685,-0.5733237,-0.20929183,0.23533367,-0.5365898,-0.281569,0.36171007,-0.372729,-0.280612,T,Right,0.96,aug_T_019.jpg
0.0,0.0,0.0,-0.25560603,-0.28971303,0.017766278,-0.28288323,-0.5658829,-0.1731279,-0.13092992,-0.77290905,-0.17133363,0.13149008,-0.69233733,-0.315507,-0.10102192,-0.9616066,-0.101622775,-0.30303475,-1.555807,-0.07366785,-0.29942226,-1.8966591,-0.186646,-0.46394673,-2.2975383,-0.24529582,0.09959038,-0.980943,-0.16683078,-0.015084315,-1.5242674,-0.22280253,0.11178626,-1.9950601,-0.16174263,-0.018027324,-2.4756665,-0.30087587,0.30452067,-0.8940635,-0.15178327,0.20344585,-0.7210896,-0.12863503,0.17769316,-0.61601233,-0.30145937,0.19086252,-0.4341125,-0.18485539,0.29927775,-0.7201121,-0.09157908,0.41325963,-0.74973476,-0.08420594,0.2728162,-0.4552577,-0.25733137,0.3741557,-0.4059169,-0.13046016,U,Right,0.96,aug_U_015.jpg
0.0,0.0,0.0,-0.18299699,-0.28373703,-0.11344528,-0.47513485,-0.6991337,-0.010943374,-0.275299,-0.68314594,-0.03995263,-0.008939622,-0.78680134,-0.20074886,-0.2534701,-1.050174,-0.08497563,-0.2809696,-0.82626116,-0.14250076,-0.20304005,-0.64589936,-0.1196261,-0.25105992,-0.6289416,-0.18102431,-0.11422062,-0.99232215,-0.047437847,0.04640337,-0.88252264,-0.09675384,-0.08952642,-0.64488417,-0.13162903,-0.0037766304,-0.54130334,-0.08967292,0.14762567,-0.98300284,-0.056932617,0.12533638,-0.7399285,-0.17565796,0.12655833,-0.75374997,-0.19378915,0.06619096,-0.58063906,-0.07889597,0.3485018,-0.87481654,0.01429376,0.24211788,-1.2230842,-0.111348875,0.30809724,-1.4578478,-0.27064097,0.11320566,-1.3051369,-0.25324383,J,Right,0.96,aug_J_015.jpg
0.0,0.0,0.0,-0.1646673,-0.24405105,0.025188992,-0.3275089,-0.48918223,-0.102746986,-0.4869831,-0.9847044,-0.046172194,-0.69071007,-1.1795236,-0.1394687,-0.12334313,-0.94761,0.0062329313,-0.2385871,-1.2670608,-0.24805468,-0.32288352,-1.546772,-0.13162835,-0.42099622,-1.4035686,-0.31676918,0.03599482,-0.9987037,-0.035989977,0.1273955,-0.79665506,-0.06421302,0.035771288,-0.67280805,-0.17478655,-0.045070495,-0.5611044,-0.14235741,0.19593853,-0.8997217,0.007992446,0.1377032,-0.6950981,-0.12655267,0.19838703,-0.58841765,-0.2797709,0.02257174,-0.5873773,-0.12819698,0.30946746,-0.7054347,-0.069801904,0.3322347,-0.7261168,-0.069833875,0.26190612,-0.56408644,-0.18056765,0.17607129,-0.43291816,-0.1801904,T,Right,0.96,aug_T_032.jpg
0.0,0.0,0.0,-0.21661675,-0.27590105,0.04605693,-0.4389335,-0.49874777,-0.042251475,-0.6849173,-0.9973503,-0.21469526,-0.8219853,-1.3078862,-0.26916,-0.23577873,-0.9630437,-0.10962663,-0.32344827,-1.3906354,-0.07547431,-0.28376853,-1.8454871,-0.2255849,-0.39288548,-2.0736775,-0.17860252,-0.06233595,-0.9920857,-0.10899626,0.020284027,-1.5019863,-0.07343893,-0.062942035,-1.9142668,-0.2861227,-0.08654497,-2.30422,-0.2881808,0.13102879,-0.9054166,-0.047648463,0.0699152,-0.96184593,-0.23515946,0.20142266,-0.59491,-0.15620343,0.017443562,-0.5648848,-0.20618041,0.38715878,-0.7421489,-0.033825252,0.34934658,-0.6396374,-0.1431792,0.30567846,-0.46836248,-0.1745013,0.3170475,-0.45907715,-0.2051352,3,Right,0.96,aug_3_014.jpg
0.0,0.0,0.0,-0.25087732,-0.3781381,-0.21619897,-0.5230126,-0.64722705,-0.06750885,-0.54704756,-0.7520241,-0.27138335,-0.4200554,-0.9237966,-0.31142822,-0.3332016,-1.03713,-0.03659058,-0.37189248,-1.5182064,-0.044666342,-0.39779642,-1.8914566,-0.17739335,-0.42682844,-2.1810608,-0.20180185,-0.1693078,-0.9837988,-0.058948066,-0.10007505,-1.3798709,-0.26454508,-0.027409423,-1.6936213,-0.25774205,-0.04562673,-1.5439562,-0.3697383,0.052662198,-0.982776,-0.13479845,0.10358001,-1.1940378,-0.21257235,0.034147713,-1.6147242,-0.3397511,0.03041158,-1.4631665,-0.27104953,0.28896743,-0.8457122,-0.12673384,0.2850745,-1.3653879,-0.34271756,0.29518345,-1.6071479,-0.29243302,0.13365495,-1.3071585,-0.46384782,D,Right,0.96,aug_D_019.jpg
0.0,0.0,0.0,0.010249185,0.6397781,-0.23264709,-0.56970257,1.1307675,-0.24056667,-1.1595403,1.189961,-0.22062796,-1.4852972,1.1918434,-0.14832075,-0.93359673,0.82349813,-0.0686715,-1.3022003,0.7161416,-0.2912552,-0.891459,0.6343373,-0.34856156,-0.77833337,0.674572,-0.35318238,-0.9254285,0.37842083,-0.01948556,-1.2528199,0.31178835,-0.2826459,-0.75109756,0.3060445,-0.29494405,-0.6908658,0.39076412,-0.23196319,-0.8940773,-0.019905537,-0.023533333,-1.1731602,-0.10829424,-0.33193767,-0.68640447,-0.061401896,-0.23991649,-0.5891325,0.020073041,-0.09377356,-0.87086844,-0.40714225,-0.042401534,-1.0623783,-0.46524817,-0.22399352,-0.7250984,-0.41420904,-0.1609651,-0.61679643,-0.3377342,-0.0676754,A,Right,0.95,343.jpg
0.0,0.0,0.0,-0.18962036,-0.23433356,-0.059999708,-0.43523213,-0.69758624,-0.07430434,-0.71178913,-0.76995546,-0.18280078,-0.8139663,-0.9113773,-0.2672575,-0.11932258,-0.8932535,-0.12435406,-0.24674545,-1.3526399,-0.06813501,-0.13069646,-1.6663145,-0.02388103,-0.28893742,-2.0247462,-0.21385247,-0.02456754,-0.99566907,-0.089663334,-0.12656604,-0.8697907,-0.09003647,0.005180829,-0.66601443,-0.22361103,0.018178388,-0.46215332,-0.11548365,0.18636642,-0.9624012,0.027734723,0.17937349,-0.86882675,-0.23160589,0.05523178,-0.6945972,-0.14041133,0.1286797,-0.5280014,-0.19248456,0.45310685,-0.79314125,-0.06490575,0.2676336,-0.6010504,-0.107812986,0.19967191,-0.64426595,-0.26940668,0.20488752,-0.5782574,-0.24380396,L,Right,0.96,aug_L_031.jpg
0.0,0.0,0.0,-0.16376443,-0.37240568,-0.10463104,-0.4554125,-0.62333626,-0.07670933,-0.7740009,-0.75483406,-0.1862217,-0.9940327,-0.9005381,-0.11161314,-0.27645862,-0.95845026,-0.12510392,-0.3202853,-1.4440941,-0.099644184,-0.3039634,-1.6984577,-0.19488314,-0.34299436,-2.0749183,-0.20202887,-0.13065706,-0.989645,-0.05942742,-0.060822655,-1.453415,-0.07625723,-0.12320142,-1.832101,-0.12888245,-0.08006651,-2.1608977,-0.19433749,0.0055558295,-0.8673138,-0.07513239,0.058512814,-1.3573498,-0.17831723,0.18968269,-1.6927154,-0.20372695,0.19268352,-1.9703038,-0.21128424,0.21574523,-0.8247786,-0.113625586,0.36264756,-1.2583175,-0.114827156,0.35414952,-1.4203743,-0.14359805,0.39498958,-1.8048218,-0.2630293,HELLO,Right,0.96,aug_HELLO_023.jpg
0.0,0.0,0.0,-0.39452136,-0.18137442,-0.16509084,-0.5127164,-0.58083963,-0.14745872,-0.4557107,-0.5737985,-0.295182,-0.10509705,-0.8118746,0.015225367,-0.33350518,-1.0658364,-0.029287385,-0.29370326,-0.8332907,-0.2013094,-0.25899473,-0.64884675,-0.2367688,-0.2850099,-0.5698647,-0.19776875,-0.08234443,-0.99440193,-0.06621356,-0.13681689,-0.9528614,-0.18249036,-0.09865229,-0.75913966,-0.16425318,-0.16970475,-0.4858836,-0.195481,0.097880214,-0.87688696,-0.027760135,0.033313725,-1.0109831,-0.113858245,-0.03502099,-0.58210385,-0.20260999,-0.025251085,-0.40971857,-0.20056565,0.3410093,-0.917951,-0.06678785,0.2921149,-1.3738332,-0.1485812,0.5266677,-1.6635475,-0.15129296,0.48074615,-2.1322718,-0.33955464,I,Right,0.96,aug_I_014.jpg
0.0,0.0,0.0,-0.28820917,-0.3791565,-0.050627317,-0.31992385,-0.57763076,-0.112968564,-0.5975893,-1.1000713,-0.1725545,-0.7612587,-1.4200662,-0.16419625,-0.17400265,-0.97432804,-0.0056961495,-0.26749384,-1.4544365,-0.1323768,-0.26551476,-1.9333972,-0.21394135,-0.33046204,-2.4084089,-0.22709304,-0.08201879,-0.99662274,0.004003915,-0.037412513,-1.5684557,-0.055135008,0.0687171,-1.9818498,-0.115106426,-0.024517806,-2.4403527,-0.23735715,0.17068037,-0.9411374,-0.038208302,0.2346048,-0.77716905,-0.12065643,0.20394953,-0.48142412,-0.31804264,0.07329902,-0.40412763,-0.23044236,0.46826038,-0.77928054,0.06739564,0.29809755,-0.619556,-0.05410687,0.25395572,-0.49572328,-0.26730156,0.2666476,-0.45803958,-0.35365435,3,Right,0.96,aug_3_028.jpg
0.0,0.0,0.0,-0.10705545,-0.28112075,0.011384702,-0.27998558,-0.50987935,-0.10275678,-0.1452807,-0.6532203,-0.14301696,0.07287406,-0.77777284,-0.09234213,-0.055474564,-0.93376476,-0.009375521,-0.15058802,-1.3865036,0.02825817,-0.07250781,-1.6698594,-0.039747417,-0.14709145,-2.1406965,-0.14762221,0.13538867,-0.990025,0.038993932,0.15930209,-1.422213,-0.07986163,0.108454585,-1.8642302,-0.10717072,0.017927647,-2.2029388,-0.20390244,0.30370688,-0.8248484,0.049126945,0.24193147,-0.6842275,-0.04911647,0.1938682,-0.6269144,-0.007134391,0.13799664,-0.5746402,-0.07780143,0.4463851,-0.7928174,-0.04491036,0.31189182,-0.7538135,0.018539349,0.37011084,-0.64902717,-0.04789171,0.3916759,-0.3937303,-0.1323179,U,Right,0.96,aug_U_008.jpg
0.0,0.0,0.0,-0.15590976,-0.21010534,0.008216592,-0.29757547,-0.4407405,0.097418286,-0.1339336,-0.6034911,-0.10448181,0.10798401,-0.64355415,-0.17102578,-0.028148135,-0.84964854,0.05286485,-0.1007642,-0.7730171,-0.083214656,-0.0483438,-0.5943051,-0.12023789,-0.044461038,-0.47589496,-0.03405308,0.059432577,-0.9981197,0.014993062,-0.013057403,-0.73557717,-0.08698479,0.036320828,-0.62557375,-0.2228481,0.15698516,-0.45021424,-0.03286011,0.22743492,-0.85570717,0.047403287,0.22271594,-0.76642656,-0.18646291,0.32173836,-0.64199287,0.008251205,0.11468328,-0.3836755,-0.101163864,0.4640857,-0.77638906,-0.016630536,0.40673646,-1.153584,-0.14617085,0.35176444,-1.4482142,-0.27501538,0.31106392,-1.3017292,-0.34313273,J,Right,0.96,aug_J_025.jpg
0.0,0.0,0.0,-0.30051512,-0.34102264,0.07177022,-0.32023534,-0.6242658,-0.2190268,-0.19014694,-0.6862408,-0.21632624,0.015383492,-0.68740803,-0.22992942,-0.18748268,-0.99950653,-0.09261735,-0.20754467,-1.3889822,-0.22661632,-0.35240495,-1.5930926,-0.23566096,-0.36681068,-1.4456863,-0.3546726,-0.030712953,-0.9982043,-0.051428404,0.0878837,-0.8640915,-0.15207726,0.08736863,-0.65687996,-0.116872944,0.104407884,-0.45459235,-0.10286021,0.17828397,-0.88041466,-0.008138497,0.25116146,-0.753075,-0.15686633,0.25773185,-0.7270265,-0.27083853,0.20569801,-0.52629346,-0.18974996,0.41692516,-0.7875092,-0.070254356,0.41219237,-0.7421174,-0.18778282,0.35500556,-0.5020256,-0.21679899,0.3116776,-0.48959762,-0.22624466,X,Right,0.96,aug_X_013.jpg
0.0,0.0,0.0,-0.12873921,-0.30213624,-0.023988236,-0.46850488,-0.5913792,-0.02826446,-0.78087777,-0.79900974,-0.06150868,-1.0252032,-0.92431706,-0.13429238,-0.23229548,-1.0441138,0.014664616,-0.38088968,-1.3722471,0.023227377,-0.3689372,-1.899875,-0.023841295,-0.3675521,-2.1855862,-0.13323355,-0.108516194,-0.99368674,0.028476391,-0.034830842,-1.6693333,-0.014568972,-0.014959407,-1.9176857,-0.03511814,0.026546491,-2.30855,-0.21815035,0.07846257,-0.9835418,-0.0100832535,0.2410131,-1.3874682,-0.05157524,0.2292615,-1.8171207,-0.053822793,0.20707877,-2.0678258,-0.08776869,0.3300716,-0.916832,-0.032779314,0.42198735,-1.2526253,-0.07914554,0.42828593,-1.4834476,-0.06316114,0.5210848,-1.8441975,-0.114492975,HELLO,Right,0.96,aug_HELLO_016.jpg
0.0,0.0,0.0,-0.21080849,-0.3511995,0.02086581,-0.4349615,-0.59909755,-0.02488025,-0.26122245,-0.7172624,-0.20324266,0.057220828,-0.7612753,-0.049493257,-0.21946672,-1.088814,0.01969184,-0.2634677,-1.580654,-0.0655249,-0.32807738,-1.9968339,-0.042453285,-0.35815904,-2.3331316,-0.1943308,-0.08441533,-0.9961983,-0.021513991,0.018176578,-0.9058209,-0.24250132,0.086647645,-0.6825057,-0.17447841,-0.01883589,-0.6438807,-0.024209104,0.12333165,-1.0420996,-0.027440652,0.13229394,-0.7875811,0.021933002,0.10452253,-0.7002227,-0.12526079,0.022494232,-0.43696263,-0.05105833,0.37997654,-0.77532494,0.08504407,0.3254867,-0.75152934,0.005871446,0.2176548,-0.5286226,-0.14304695,0.31251854,-0.5293322,-0.110447526,Z,Right,0.96,aug_Z_029.jpg
0.0,0.0,0.0,-0.202631,-0.3036597,-0.032262065,-0.2532369,-0.583867,-0.018571807,-0.20930064,-0.8010913,-0.15071158,-0.0045144856,-0.72596204,-0.19454241,-0.17822462,-0.9422762,-0.06279227,-0.21120282,-0.87352043,-0.213642,0.02440119,-0.6001336,-0.06677809,-0.06700701,-0.47765663,-0.12844133,0.05877933,-0.9975992,-0.036617517,0.041803237,-0.86360276,-0.036088582,0.080180705,-0.7033483,-0.1884742,0.031680245,-0.4277276,-0.06669786,0.16287468,-0.7317048,-0.019857548,0.14160304,-0.69507027,-0.08603943,0.16585663,-0.49586192,-0.13144383,0.060922056,-0.51287013,-0.06940679,0.39854148,-0.80231225,-0.09867966,0.32299295,-0.6079106,-0.13610625,0.19446093,-0.5695145,-0.06064107,0.26250046,-0.3775223,-0.084982775,M,Right,0.96,aug_M_004.jpg
0.0,0.0,0.0,-0.27163982,-0.45912048,-0.065511696,-0.42165014,-0.7159902,-0.060199834,-0.5731652,-0.7507024,-0.27865896,-0.33765373,-0.87283075,-0.2652952,-0.110748485,-0.91102785,-0.046635866,-0.22162503,-1.3319523,-0.16931008,-0.32069367,-1.6537191,-0.3874104,-0.5161671,-1.3512537,-0.32159165,-0.032551978,-0.9942687,-0.10183345,0.013814893,-1.4335967,-0.17403181,-0.08424884,-1.7249913,-0.33904645,-0.20252535,-1.5313238,-0.42669037,0.0978896,-0.9641213,-0.067047544,0.17832033,-1.3471928,-0.05884454,0.12814671,-1.5989866,-0.28735274,0.084875725,-1.4406917,-0.30132434,0.37631905,-0.8480874,-0.05370173,0.44361463,-1.2378314,-0.25493157,0.28966594,-1.6028187,-0.28532377,0.28770253,-1.4197185,-0.33125493,O,Right,0.96,aug_O_010.jpg
0.0,0.0,0.0,-0.13377519,-0.33002713,-0.023600854,-0.31563964,-0.6814564,-0.08148758,-0.45404756,-0.6793853,-0.1809943,-0.11846938,-0.80962044,-0.21164566,-0.088575765,-1.0626858,0.025486585,-0.20821947,-1.3030944,-0.19900249,-0.2868546,-1.5408454,-0.24519745,-0.34430367,-1.3973038,-0.38106143,0.18391337,-0.9829389,-0.0026314384,0.040752567,-1.533328,-0.06263081,0.07446717,-1.7739279,-0.0040574674,0.13810323,-2.340151,-0.18468639,0.2555518,-0.9275183,-0.028423248,0.1672765,-1.3035691,-0.17120475,0.19795753,-1.7640954,-0.12059627,0.19526596,-2.0790794,-0.09846103,0.4101305,-0.7489005,-0.092309706,0.45791376,-1.1812383,-0.11333135,0.5027095,-1.5878682,-0.09187118,0.48404238,-1.8128088,-0.114383094,F,Right,0.96,aug_F_012.jpg
0.0,0.0,0.0,-0.27919558,-0.30745712,-0.13430136,-0.5132948,-0.69555396,-0.11460558,-0.33494693,-0.6917792,-0.3055548,-0.08176237,-0.7667824,-0.25135934,-0.28123423,-1.0287019,-0.046812,-0.28884158,-0.9007175,-0.22276548,-0.31153753,-0.71644413,-0.18637316,-0.18702975,-0.49301335,-0.1705714,-0.13794175,-0.98605305,-0.09311995,-0.15457034,-0.88371,-0.15791443,-0.16944301,-0.71308154,-0.26384702,-0.11641111,-0.50563157,-0.25297388,0.10965502,-1.0872166,-0.0334424,-0.0020108235,-0.881984,-0.1629211,0.05241625,-0.7102984,-0.29037958,-0.05362356,-0.54770505,-0.20758963,0.22601527,-0.89212596,-0.071085475,0.22039403,-0.7448001,-0.3439645,0.15763864,-0.5522272,-0.27399,0.15452246,-0.5759686,-0.33085376,S,Right,0.96,aug_S_001.jpg
0.0,0.0,0.0,-0.30976933,-0.24953187,-0.02716934,-0.38923594,-0.6152986,-0.1363612,-0.20242074,-0.5665189,-0.22847305,-0.020051776,-0.75130725,-0.20256846,-0.31604263,-0.9330441,0.053782225,-0.3020903,-1.3801694,-0.1263516,-0.36081642,-1.7719436,-0.13352755,-0.39164898,-2.115916,-0.21606293,-0.062207837,-0.996055,-0.06328355,-0.09674122,-1.5757412,-0.048747398,-0.17197983,-1.9149909,-0.09221464,-0.13253759,-2.3402584,-0.11352618,0.07463246,-0.7993994,-0.10005428,-0.02551655,-0.74691653,-0.20677148,0.08601176,-0.55641156,-0.13572952,0.0016356314,-0.3818983,-0.2368906,0.29823232,-0.73693407,0.057232745,0.3113237,-0.63687354,-0.13017027,0.28378925,-0.5433988,-0.29709455,0.10206598,-0.43426582,-0.11225251,H,Right,0.96,aug_H_032.jpg
0.0,0.0,0.0,-0.20411596,-0.23500383,-0.014913329,-0.3208059,-0.670134,-0.1144961,-0.03875581,-0.7528209,-0.17497444,0.028180564,-0.7015019,-0.23919882,-0.13383746,-1.0197443,-0.028114691,-0.21940893,-1.407058,-0.033060826,-0.24088234,-1.6816792,-0.0929292,-0.20622776,-2.1120667,-0.11463996,0.029871346,-0.9952754,-0.092383295,0.060293682,-1.4958832,-0.049403302,0.12840618,-1.7415001,-0.047326054,-0.008043316,-2.139338,-0.22100328,0.18882596,-0.8000967,-0.0644727,0.21519485,-0.7086244,-0.06365216,0.09258605,-0.6050279,-0.17008986,0.17105643,-0.58854204,-0.14305677,0.38437173,-0.86357707,-0.078782365,0.23539433,-0.71250826,-0.0907439,0.29685357,-0.5374505,-0.21561782,0.30158335,-0.4612341,-0.16027941,R,Right,0.96,aug_R_013.jpg
0.0,0.0,0.0,-0.057143226,-0.3800977,-0.12808204,-0.255794,-0.46517348,-0.04758853,-0.19420572,-0.71228826,-0.21385829,0.12926039,-0.7238667,-0.194301,-0.11351915,-0.9390011,-0.14880028,-0.15045036,-0.8032742,-0.11844574,-0.00973258,-0.5876879,-0.23638488,0.030930554,-0.4955786,-0.26351348,0.124055035,-0.9814283,-0.14631714,0.11884838,-0.8480068,-0.1573381,0.11750442,-0.6693979,-0.28538916,0.16466115,-0.43809304,-0.19596358,0.28242397,-0.8267299,-0.05282034,0.18513297,-0.74301606,-0.20073065,0.25744066,-0.5930243,-0.15508495,0.19826071,-0.46879563,-0.17864208,0.48928222,-0.66890186,-0.0795569,0.5537538,-1.0779941,-0.1115051,0.40672866,-1.2261014,-0.27137524,0.26102626,-1.2639232,-0.3681763,J,Right,0.96,aug_J_034.jpg
0.0,0.0,0.0,-0.17149916,-0.25310156,-0.029221974,-0.21268368,-0.6123585,-0.17129794,-0.19090757,-0.76837075,-0.1590466,-0.035857096,-0.686676,-0.2754822,-0.17346777,-0.9909804,-0.12900272,-0.1303806,-1.341044,-0.17226909,-0.25117677,-1.8161554,-0.152197,-0.28166124,-2.0973794,-0.16471699,-0.0177376,-0.9998198,-0.0067529934,0.020228101,-1.5485104,-0.16515642,0.019552162,-1.9905046,-0.2549537,0.05168417,-2.2278562,-0.2614608,0.19532274,-0.84331214,-0.15124318,0.1851453,-1.440456,-0.1725633,0.1804062,-1.768409,-0.12980339,0.20577401,-2.0772066,-0.20598125,0.4092992,-0.7892137,-0.07947706,0.415015,-1.12931,-0.06754359,0.5709047,-1.4766147,-0.2685125,0.5564012,-1.8169476,-0.31220576,B,Right,0.96,aug_B_003.jpg
0.0,0.0,0.0,-0.069900006,-0.27854726,-0.06286323,-0.27582437,-0.48672962,-0.08069471,-0.51689154,-0.7969429,-0.19355555,-0.77770114,-0.8095411,-0.20810658,-0.15130611,-0.8404808,-0.17617193,-0.08865866,-0.7513264,-0.18487605,-0.06176492,-0.6099957,-0.20048422,-0.047681924,-0.43037224,-0.19404438,-0.057389263,-0.9896042,-0.13187134,0.059652418,-0.72826284,-0.07804948,-0.013124369,-0.52612036,-0.2977968,0.03794321,-0.45507658,-0.18996723,0.18666463,-0.83243847,-0.13934474,0.2035566,-0.70222545,-0.1427691,0.1469482,-0.6071227,-0.17595881,0.1981873,-0.5361583,-0.27336556,0.38006958,-0.73101944,-0.072091915,0.5306393,-1.0136442,-0.13361934,0.5957275,-1.3721013,-0.168629,0.71710205,-1.6234516,-0.1989141,Y,Right,0.96,aug_Y_022.jpg
0.0,0.0,0.0,-0.23588681,-0.19436485,-0.06698707,-0.42125455,-0.5880439,-0.12551495,-0.31196368,-0.5768598,-0.13267593,0.014078309,-0.71675605,-0.23935777,-0.19792844,-0.97871673,0.0003701254,-0.5471861,-1.4190392,-0.17020147,-0.53062236,-1.7548661,-0.12547958,-0.6803985,-2.2830527,-0.16856107,-0.12841739,-0.9900614,-0.057335038,0.05037708,-1.4729555,-0.22102283,0.31738105,-1.8864765,-0.20145884,0.5184171,-2.2013342,-0.1539155,0.10313572,-0.84082854,-0.07790737,0.16538925,-0.7254332,-0.24008738,0.088298984,-0.6437271,-0.24773057,0.03679945,-0.44140273,-0.15300289,0.30657622,-0.6696984,-0.15921131,0.24217142,-0.5290488,-0.22142793,0.31276116,-0.50511694,-0.20802651,0.24815719,-0.3652793,-0.12907444,V,Right,0.96,aug_V_019.jpg
0.0,0.0,0.0,-0.19763882,-0.18605462,0.08058515,-0.37944046,-0.55637616,-0.056703277,-0.11728346,-0.6647019,-0.06212321,-0.0067757787,-0.67096895,-0.2205928,-0.1341597,-0.8579635,0.0010332929,-0.21756773,-0.73590916,-0.11956173,-0.13279912,-0.5811209,-0.2171675,0.05725219,-0.48739603,-0.12813918,-0.08980318,-0.99595577,-0.0027485588,0.011199606,-0.65388846,-0.07357862,-0.0056226887,-0.59565324,-0.05976845,0.050351247,-0.48132065,-0.13558543,0.1826008,-0.82377404,0.032228027,0.17504208,-0.68599164,-0.10888691,0.20966579,-0.4979694,-0.13380052,0.004095046,-0.39879507,-0.1013304,0.2051611,-0.66303694,-0.029448055,0.37988195,-1.1123843,-0.05875835,0.5068199,-1.3911675,-0.044206243,0.3927441,-1.6313338,-0.13746953,I,Right,0.96,aug_I_025.jpg
0.0,0.0,0.0,-0.13342689,-0.25105733,-0.040210895,-0.35286528,-0.4763324,0.065116905,-0.7000298,-0.736815,-0.15722834,-0.9190898,-0.9286995,-0.19796029,-0.02697837,-1.0279261,-0.15403555,-0.10035776,-0.82585067,-0.14591622,0.06358514,-0.5691652,-0.16015765,-0.08738774,-0.44082424,-0.25714713,0.020269409,-0.9997945,0.00041643577,0.04191521,-0.84471095,-0.055164345,-0.04550967,-0.62756413,-0.18677028,0.108778805,-0.49322906,-0.13141555,0.26254842,-1.007403,-0.015753271,0.09403179,-0.7359338,-0.15080094,0.26372325,-0.6219363,-0.2013752,0.21621518,-0.51715374,-0.10494107,0.46342838,-0.7774509,-0.08933974,0.7013621,-1.1134726,-0.10493971,0.788423,-1.422087,-0.10200665,0.93288106,-1.7584975,-0.06771903,Y,Right,0.96,aug_Y_006.jpg
0.0,0.0,0.0,0.29568103,0.10990284,0.06654819,0.47103682,0.34853747,0.08453246,0.58388716,0.5334973,0.06384113,0.676531,0.66865146,0.041753575,0.41344854,0.86948746,0.13156497,0.6351289,1.1680962,0.124496944,0.78098774,1.3013024,0.10973444,0.8959332,1.4084339,0.096113,0.37736404,0.92415684,0.059418604,0.64342946,1.132713,0.045831382,0.765602,1.1040359,0.020496981,0.8135653,1.0639899,0.006048605,0.33653054,0.9100212,-0.016767567,0.60886276,0.9914083,-0.046667818,0.6601873,0.7769469,-0.05099007,0.61306417,0.6078625,-0.040525705,0.30709726,0.8459724,-0.090723895,0.5345963,0.924735,-0.10259014,0.5931571,0.7971949,-0.084655344,0.56305337,0.6755414,-0.062085476,E,Right,0.95,63.jpg
0.0,0.0,0.0,-0.21541718,-0.22951007,-0.056944743,-0.28889522,-0.5118228,-0.00060583674,-0.11430281,-0.66676354,-0.09474774,-0.04346361,-0.6379054,-0.1499007,-0.16864686,-0.81566405,0.010336715,-0.16662796,-1.3159069,-0.19885565,-0.3638343,-1.4690781,-0.1846512,-0.40342832,-1.4732201,-0.24790543,0.05585891,-0.9948163,0.08497173,-0.018372716,-1.4518957,-0.06128469,0.10589926,-1.5864258,-0.14304267,-0.11727,-1.4750483,-0.2518093,0.2216214,-0.8297093,0.08768662,0.20171398,-1.392731,-0.12536266,0.10972039,-1.5373386,-0.2804822,0.15282913,-1.3543222,-0.22821529,0.47992316,-0.74402434,0.054737214,0.5009136,-1.2087309,-0.08664358,0.3086079,-1.4376142,-0.08736725,0.32026395,-1.3024268,-0.25112116,E,Right,0.96,aug_E_030.jpg
0.0,0.0,0.0,-0.08245191,-0.24398719,0.06608594,-0.1299602,-0.5650866,-0.05941583,-0.034522276,-0.585273,-0.24470659,0.21894234,-0.6993596,-0.18281627,-0.08819887,-0.94630617,-0.04550138,-0.20598377,-1.5386382,-0.12271982,-0.23674446,-1.7803545,-0.13356805,-0.23321445,-2.1144092,-0.2077699,0.020954289,-0.9997592,0.0065108403,-0.003875875,-1.5263746,-0.07675171,0.26047876,-1.8389719,-0.15111831,0.13627106,-2.4570112,-0.26857728,0.33810103,-0.8802137,-0.044899035,0.25359482,-0.74421984,-0.15284818,0.19006881,-0.611581,-0.2799045,0.16694072,-0.3828701,-0.21793991,0.5291318,-0.73720473,-0.084153555,0.38707763,-0.6701142,-0.14817192,0.43109658,-0.49399057,-0.1695599,0.2601438,-0.35349527,-0.2731537,U,Right,0.96,aug_U_034.jpg
0.0,0.0,0.0,0.51267236,-0.07286622,0.11333732,0.89478874,-0.21363041,0.12948291,1.2403554,-0.2633165,0.078457065,1.5644697,-0.28377518,0.026254015,0.5503318,-0.7891769,0.30653644,1.0335635,-0.852097,0.21412192,1.416159,-0.8495064,0.087887004,1.7061563,-0.8319859,-0.00097150466,0.48055622,-0.8638362,0.15117118,1.0732098,-0.92085505,0.06986565,1.484016,-0.90548617,-0.031891532,1.8055255,-0.86582696,-0.1042441,0.4571645,-0.872517,-0.028525546,1.0655644,-0.9442205,-0.1112178,1.4731058,-0.93122685,-0.16267702,1.784922,-0.89444816,-0.1931998,0.47839618,-0.8205376,-0.21196719,0.98452806,-0.91995156,-0.27471846,1.3171808,-0.9281172,-0.27877477,1.5907878,-0.9075407,-0.27544504,C,Right,0.95,387.jpg
0.0,0.0,0.0,-0.094298,-0.1974819,0.03617163,-0.35895488,-0.5791835,0.031761143,-0.6146343,-0.6287206,-0.080522016,-0.8862929,-0.7673547,-0.06585813,-0.10402169,-0.86213875,0.05673379,-0.13087443,-1.281186,-0.044201516,-0.16173506,-1.652551,-0.028267363,-0.2767264,-2.0567195,-0.045466654,-0.11545044,-0.9919384,0.05224545,0.053597078,-1.2657206,-0.0959388,-0.14668307,-1.4109511,-0.17646413,-0.10452977,-1.3176064,-0.20681646,0.1965248,-0.9005042,0.13813508,0.21692236,-0.74153376,-0.07842258,0.14298046,-0.4912348,-0.21466553,0.08656259,-0.5087053,-0.11821747,0.34523526,-0.671307,-0.0060196756,0.28801727,-0.5577506,-0.037263047,0.31215724,-0.47008836,-0.13296859,0.23478056,-0.3494247,-0.21556668,P,Right,0.96,aug_P_002.jpg
0.0,0.0,0.0,-0.30618525,-0.1699851,-0.06505818,-0.36042425,-0.5936322,-0.06694031,-0.2432283,-0.7244633,-0.32248178,-0.07486632,-0.74840826,-0.20470522,-0.354432,-1.0658745,0.061906718,-0.24041854,-1.5888755,-0.037515678,-0.3937991,-2.1097205,-0.20735289,-0.32508913,-2.438004,-0.21689722,-0.07618012,-0.995463,0.05700788,0.08170684,-1.6994389,-0.07862799,-0.15245894,-2.0148025,-0.2226057,-0.04379456,-2.6463354,-0.2385548,0.099090025,-1.0484557,-0.07871662,0.16944632,-1.480509,-0.16642164,0.21764122,-1.8743172,-0.18157125,0.15881114,-2.330799,-0.12768541,0.3727038,-0.88693047,-0.014586902,0.34367508,-1.2810761,-0.071545325,0.44571996,-1.7420378,-0.20498422,0.4985424,-1.978106,-0.24159147,B,Right,0.96,aug_B_010.jpg
0.0,0.0,0.0,-0.21255788,-0.28197616,0.041972723,-0.3810165,-0.51499236,-0.06538581,-0.20187369,-0.7182978,-0.03717514,-0.013345441,-0.7083878,-0.0523413,-0.16889198,-0.9014135,-0.015157136,-0.40890932,-1.3069543,-0.1376831,-0.5965102,-1.8106474,-0.0934205,-0.72237915,-2.3103704,-0.028014041,0.026172929,-0.9996465,0.004664397,0.009574787,-1.4774497,-0.041642264,0.007379322,-1.7557285,-0.10308698,0.0029244043,-2.222627,-0.17395854,0.121883325,-0.9278308,-0.042988524,0.28283307,-1.2739295,-0.08266175,0.4103378,-1.6965084,-0.109292425,0.6949308,-2.0990236,-0.12119371,0.3581127,-0.7492421,-0.069158666,0.32312995,-0.7662752,-0.16089645,0.2224,-0.5433855,-0.14650305,0.2807336,-0.40961462,-0.14200409,W,Right,0.96,aug_W_016.jpg
0.0,0.0,0.0,-0.020036334,-0.19178776,-0.044054303,-0.38593036,-0.53918344,-0.13384967,-0.18143633,-0.60593337,-0.19916834,0.040796816,-0.67872727,-0.10567187,-0.16638876,-0.9779335,-0.14577098,-0.1643266,-1.529694,-0.15642975,-0.28044495,-1.766295,-0.17772172,-0.25326708,-2.105616,-0.1572532,0.03742793,-0.99878377,-0.032095246,-0.036467638,-1.4371226,-0.119443044,0.08286927,-1.8367445,-0.16699226,0.067477934,-2.3448613,-0.2587602,0.34676796,-0.82861876,-0.020321779,0.17942418,-0.7206896,-0.14489894,0.2672329,-0.5922951,-0.19488434,0.19203363,-0.38920003,-0.23330626,0.5074162,-0.8057094,-0.14430542,0.4148911,-0.6051124,-0.18801637,0.31546596,-0.51358557,-0.2727879,0.29078415,-0.48304024,-0.15780711,R,Right,0.96,aug_R_024.jpg
0.0,0.0,0.0,-0.2862046,-0.16516931,0.11032149,-0.38337386,-0.5312117,-0.09151515,-0.47275838,-0.70678186,-0.18877263,-0.32654014,-0.7543633,-0.13476138,-0.081705004,-0.97558296,-0.009526835,-0.32280454,-1.3758873,-0.046872936,-0.43438035,-1.601364,-0.15309866,-0.4445431,-1.4816804,-0.28122374,-0.12552834,-0.9918322,0.022616863,-0.017147446,-1.4094157,0.012787005,-0.094417214,-1.9063675,-0.083942935,0.084455274,-2.3806179,-0.121507354,0.18665758,-0.9448255,-0.0717104,0.20667693,-1.333457,-0.10834834,0.21413876,-1.8049247,-0.19414966,0.2337516,-2.0850399,-0.08968921,0.41344017,-0.7403632,0.041687153,0.42746073,-1.3279572,-0.11935572,0.42186493,-1.5169358,-0.06431855,0.5039046,-1.8239319,-0.11822699,F,Right,0.96,aug_F_013.jpg
0.0,0.0,0.0,-0.2864663,-0.25277036,-0.1441389,-0.43437767,-0.565789,-0.17834124,-0.2790586,-0.8160664,-0.21700326,-0.028810464,-0.95120007,-0.23842007,-0.48533586,-0.9141912,0.1464552,-0.5053912,-1.1889328,0.09759427,-0.47347346,-1.3364941,0.0039450875,-0.4376426,-1.4808434,-0.08171464,-0.25427762,-0.95554024,0.14928415,-0.27016658,-1.2632948,0.12804711,-0.26696843,-1.4267879,0.05365368,-0.26693088,-1.590518,-0.0177704,-0.039824437,-0.9354863,0.10942425,-0.05147973,-1.2306615,0.07132325,-0.07249852,-1.3935273,0.02880484,-0.09381051,-1.5469599,-0.015302674,0.19167311,-0.860417,0.04340676,0.17607087,-1.0959048,0.018085815,0.15535755,-1.2341373,0.015513781,0.13868378,-1.3649296,0.002294976,B,Right,0.95,65.jpg
0.0,0.0,0.0,-0.13244633,-0.18374343,0.043349627,-0.3857367,-0.56226534,-0.020099105,-0.24037796,-0.6742977,-0.17392232,-0.038656544,-0.7093941,-0.22254138,-0.16377543,-0.92647165,-0.03986515,-0.24997376,-1.2962937,-0.06699917,-0.30498993,-1.6908616,-0.13822778,-0.39084348,-2.0497694,-0.14799841,-0.02244771,-0.9982933,-0.05391365,-0.117184095,-1.4085454,-0.10730475,0.0688909,-1.7246646,-0.18107767,-0.08685843,-2.1035852,-0.13025525,0.22641413,-0.80555934,-0.023547972,0.1618795,-0.7334209,-0.13106531,0.027806083,-0.533325,-0.16824868,0.04208472,-0.52327263,-0.11265308,0.35161045,-0.7831072,-0.021852184,0.2995302,-0.7158308,-0.09997752,0.2390853,-0.49357492,-0.0739272,0.32491288,-0.37761497,-0.16173266,R,Right,0.96,aug_R_032.jpg
0.0,0.0,0.0,-0.11982349,-0.28019765,-0.19607273,-0.31519026,-0.49709192,-0.17508928,-0.6870968,-0.7468126,-0.17011854,-1.0054536,-0.93676746,-0.15585962,-0.23299664,-0.902693,-0.025867227,-0.21977265,-0.7795432,-0.18915378,-0.024122132,-0.5183349,-0.16401526,0.052064367,-0.4064622,-0.22729908,-0.062486544,-0.9965662,-0.054326087,0.07445038,-0.80143154,-0.06831637,-0.06824769,-0.59285355,-0.18457875,0.028238218,-0.39926553,-0.20047608,0.2505974,-0.8740056,-0.08088237,0.117395125,-0.59001344,-0.16430576,0.19018872,-0.58337504,-0.11596665,0.11626507,-0.40788388,-0.25827667,0.5073274,-0.7030134,0.040245008,0.56346756,-1.1260678,-0.14209068,0.7261527,-1.3986921,-0.27806196,0.88412136,-1.8193733,-0.25918233,Y,Right,0.96,aug_Y_023.jpg
0.0,0.0,0.0,-0.06945812,-0.36818862,0.015486136,-0.31474507,-0.5506056,0.018248364,-0.15007372,-0.7092778,-0.031670496,0.15271121,-0.8188339,-0.032378662,-0.039480966,-0.9591849,0.026191555,-0.13540179,-0.9019577,-0.040090565,-0.07036562,-0.6328743,-0.0783213,0.118321076,-0.4580944,-0.07360019,-0.041799847,-0.992388,0.11583999,0.04982968,-0.7174079,-0.029109947,0.08849183,-0.7092691,-0.022331363,0.028199488,-0.5524595,-0.20370314,0.29934356,-0.8926121,0.03160157,0.24633503,-0.7555255,-0.07783873,0.16461417,-0.7480914,-0.11242718,0.09191921,-0.51350164,-0.11150236,0.40839577,-0.7340635,-0.021798983,0.28626147,-0.71291083,-0.09790221,0.347145,-0.6158262,-0.08037266,0.24384584,-0.5302754,-0.069875084,S,Right,0.96,aug_S_023.jpg
0.0,0.0,0.0,0.53167045,-0.07591983,0.05974499,0.90704525,-0.23990887,0.04426453,1.2644746,-0.29172263,-0.027745366,1.5935398,-0.32635733,-0.09334734,0.43909532,-0.8581338,0.22360863,0.980568,-0.88958687,0.08660147,1.3897575,-0.8691775,-0.06432816,1.6857835,-0.83556604,-0.16190085,0.38267913,-0.9194696,0.09017927,1.0285352,-0.96480525,-0.022158673,1.4517629,-0.9446921,-0.12605688,1.7865638,-0.9072249,-0.19550008,0.39586154,-0.9062042,-0.071203016,1.0388026,-0.9789319,-0.17433926,1.4635334,-0.9735869,-0.22238718,1.7910621,-0.9460447,-0.24563561,0.46421406,-0.83319557,-0.24136125,0.97294915,-0.9467074,-0.31646487,1.3132633,-0.9662229,-0.32093635,1.5927495,-0.9510133,-0.31347594,C,Right,0.95,329.jpg
0.0,0.0,0.0,-0.15766083,-0.10392594,-0.018759927,-0.45609942,-0.64741504,-0.14312579,-0.22447604,-0.6344977,-0.2629485,0.012512765,-0.64425516,-0.13522756,-0.13883935,-0.95684016,-0.00046118628,-0.26788628,-1.3988324,-0.040325902,-0.3709672,-1.8573047,-0.09686261,-0.40207884,-2.223201,-0.1677378,0.005031844,-0.9977896,-0.06626152,-0.096570894,-1.6244518,-0.07764199,0.05847589,-1.9862055,-0.10046233,0.015146486,-2.4572678,-0.19826126,0.2269289,-0.8937597,-0.05650522,0.08839428,-0.77211744,-0.10312379,0.18827744,-0.59442025,-0.23256435,0.015590947,-0.45706412,-0.1646445,0.31363288,-0.7137684,-0.15805401,0.33451396,-0.7700439,-0.0698915,0.24804081,-0.4809041,-0.19683336,0.29371536,-0.53800374,-0.120217875,H,Right,0.96,aug_H_004.jpg
0.0,0.0,0.0,0.46314704,0.003609407,-0.048985515,0.9309923,-0.14690349,-0.08179002,1.356045,-0.22526264,-0.15122901,1.73111,-0.26841465,-0.21583153,0.67471015,-0.6761687,0.2626598,1.092266,-0.8089952,0.17635655,1.4417412,-0.8496145,0.05090078,1.6952446,-0.8691244,-0.03034381,0.5798239,-0.7912099,0.19439973,1.096811,-0.93539447,0.12378176,1.4916825,-0.9690164,0.016634239,1.8264123,-0.9814225,-0.048598997,0.49269864,-0.8692504,0.084913224,1.0221657,-1.0434778,0.0028822676,1.4375551,-1.0678276,-0.04814747,1.7704817,-1.0677326,-0.06740652,0.4117527,-0.9027339,-0.04088392,0.9064461,-1.0749451,-0.0924512,1.2570715,-1.1061385,-0.08088695,1.5453925,-1.0997111,-0.06020275,C,Right,0.95,30.jpg
0.0,0.0,0.0,-0.19263507,-0.29281762,0.025376722,-0.47107995,-0.69554216,-0.09426542,-0.25397953,-0.721172,-0.25536215,-0.07691442,-0.66382533,-0.20549059,-0.2771853,-1.0216855,0.0070000794,-0.19009359,-1.5678765,-0.14178684,-0.29257402,-1.8635304,-0.23581117,-0.43330494,-2.2980359,-0.29247615,-0.04887537,-0.994827,-0.08905381,0.038063597,-1.577802,-0.10885252,-0.116997905,-1.889649,-0.13895774,-0.11328254,-2.3573153,-0.22571988,0.16854571,-0.95463365,0.017118298,0.054453637,-0.7948462,-0.070575394,0.26028654,-0.62682426,-0.17215689,0.086558625,-0.45739958,-0.20871283,0.39808622,-0.703309,-0.05765387,0.1925116,-0.781644,-0.12896912,0.2119039,-0.611595,-0.2091986,0.24376065,-0.5513359,-0.22549018,H,Right,0.96,aug_H_016.jpg
0.0,0.0,0.0,-0.08056311,-0.0700855,-0.08488589,-0.38500303,-0.615448,-0.1662384,-0.061770402,-0.6415708,-0.33026502,0.039899636,-0.8160373,-0.21888629,-0.18887238,-1.0059347,-0.21723278,-0.10481236,-0.7578304,-0.24485093,-0.109722845,-0.6633324,-0.26544926,-0.09963231,-0.55541337,-0.1743103,-0.108442165,-0.98973745,-0.09305936,0.1381534,-0.84082377,-0.22637826,-0.003267955,-0.61538374,-0.2935897,-0.021665102,-0.5345557,-0.30729216,0.17683215,-0.9180692,-0.12050471,0.2183109,-0.77093107,-0.274129,0.06484203,-0.6964628,-0.20904872,0.18144941,-0.43566987,-0.20478873,0.4884873,-0.7560512,-0.0057839304,0.39505428,-0.56884223,-0.24102855,0.2928856,-0.5511325,-0.25506654,0.26401764,-0.41336763,-0.25879052,S,Right,0.96,aug_S_003.jpg
0.0,0.0,0.0,-0.22289777,-0.2620093,-0.023839712,-0.22589865,-0.47294426,-0.098583646,-0.54471725,-0.957225,-0.014416447,-0.6798236,-1.3023871,-0.13498206,-0.18930718,-0.88549775,-0.03756614,-0.22697544,-1.2948824,-0.08457526,-0.32013494,-1.7021463,-0.106979705,-0.26093224,-2.0415075,-0.13356213,0.016113685,-0.99986154,0.0041618817,0.065738015,-1.4951042,-0.04439618,0.074011475,-1.7683017,-0.019037688,-0.010591004,-2.2862911,-0.12131458,0.21396035,-0.80127716,0.062342316,0.17924799,-0.70138013,-0.0980982,0.08678154,-0.60383326,-0.08013737,0.14166252,-0.43446922,-0.15440755,0.35642108,-0.7162289,-0.02900725,0.29936215,-0.6382252,-0.047926158,0.27212888,-0.58351874,-0.17062984,0.24947727,-0.4244084,-0.11917725,3,Right,0.96,aug_3_026.jpg
0.0,0.0,0.0,-0.13008419,-0.25802103,-0.009173039,-0.38199535,-0.59333825,-0.063315414,-0.12054399,-0.691013,-0.2692592,0.08477286,-0.7081833,-0.22748499,-0.2060275,-0.85724753,0.024772905,-0.23380871,-1.2506304,-0.16721155,-0.29828086,-1.7078315,-0.22677526,-0.292319,-2.134971,-0.31159535,-0.105845936,-0.9919805,-0.069075204,-0.085119516,-1.4629323,-0.12720972,-0.020243647,-1.8853569,-0.16930906,-0.018868102,-2.1893134,-0.2979348,0.17624855,-0.95291966,-0.104660995,0.065233715,-0.7977585,-0.18257636,0.09401243,-0.532287,-0.16356942,0.12320401,-0.43345478,-0.22058302,0.4221618,-0.7638823,0.023424914,0.25472954,-0.71866477,-0.25819188,0.1942856,-0.6099824,-0.21602625,0.26176006,-0.42896947,-0.3029618,2,Right,0.96,aug_2_025.jpg
0.0,0.0,0.0,-0.0665773,-0.3089422,-0.1728797,-0.27095932,-0.58232516,-0.2038153,-0.558405,-0.7863262,-0.26056147,-0.80971676,-1.0162222,-0.24489093,0.039129086,-0.98378843,-0.12595417,-0.080243945,-1.3163545,-0.20122917,-0.25868607,-1.7092113,-0.22375725,-0.22674882,-2.0707488,-0.26561692,0.10784742,-0.98181784,-0.15621386,0.10899967,-1.4816849,-0.15486448,0.057244215,-1.8044038,-0.3134006,0.070418455,-2.162778,-0.32584825,0.24348521,-1.0359509,-0.21506263,0.24588734,-1.3340099,-0.17065194,0.29962233,-1.699824,-0.24973047,0.33911934,-1.9677728,-0.29005012,0.496538,-0.68527746,-0.20880467,0.4997374,-1.0106313,-0.1733736,0.5215437,-1.4699551,-0.20526177,0.5542552,-1.8291882,-0.27432173,5,Right,0.96,aug_5_025.jpg
0.0,0.0,0.0,0.5319617,-0.064252615,0.08996726,0.92013454,-0.22445518,0.0894887,1.2763666,-0.27103055,0.025756633,1.6075708,-0.2707609,-0.037456203,0.5067252,-0.8369482,0.26818037,1.0109154,-0.91321564,0.14854105,1.4244038,-0.91285855,0.004103564,1.7384044,-0.8894279,-0.095350005,0.42363206,-0.89824253,0.117030814,1.0449679,-0.967298,0.009742304,1.4861268,-0.9562056,-0.10664881,1.839584,-0.91537786,-0.1862413,0.40597704,-0.89212734,-0.059722748,1.0348057,-0.9711396,-0.15986444,1.4668852,-0.9593179,-0.21667837,1.800194,-0.92114496,-0.24626367,0.44840446,-0.8216526,-0.2427772,0.96048796,-0.9368599,-0.31291902,1.2981634,-0.9508444,-0.31978127,1.576859,-0.9340537,-0.31647974,C,Right,0.95,473.jpg
0.0,0.0,0.0,-0.13705438,-0.28885582,-0.12142853,-0.34050384,-0.5542837,-0.19647017,-0.18538985,-0.6308829,-0.27293214,-0.0012891559,-0.71992445,-0.27217117,-0.17454089,-0.9354684,-0.0551311,-0.37043133,-1.435546,-0.07727584,-0.5436479,-1.8355108,-0.29102576,-0.62863404,-2.1698718,-0.22945295,0.040248975,-0.9874435,-0.152759,0.06311747,-1.4074852,-0.13876814,0.06814272,-1.8872522,-0.23554243,0.054892458,-2.161762,-0.261013,0.1994157,-0.8694464,-0.11777505,0.36996317,-1.3977118,-0.115215965,0.4659472,-1.7914542,-0.23905784,0.67558044,-2.036287,-0.29899642,0.4435115,-0.74073106,-0.042107347,0.33551908,-0.63943934,-0.08393551,0.30921808,-0.59143597,-0.15033618,0.2826263,-0.43584418,-0.13203695,W,Right,0.96,aug_W_003.jpg
0.0,0.0,0.0,-0.2202019,-0.29352614,-0.08345363,-0.3824669,-0.52994764,-0.055999476,-0.6018579,-0.94763285,-0.2444636,-0.73201436,-1.2522403,-0.2524738,-0.17516156,-0.8928329,-0.13774027,-0.21681675,-1.2505088,-0.2596007,-0.39675066,-1.526943,-0.33973262,-0.42629713,-1.2818173,-0.46059114,0.039890736,-0.9910992,-0.12700796,-0.07099973,-0.8171917,-0.20645373,-0.06542836,-0.6261853,-0.15352355,-0.09030556,-0.40144506,-0.20562722,0.035721738,-0.9106997,-0.15531342,0.070637636,-0.6776991,-0.15040858,0.020790666,-0.5576937,-0.28519675,-0.014681483,-0.4407697,-0.18144837,0.32133207,-0.7428048,-0.11145022,0.1800901,-0.66093326,-0.22493121,0.18806793,-0.4200921,-0.2167384,0.09971224,-0.3892854,-0.16567037,T,Right,0.96,aug_T_006.jpg
0.0,0.0,0.0,-0.18041882,-0.24742042,-0.07478513,-0.3781265,-0.55904675,-0.2221601,-0.15698771,-0.7715933,-0.1452538,0.030045606,-0.6689253,-0.27216503,-0.15750143,-0.9764778,-0.15125215,-0.07140956,-0.88804525,-0.16967268,-0.07938841,-0.68934107,-0.29602847,-0.055924844,-0.6546111,-0.32683083,0.032158215,-0.9994825,0.0008059635,0.10100762,-0.9842975,-0.17648634,-0.012149911,-0.6887971,-0.18753064,0.0812311,-0.45201293,-0.33289075,0.18286143,-0.8995051,0.0010955725,0.19351922,-0.8398418,-0.12285874,0.22723834,-0.64737654,-0.3031016,0.21394883,-0.5432018,-0.3318535,0.40269887,-0.8751226,-0.0015961258,0.40790814,-1.2759689,-0.37600157,0.45711172,-1.6045396,-0.32468858,0.32101828,-1.3631935,-0.3795339,J,Right,0.96,aug_J_031.jpg
0.0,0.0,0.0,-0.19120085,-0.23213543,-0.032475144,-0.421197,-0.550916,0.033496395,-0.5944883,-0.8090516,-0.13132071,-1.0202345,-0.91399264,-0.2167093,-0.25338453,-0.9270753,-0.0094813965,-0.36407545,-1.3172735,-0.13025546,-0.36321515,-1.8126369,-0.15156431,-0.4034263,-2.1419861,-0.2893812,-0.044808,-0.9951597,0.08746113,-0.02617622,-0.85899687,-0.17976376,-0.05663311,-0.6353255,-0.18687159,-0.04841048,-0.42890608,-0.18063825,0.024020405,-0.87450147,-0.013436403,-0.010249417,-0.76711816,-0.16915946,0.10216093,-0.5590783,-0.16980971,0.09215605,-0.5923133,-0.23998791,0.40236828,-0.7733824,0.0034147522,0.31356782,-0.72993886,-0.073860995,0.24499123,-0.6393437,-0.081465304,0.23453526,-0.5516369,-0.15008822,G,Right,0.96,aug_G_010.jpg
0.0,0.0,0.0,-0.065711394,-0.26833537,0.05901079,-0.19769138,-0.6633546,-0.17773947,-0.018254263,-0.7086854,-0.2297919,0.024698643,-0.7672328,-0.18110886,-0.07796373,-0.9543145,-0.0941178,-0.2964891,-1.4182835,-0.06598069,-0.48354584,-1.7233889,-0.123253286,-0.61200714,-2.2898164,-0.0932431,0.12058251,-0.99133533,-0.052096408,0.12707365,-1.4624982,0.011062106,0.3365889,-1.753218,-0.15721579,0.5157381,-2.2082467,-0.1291179,0.2100448,-0.8260672,0.057306364,0.17453635,-0.7875377,-0.12824921,0.23810953,-0.6637007,-0.21732558,0.07093053,-0.4622384,-0.21227688,0.3818125,-0.7548023,-0.09749474,0.3685564,-0.689614,-0.1969575,0.32542583,-0.52030665,-0.13078548,0.29786417,-0.43992215,-0.10210771,V,Right,0.96,aug_V_007.jpg
0.0,0.0,0.0,-0.19288222,-0.31735748,0.0044605024,-0.36502078,-0.61218095,-0.09078896,-0.12989216,-0.70293486,-0.08611583,-0.15184867,-0.76993436,-0.097319126,-0.111374594,-1.1501918,0.08536477,-0.32756516,-1.7170562,-0.014197974,-0.60568345,-2.087642,-0.12914377,-0.8151033,-2.6375713,-0.16489577,0.04461571,-0.9980893,0.042746574,0.16077526,-1.7276305,-0.10918938,0.4356619,-2.1297274,-0.02448183,0.55648774,-2.6397598,-0.12419644,0.20053473,-1.08056,0.12435495,0.11226699,-0.7850261,-0.044182304,0.071923,-0.7486658,-0.1702705,0.043887325,-0.41513234,-0.16380669,0.47479528,-0.81143093,0.02527131,0.36745685,-0.6589694,-0.15051241,0.42184705,-0.6605226,-0.101187564,0.16894141,-0.4922404,-0.14508606,V,Right,0.96,aug_V_028.jpg
0.0,0.0,0.0,-0.20559046,-0.35047933,0.009172733,-0.37223443,-0.62523377,-0.10912422,-0.41132647,-0.7552284,-0.1238697,-0.36000252,-0.8328789,-0.20870763,-0.25645187,-0.9597514,-0.16076392,-0.2885611,-1.4631604,0.011140927,-0.37338296,-1.5914224,-0.10756374,-0.36242592,-2.0242167,-0.20964418,-0.10915495,-0.9939444,-0.012640143,0.02858134,-1.3141044,-0.2037427,-0.008593109,-1.4935237,-0.24823624,-0.10298929,-1.3130583,-0.3325771,0.087778196,-0.9419385,-0.11767188,0.16417457,-1.3367003,-0.11179625,0.056733962,-1.398091,-0.3930488,-0.013963361,-1.4058654,-0.2353743,0.39072216,-0.90460306,-0.004144804,0.35944742,-1.1521137,-0.14647938,0.28842807,-1.3377553,-0.31800133,0.23809665,-1.2434785,-0.29707068,D,Right,0.96,aug_D_023.jpg
0.0,0.0,0.0,-0.18623161,-0.23166917,0.029205361,-0.424455,-0.53664935,-0.0075207213,-0.3285523,-0.65876794,-0.026226118,0.0016630901,-0.6530279,-0.16519807,-0.21883331,-0.9433535,0.003559917,-0.2965563,-1.4384868,-0.03689089,-0.35456967,-1.6941046,-0.08586645,-0.45901915,-2.003823,-0.105244786,-0.073770784,-0.9954011,-0.061111916,-0.052903775,-1.4253085,0.05176865,-0.054288853,-1.8103621,-0.021335876,-0.11074439,-2.2009277,-0.16810651,0.1331594,-0.8403111,-0.0834826,0.14089681,-0.73886627,-0.076866604,0.15328558,-0.6676648,-0.19889206,-0.01572936,-0.46596223,-0.15432209,0.2560068,-0.80940187,0.012897202,0.25667503,-0.744765,-0.15733565,0.1863699,-0.48959363,-0.1506783,0.09231041,-0.4546724,-0.1262029,R,Right,0.96,aug_R_014.jpg
0.0,0.0,0.0,-0.3113975,-0.20968011,0.0705154,-0.407838,-0.554067,-0.038636006,-0.7446925,-0.75770426,-0.26630682,-1.0373001,-0.8903921,-0.17322324,-0.345896,-0.975669,0.02213733,-0.30298933,-1.489596,0.016736912,-0.18018058,-1.9004426,-0.07952047,-0.4285732,-2.3485663,-0.15936168,0.05139908,-0.99140364,0.12032031,-0.112042494,-0.91846323,-0.032461453,0.068009675,-0.63113564,-0.42459613,-0.066298895,-0.45945954,-0.20612669,0.19479623,-0.8231638,0.08949239,0.18195759,-0.79026675,-0.13028045,0.1788244,-0.6316094,-0.14736997,-0.0136767775,-0.52378523,-0.10496759,0.3202061,-0.77004117,0.027396169,0.36545515,-0.6498941,-0.061521158,0.24734248,-0.62097365,-0.2045414,0.27922204,-0.5025267,-0.21477666,G,Right,0.96,aug_G_006.jpg
0.0,0.0,0.0,-0.19297294,-0.34239426,-0.08672704,-0.25925,-0.6419269,-0.15837696,-0.41166544,-0.8038569,-0.13387981,-0.34289053,-0.91303086,-0.29969496,-0.27271113,-1.0605716,-0.19325428,-0.15490107,-1.487324,-0.20494461,-0.35737416,-1.5731533,-0.4322984,-0.36094272,-1.4327319,-0.36779737,-0.028577782,-0.9959273,-0.085511126,-0.09310744,-0.8645525,-0.050243843,0.10412164,-0.709939,-0.22752935,0.018441511,-0.48209813,-0.30463296,0.2985748,-0.9132001,-0.08001415,0.30021617,-0.7664313,-0.15311374,0.24660358,-0.64109355,-0.23206146,0.09690772,-0.57736015,-0.23388629,0.4537748,-0.8225185,-0.14383207,0.36415914,-0.7319173,-0.19549203,0.31196833,-0.52082485,-0.26469654,0.24075377,-0.49697348,-0.32093573,Q,Right,0.96,aug_Q_019.jpg
0.0,0.0,0.0,-0.32025626,-0.28462633,-0.04245614,-0.5282705,-0.71434766,-0.046469513,-0.3287339,-0.7304985,-0.25368768,-0.19134521,-0.7778964,-0.08420894,-0.20898668,-1.0827969,-0.07164767,-0.34265378,-1.7004448,-0.11323187,-0.39045268,-1.9593886,-0.2446199,-0.5670215,-2.4409807,-0.18411583,-0.14919877,-0.9828743,-0.108156286,-0.022868127,-1.7129089,0.07664022,-0.057498552,-2.183043,-0.053878233,-0.12631595,-2.4496093,-0.18004476,0.084263735,-0.99170595,-0.09804776,0.028013406,-0.9022485,-0.1572606,0.06693136,-0.6053817,-0.08838287,0.0032218196,-0.5860185,-0.18253863,0.3001259,-0.74249196,0.027234875,0.27326316,-0.62805206,-0.15934853,0.2463861,-0.59901345,-0.20823677,0.030416496,-0.45991802,-0.17146756,2,Right,0.96,aug_2_010.jpg
0.0,0.0,0.0,-0.41991198,-0.30725244,-0.04650238,-0.56084824,-0.6244083,-0.03927905,-0.55587107,-0.6832692,-0.3035146,-0.4629344,-0.84511393,-0.2913794,-0.31175286,-0.9961148,-0.0889939,-0.4542212,-1.3173362,-0.11229117,-0.49193695,-1.5595952,-0.19876604,-0.57602423,-1.4728639,-0.3127801,-0.18208309,-0.9828132,-0.030397886,-0.21036942,-0.89284974,-0.19947645,-0.10062827,-0.63402134,-0.19181977,-0.049135648,-0.43616468,-0.22906557,0.009972457,-0.8968649,-0.09808594,0.09482882,-0.7496459,-0.13225219,-0.03835526,-0.5763128,-0.122242905,-0.03923864,-0.40688488,-0.21472917,0.26682028,-0.63864315,-0.061919227,0.2528647,-0.6874088,-0.12312791,0.21203525,-0.5674782,-0.2328461,0.15402044,-0.4028597,-0.11958707,Q,Right,0.96,aug_Q_005.jpg
0.0,0.0,0.0,-0.19627753,-0.26148266,-0.04891558,-0.47178414,-0.5753993,-0.0705807,-0.49613,-0.7045026,-0.11457398,-0.44747373,-0.84111416,-0.1960161,-0.22466666,-0.8991843,-0.11410378,-0.40064564,-1.3614267,-0.11010001,-0.35946962,-1.5062827,-0.14485875,-0.3985116,-1.3114396,-0.2796495,-0.14436744,-0.9876798,-0.060387716,-0.07450915,-0.7832814,-0.21824388,-0.068903975,-0.6538498,-0.11341642,0.07487151,-0.6105531,-0.1417047,0.121901274,-0.8769628,0.11780796,0.023876805,-0.7915301,-0.037683904,0.11951809,-0.5898334,-0.16911115,0.10364818,-0.45527434,-0.12845846,0.4145849,-0.7463366,0.0045802775,0.24625234,-0.6513899,-0.088606596,0.26064792,-0.52543277,-0.12671931,0.16120006,-0.42337152,-0.13730602,Q,Right,0.96,aug_Q_018.jpg
0.0,0.0,0.0,-0.2309059,-0.32262394,-0.09895115,-0.34935024,-0.62459797,-0.18536626,-0.59312665,-0.9328831,-0.19428462,-0.7432333,-1.3049762,-0.21502139,-0.1519643,-0.930652,-0.062958404,-0.16630563,-1.2000158,-0.16215499,-0.39601246,-1.4017766,-0.17285585,-0.48673522,-1.3031632,-0.3494935,0.0009887147,-0.99584246,-0.0910869,-0.1301392,-0.8479545,-0.13222109,-0.091902986,-0.6086119,-0.14659078,-0.15480079,-0.49283734,-0.21905437,0.08888689,-0.84561384,-0.070074864,0.10491805,-0.8109694,-0.18976039,0.054248158,-0.5254302,-0.22040752,0.00027692938,-0.45084026,-0.13266416,0.2685989,-0.7772688,-0.05904582,0.20158325,-0.6152798,-0.1428565,0.2248721,-0.5490426,-0.16935398,0.11540318,-0.4761142,-0.17929728,T,Right,0.96,aug_T_022.jpg
0.0,0.0,0.0,-0.10029965,-0.2140678,0.0037326638,-0.3131522,-0.59540474,-0.1459413,-0.07375498,-0.5747944,-0.19466303,0.05007842,-0.6169869,-0.15219794,-0.08734247,-0.97012275,-0.013871186,-0.20111755,-1.3983979,-0.11005897,-0.2264726,-1.696159,-0.20980228,-0.1896668,-1.971314,-0.27912655,0.11320341,-0.99356097,-0.004647535,0.059029713,-1.4244713,-0.10169293,0.12529491,-1.83508,-0.10378325,0.11956142,-2.1219654,-0.058064055,0.20768847,-0.81583804,-0.054482672,0.34200555,-1.2969924,-0.11218597,0.3457659,-1.6670066,-0.20834015,0.25143644,-1.9113909,-0.106325805,0.4132976,-0.66779745,-0.11927345,0.42773157,-1.1390395,-0.09804285,0.4981425,-1.3902084,-0.15825388,0.50098544,-1.7301489,-0.2262701,4,Right,0.96,aug_4_003.jpg
0.0,0.0,0.0,-0.24854657,-0.3171748,-0.010000598,-0.38044995,-0.6328329,-0.11656839,-0.10693159,-0.8147001,-0.14716618,0.09406197,-0.76518065,-0.18865035,-0.20912734,-0.98228407,-0.11173074,-0.2857834,-1.5694221,-0.0018835824,-0.25473043,-2.004481,-0.14503421,-0.36458534,-2.38972,-0.117630124,-0.05944884,-0.9979524,0.02359956,0.088589504,-1.6735435,-0.08529829,-0.063140385,-2.0780182,-0.09670431,0.1009252,-2.563894,-0.19844794,0.21429966,-1.0783796,0.009359583,0.22996797,-1.5071734,-0.10345343,0.22603977,-1.8966153,-0.13934147,0.25113657,-2.2906513,-0.15726759,0.5231835,-0.8357766,0.033692114,0.3902997,-1.2855614,-0.14225255,0.4351835,-1.6901611,-0.054729607,0.58107793,-1.9817744,-0.26861337,B,Right,0.96,aug_B_026.jpg
0.0,0.0,0.0,-0.25102425,-0.24495886,-0.081125475,-0.41355297,-0.57623535,-0.1361717,-0.14488263,-0.5751041,-0.1857733,0.008408086,-0.6953535,-0.16321498,-0.29470003,-0.8730734,-0.042068124,-0.20491506,-0.79974884,-0.18092515,-0.19585644,-0.5504144,-0.17277062,-0.08468353,-0.42094955,-0.18288696,0.029667642,-0.9846706,-0.17188273,-0.002959639,-0.7099056,-0.2651574,-0.014365659,-0.5169101,-0.23072405,0.06487225,-0.3692973,-0.2343389,0.14368233,-0.8703338,-0.08061169,0.05425283,-0.78898627,-0.30283654,0.11712499,-0.4672303,-0.33297324,0.062764496,-0.45375922,-0.23266685,0.4141853,-0.7633449,-0.19415751,0.2709964,-0.6603768,-0.3006224,0.26807413,-0.5522481,-0.22890398,0.18941659,-0.4552037,-0.17577721,M,Right,0.96,aug_M_008.jpg
0.0,0.0,0.0,-0.30597985,-0.34687296,-0.14934422,-0.47947282,-0.63260335,-0.24307266,-0.36407426,-0.72887564,-0.1980625,-0.12832671,-0.7607383,-0.2911115,-0.30713508,-0.91139704,-0.09339165,-0.43544662,-1.5032805,-0.11511075,-0.41103798,-1.8012712,-0.22556588,-0.41677037,-2.1754339,-0.24767,-0.17365995,-0.97820383,-0.113839924,-0.0944575,-0.91208595,-0.098187886,-0.05811646,-0.770024,-0.28107077,-0.1015273,-0.6022906,-0.24468347,0.076642394,-0.9477921,-0.07258751,-0.02938547,-0.92387885,-0.138995,0.06121805,-0.530456,-0.35734984,0.0037711204,-0.6375167,-0.1421952,0.26090488,-0.85373366,-0.05948483,0.159168,-0.69528514,-0.18112586,0.23862949,-0.4773712,-0.26996082,0.15615462,-0.46615776,-0.31422293,1,Right,0.96,aug_1_005.jpg
0.0,0.0,0.0,-0.18292665,-0.30107158,-0.085219674,-0.3102056,-0.59409565,-0.1561149,-0.7205827,-0.65756685,-0.21199515,-0.98995507,-0.86970073,-0.2460632,-0.119312935,-0.84544134,-0.026338937,-0.17914054,-0.7566239,-0.104688905,-0.02586918,-0.6363247,-0.20136045,-0.040986028,-0.3958578,-0.1649534,-0.029668422,-0.9985908,-0.044001877,0.0367886,-0.8981642,-0.28101856,0.06554772,-0.5404678,-0.30988932,0.0899504,-0.4586552,-0.2916116,0.18350765,-0.9351746,-0.12915567,0.06378846,-0.7312269,-0.15506963,0.09293537,-0.5864167,-0.27943695,0.15905027,-0.576995,-0.19467323,0.29953355,-0.73883444,-0.13435408,0.567282,-1.1852006,-0.048518263,0.65526503,-1.4932593,-0.087567784,0.88494337,-1.8219054,-0.24166098,Y,Right,0.96,aug_Y_032.jpg
0.0,0.0,0.0,-0.30136952,-0.05116675,-0.056430634,-0.56679034,-0.46982315,-0.16864277,-0.19584602,-0.56171733,-0.11690132,-0.04983779,-0.59810656,-0.19924034,-0.28651786,-0.8238475,-0.12859589,-0.30264127,-1.3978461,-0.057232562,-0.4030546,-1.7725554,-0.15118514,-0.31085512,-2.1635852,-0.22478823,-0.13824596,-0.9898157,-0.033955064,-0.058761545,-1.4583114,-0.0054556644,-0.1569082,-1.7115148,-0.08586167,-0.07936948,-2.2543557,-0.24102479,0.149729,-0.7134304,-0.094954304,0.06999661,-0.7368456,-0.18804182,0.060167383,-0.61235136,-0.2168828,0.03849142,-0.42855164,-0.3340984,0.3144128,-0.69598854,0.051535033,0.27685508,-0.5434129,-0.17822835,0.3020794,-0.5077169,-0.17262203,0.22772759,-0.31740516,-0.077077374,2,Right,0.96,aug_2_023.jpg
0.0,0.0,0.0,-0.28395975,-0.26063374,-0.09328146,-0.41959786,-0.6356153,-0.099720515,-0.25224295,-0.7730302,-0.27335197,0.03708307,-0.80141723,-0.18932594,-0.23784605,-0.9469897,0.06810429,-0.2682808,-1.4879993,-0.151438,-0.4058067,-1.9555099,-0.17997982,-0.48936838,-2.1707559,-0.15821694,-0.056346618,-0.99324316,-0.10145472,-0.088422485,-1.6823404,-0.04432968,-0.0878783,-1.9485679,-0.0784808,0.035223346,-2.3743823,-0.16041005,0.09497031,-0.86678535,-0.050378174,0.103480905,-0.84365886,-0.06738103,0.11021478,-0.6366567,-0.16211894,0.03947923,-0.48605067,-0.16260669,0.27987197,-0.8765261,-0.03260154,0.33829096,-0.63410866,-0.23536612,0.24149281,-0.5579046,-0.16540866,0.24997738,-0.4544795,-0.23771507,R,Right,0.96,aug_R_023.jpg
0.0,0.0,0.0,-0.29904854,-0.23208696,-0.08891149,-0.52714133,-0.6399243,-0.005800636,-0.22977227,-0.5753893,-0.32567003,0.004790386,-0.91793716,-0.23842184,-0.20387991,-0.96594834,-0.13562548,-0.38067785,-1.5524579,-0.14760116,-0.6711088,-2.0421357,-0.09318123,-0.8434664,-2.4113657,-0.1752714,-0.099076666,-0.9934518,-0.05689891,0.047599047,-1.5938011,-0.19950625,0.4090373,-1.9746405,-0.19234565,0.5898369,-2.5726829,-0.2836934,0.14561237,-0.8311118,-0.15201601,0.0073257093,-0.90242845,-0.13327949,0.07459561,-0.6736671,-0.19230649,0.050589662,-0.50063056,-0.20606236,0.33628637,-0.8251898,-0.07269995,0.3644201,-0.7623013,-0.3705917,0.30266035,-0.5072639,-0.22631873,0.22744319,-0.49670973,-0.20817946,V,Right,0.96,aug_V_030.jpg
0.0,0.0,0.0,-0.22089443,-0.21971175,-0.079576954,-0.34038883,-0.54106814,-0.15200517,-0.38596278,-0.78751993,-0.21369056,-0.4023464,-0.9789496,-0.2817094,-0.23687254,-0.94950384,-0.1863678,-0.22995631,-1.4299155,-0.2809275,-0.21090773,-1.7378422,-0.34133267,-0.19260952,-1.9800204,-0.38141605,-0.043023933,-0.9779186,-0.20450924,-0.012747884,-1.4972291,-0.29407895,0.010429441,-1.8493109,-0.3640613,0.029515715,-2.1299314,-0.41377217,0.14955217,-0.9290981,-0.22231433,0.18471752,-1.4131546,-0.30625632,0.2135734,-1.7407576,-0.3559946,0.23791397,-2.0033488,-0.38771853,0.3292754,-0.8164386,-0.24167366,0.3760448,-1.2015377,-0.3067647,0.40284604,-1.4645813,-0.3280413,0.42032608,-1.6886142,-0.33923846,HELLO,Right,0.95,HELLO_008.jpg
0.0,0.0,0.0,-0.18959634,-0.2558838,0.0901235,-0.31934255,-0.53301084,-0.009598856,-0.7146971,-0.68316287,-0.100062005,-0.9686266,-0.8659578,0.017444085,-0.189054,-1.0249215,0.033642754,-0.16579103,-1.4241961,-0.06236493,-0.32176694,-1.7539471,0.03299002,-0.20148115,-2.1288726,-0.14565821,0.050385375,-0.9985607,-0.01837438,0.03812916,-1.2818074,-0.13296732,-0.028839992,-1.6011595,-0.17126723,-0.06315245,-1.5067207,-0.27209306,0.27734783,-0.9058814,0.09534809,0.20725502,-0.64908314,-0.09317562,0.2081092,-0.5664955,-0.062111076,0.14201096,-0.40537372,-0.15766111,0.39879715,-0.8305607,0.0023705815,0.30770323,-0.63558453,-0.020610666,0.34027615,-0.47062257,-0.117034204,0.25420874,-0.48665035,-0.23002875,K,Right,0.96,aug_K_020.jpg
0.0,0.0,0.0,-0.28350744,-0.39595,-0.1698958,-0.37162983,-0.7352585,-0.18076849,-0.15523167,-0.635447,-0.25532597,-0.08509435,-0.6941045,-0.18746784,-0.24638654,-0.9275207,-0.14054659,-0.3230389,-1.3183448,-0.16700888,-0.358868,-1.5908761,-0.16954985,-0.30610657,-1.9705237,-0.32459906,-0.042778973,-0.98686194,-0.15579946,-0.123792626,-0.81199163,-0.11815197,-0.0884814,-0.69365233,-0.20077932,-0.05661557,-0.6245665,-0.20029011,0.19186799,-0.99953514,-0.1720098,-0.081108935,-0.76344335,-0.14572723,0.057675086,-0.57705414,-0.19238766,0.09353669,-0.47049066,-0.25033882,0.2516092,-0.8007172,-0.12479122,0.21222802,-0.68559223,-0.12919605,0.15466009,-0.6079406,-0.2722635,0.1617983,-0.55176884,-0.24086,Z,Right,0.96,aug_Z_025.jpg
0.0,0.0,0.0,-0.29922768,-0.23156339,-0.00941742,-0.43951225,-0.65312135,0.013918117,-0.34591198,-0.6846288,-0.11490154,-0.07506105,-0.8689307,-0.15094107,-0.18445316,-0.92573893,0.01588095,-0.4937082,-1.4916333,-0.043637313,-0.6378723,-2.0374427,-0.087852925,-0.82938683,-2.3393312,-0.16867845,0.045957968,-0.9987305,-0.020624852,0.018410193,-1.6806272,-0.08528602,-0.08818943,-2.04383,-0.24434291,0.052211575,-2.5036025,-0.12662436,0.15919037,-0.9985057,-0.10041566,0.23979466,-1.497384,-0.10226929,0.38651547,-1.9253576,-0.096108556,0.69820255,-2.405116,-0.22685501,0.35778412,-0.8416904,-0.045648135,0.35021096,-0.7205426,-0.22142737,0.19657892,-0.68121475,-0.18471305,0.11469154,-0.58702093,-0.2975108,W,Right,0.96,aug_W_018.jpg
0.0,0.0,0.0,-0.2226945,-0.34444028,0.058626767,-0.38904554,-0.53702277,-0.023326645,-0.5166129,-0.786724,-0.16179983,-0.3405472,-0.9031288,-0.13850464,-0.19834971,-0.95568836,-0.07533406,-0.3450285,-1.2840524,-0.20641232,-0.35349187,-1.5611643,-0.23565647,-0.45531347,-1.4662497,-0.31608492,-0.11592647,-0.99319655,0.0110333925,-0.00038501472,-0.8294452,-0.049044795,0.04127399,-0.59880954,-0.1559691,-0.030094545,-0.51590145,-0.1882885,0.16728593,-0.9221306,0.030647995,0.18713593,-0.7754891,-0.07087601,0.11210358,-0.6131777,-0.10644597,0.1437144,-0.6230125,-0.12127236,0.32378376,-0.7643273,0.009858645,0.25008005,-0.7901533,-0.089395024,0.22668391,-0.52722484,-0.16144754,0.24265856,-0.4561329,-0.22900046,Q,Right,0.96,aug_Q_016.jpg
0.0,0.0,0.0,-0.059584014,-0.29511306,0.03338428,-0.38119534,-0.6173555,-0.042672798,-0.7196666,-0.78753513,-0.039302487,-0.9129341,-0.9521784,-0.068529435,-0.1500441,-0.9596303,0.013642006,-0.17353156,-1.3385319,0.013706872,-0.22354612,-1.6582041,-0.17359197,-0.23219538,-2.076569,-0.18210737,0.06466313,-0.9964907,0.053150646,-0.0017561545,-1.3216529,-0.13069357,-0.030511647,-1.5827668,-0.26868045,-0.16983175,-1.4138411,-0.2788946,0.20945576,-0.92033005,-0.019009955,0.22830479,-0.81667495,-0.0711498,0.22780555,-0.60964805,-0.10677246,0.060998593,-0.63362503,-0.25585857,0.33226603,-0.69724214,-0.034325417,0.25748938,-0.7123898,-0.07349048,0.28102568,-0.51276684,-0.16781843,0.28914928,-0.45336917,-0.15333731,K,Right,0.96,aug_K_019.jpg
0.0,0.0,0.0,-0.20166077,-0.1487185,-0.084770024,-0.41109636,-0.6209867,-0.14285503,-0.72965664,-0.7191715,-0.0921263,-1.0264069,-0.90925986,-0.20678467,-0.2687979,-0.8755803,-0.13476746,-0.30804336,-1.4940956,-0.13804907,-0.29553834,-1.7210076,-0.1941492,-0.39366585,-2.3541942,-0.22600369,-0.043011755,-0.9990422,-0.008036015,-0.013132859,-1.4080803,-0.29105335,-0.15930918,-1.6498733,-0.31334752,-0.31022525,-1.4879231,-0.33671436,0.08781581,-0.9141808,-0.1519421,-0.056597944,-0.805977,-0.25212628,0.14411768,-0.58811134,-0.2988927,0.12592146,-0.42995653,-0.25363818,0.3585673,-0.8143329,-0.23666884,0.29676646,-0.742424,-0.20391317,0.2671945,-0.63176227,-0.22695336,0.24311396,-0.5435212,-0.19821204,K,Right,0.96,aug_K_026.jpg
0.0,0.0,0.0,-0.263454,-0.27104497,-0.103779905,-0.49672198,-0.5287531,-0.026616285,-0.76209295,-0.70001024,-0.22107626,-0.97014105,-0.80184364,-0.24773878,-0.23977253,-1.0176771,-0.12498428,-0.38173476,-1.3356113,-0.09046907,-0.3373837,-1.6903949,-0.19418015,-0.33067107,-2.0458624,-0.32407367,-0.016377553,-0.98753196,-0.15656461,-0.08821567,-1.5438937,-0.19891195,-0.057900827,-1.7803074,-0.16124552,-0.06518109,-2.2189484,-0.22346227,0.08553359,-0.96510744,-0.1306218,0.19806878,-1.2318093,-0.099865556,0.23214883,-1.6574255,-0.086436436,0.25875983,-2.0560875,-0.2090858,0.28647286,-0.7722584,-0.06475303,0.32752728,-1.1792117,-0.13518159,0.43155634,-1.4352903,-0.14454737,0.35436583,-1.7251521,-0.28362244,5,Right,0.96,aug_5_015.jpg
0.0,0.0,0.0,-0.14910619,-0.28517166,-0.32166523,-0.4035903,-0.59847146,-0.20805931,-0.14290093,-0.6402006,-0.3533505,0.022275627,-0.75454444,-0.35513157,-0.20912692,-0.9251274,-0.30748507,-0.3081435,-1.2362059,-0.24935822,-0.1723853,-1.7757561,-0.289171,-0.26205114,-2.1312265,-0.31374517,0.01769253,-0.9785546,-0.20522666,-0.006174872,-0.871622,-0.32437694,0.1209353,-0.68604267,-0.24955256,0.0006948889,-0.47091365,-0.30408865,0.1041453,-0.9076074,-0.13469675,0.10430659,-0.64636254,-0.21428965,0.20111041,-0.5861059,-0.4312084,0.14935823,-0.37630913,-0.26258993,0.36915368,-0.8337088,-0.2337697,0.26545352,-0.70389485,-0.31678277,0.2843477,-0.53468126,-0.39772967,0.20550443,-0.48651338,-0.33708492,Z,Right,0.96,aug_Z_016.jpg
0.0,0.0,0.0,-0.029265983,-0.3399134,-0.06827753,-0.2334566,-0.6345864,-0.091682054,-0.19487478,-0.70195955,-0.20984404,0.015641639,-0.8041856,-0.1618072,-0.21213557,-1.0044521,-0.0051142657,-0.24014477,-1.4140366,-0.13108769,-0.23969938,-1.6811503,-0.2265294,-0.22238818,-2.1345363,-0.21161401,-0.018557426,-0.9976812,-0.06548249,0.022345928,-1.503156,-0.10732997,-0.06436752,-1.8775877,-0.09535639,-0.038911723,-2.2948751,-0.2064168,0.1730694,-0.9520897,-0.111939006,0.14753638,-0.8243195,-0.10805674,0.23165429,-0.7065154,-0.08714956,0.11510887,-0.5215275,-0.084911026,0.38937458,-0.89261407,-0.050937213,0.3077482,-0.75011504,-0.03922064,0.23332635,-0.59168816,-0.22964989,0.23753946,-0.48292166,-0.16803473,R,Right,0.96,aug_R_011.jpg
0.0,0.0,0.0,-0.19154039,-0.27344108,-0.014015999,-0.3798646,-0.625075,-0.07169862,-0.16776529,-0.6988488,-0.20238331,0.0934142,-0.7431985,-0.19239777,-0.13732739,-0.9938343,-0.11901766,-0.18567453,-1.5299323,-0.012998327,-0.26749125,-1.8111465,-0.15155046,-0.2976318,-2.171483,-0.17882958,0.0012336113,-0.99983925,0.017888267,0.003664122,-1.6820418,-0.10223468,0.07450693,-1.9972963,-0.11576922,-0.002618324,-2.4974937,-0.20231457,0.26685864,-1.0783386,-0.004269531,0.20758548,-1.3877226,-0.025715929,0.26617983,-1.8178723,-0.16172785,0.19836865,-2.0469978,-0.21326886,0.5111467,-0.84660256,0.011505384,0.40296918,-1.2000409,-0.08580035,0.49880257,-1.532078,-0.14224364,0.43434286,-1.8603796,-0.22949478,B,Right,0.96,aug_B_015.jpg
0.0,0.0,0.0,-0.1261726,-0.35735944,0.011392558,-0.4124146,-0.57845193,-0.037577774,-0.13005675,-0.7156293,-0.0891375,0.012273619,-0.7111338,-0.08882267,-0.14888896,-1.0139319,-0.009110444,-0.24283355,-1.3270037,0.010932875,-0.24405225,-1.778403,-0.11438278,-0.28308424,-2.000586,-0.11634487,0.07734557,-0.99607545,0.04302735,-0.01013644,-0.84692466,-0.11652231,0.03055873,-0.6755425,-0.09788979,-0.036690746,-0.5087404,-0.107847564,0.19561268,-0.9032468,0.0013065279,0.3435072,-0.7687752,-0.067723915,0.1837127,-0.6900287,-0.14555876,0.14330813,-0.48614225,-0.054516643,0.28796744,-0.79978967,0.03088177,0.3563823,-0.6788449,-0.11757926,0.3022149,-0.55920225,-0.10004681,0.17475809,-0.5377749,-0.022165079,Z,Right,0.96,aug_Z_028.jpg
0.0,0.0,0.0,-0.2335921,-0.40587595,-0.105986364,-0.3357433,-0.65092885,-0.16516745,-0.23841259,-0.7467161,-0.22040866,0.12738597,-0.8059621,-0.1107359,-0.23858699,-1.1233406,-0.13459979,-0.15473378,-1.306705,-0.25339213,-0.33694518,-1.6963482,-0.40152594,-0.36374047,-1.4825091,-0.34719843,-0.068061955,-0.9925845,-0.10071478,0.038180467,-1.5288953,-0.22088477,-0.020915322,-1.6599362,-0.29349178,-0.10132573,-1.6026632,-0.3369304,0.19825557,-0.978388,-0.06908389,0.12205104,-1.4298089,-0.33207566,0.1911371,-1.5408607,-0.2556413,0.07150348,-1.566177,-0.4041854,0.38451228,-0.8463134,-0.08529726,0.39541885,-1.2651926,-0.20378117,0.2942511,-1.440808,-0.32565665,0.16468154,-1.3997662,-0.3669205,E,Right,0.96,aug_E_001.jpg
0.0,0.0,0.0,-0.21939328,-0.21030067,-0.026400393,-0.53197443,-0.50812626,0.07313403,-0.87715346,-0.6815713,-0.14106794,-1.0885311,-0.8857772,-0.22932298,-0.27580443,-1.0382996,0.0056561558,-0.19502479,-1.4519742,-0.07740681,-0.37408724,-1.7352271,-0.09196191,-0.3624837,-2.1937306,-0.13721661,-0.27565458,-0.9570784,-0.08952866,-0.104814425,-0.7653953,-0.20107076,-0.02518652,-0.626947,-0.079924725,-0.13713974,-0.581345,-0.16320701,0.13389602,-0.8632272,-0.08490366,-0.03721609,-0.7779964,-0.08573165,0.08025194,-0.5316184,-0.18256614,-0.09642108,-0.4122331,-0.15061167,0.30407473,-0.7173402,0.049911987,0.24009617,-0.6006753,-0.08372597,0.15772232,-0.5394125,-0.12692335,0.10790275,-0.38283697,-0.1526915,G,Right,0.96,aug_G_012.jpg
0.0,0.0,0.0,-0.08648174,-0.24227716,-0.024390154,-0.38595703,-0.603175,-0.10462109,-0.5070205,-0.73490256,-0.14694038,-0.2552171,-0.84175736,-0.24496378,-0.18032905,-0.96584857,-0.03588946,-0.21843992,-1.2598983,-0.10208648,-0.20089537,-1.5979319,-0.2985194,-0.40728956,-1.3388677,-0.40200135,0.04629494,-0.9982385,0.03710385,0.06369879,-1.4646602,-0.017823545,0.1990377,-1.7772442,-0.046123344,0.012252107,-2.3261094,-0.0750775,0.29670763,-0.93264896,-0.111908026,0.17247573,-1.291164,0.031620156,0.27754694,-1.7181787,0.008248489,0.39100084,-2.0294008,-0.14160204,0.39404348,-0.75825685,-0.042334557,0.5029868,-1.1758629,-0.09224173,0.5774653,-1.468421,-0.07837947,0.504176,-1.8053021,-0.16016118,F,Right,0.96,aug_F_015.jpg
0.0,0.0,0.0,-0.26235044,-0.22025621,-0.07226557,-0.44791445,-0.5195479,-0.18147998,-0.6830643,-0.6696938,-0.2714597,-0.42147046,-0.8634078,-0.23620042,-0.24817187,-0.9994118,0.12877806,-0.18515842,-1.5612376,-0.013301907,-0.31534007,-1.9312283,-0.18569334,-0.370135,-2.3605378,-0.2045264,-0.08519861,-0.99360204,-0.07413664,-0.08486367,-1.4189203,-0.19000266,-0.096539564,-1.6604403,-0.20288442,-0.3235736,-1.577808,-0.42252192,0.14409007,-0.9528449,-0.048644062,0.104668476,-1.4304836,-0.13614619,0.21128286,-1.748529,-0.304224,0.05880826,-1.4689654,-0.4042104,0.3442809,-0.77941656,-0.045701247,0.37081856,-1.2623261,-0.2134619,0.3727457,-1.5478866,-0.3460763,0.3570884,-1.368851,-0.49598694,D,Right,0.96,aug_D_003.jpg
0.0,0.0,0.0,-0.12768148,-0.38247427,0.047399692,-0.34134528,-0.7080369,-0.05179908,-0.20954137,-0.7148621,-0.16928934,-0.044971947,-0.71966577,-0.16262859,-0.16260582,-1.0277593,0.06547621,-0.24307758,-0.9148554,-0.031255737,-0.18603127,-0.6181294,-0.10965522,-0.12594165,-0.66702825,-0.1583823,-0.023106122,-0.9978523,0.061293356,-0.065172866,-0.8391668,-0.07185179,0.028863242,-0.6770827,-0.26123032,-0.0368527,-0.6318618,-0.16818416,0.20212837,-0.9548238,0.03774392,0.123430535,-0.9068796,-0.24759428,0.11311219,-0.7151922,-0.20959443,-0.030357389,-0.6093493,-0.16775022,0.36358988,-0.82736003,0.0623426,0.22803254,-0.70119965,-0.11025463,0.27599907,-0.63796586,-0.100037724,0.2100727,-0.5618269,-0.1579922,N,Right,0.96,aug_N_011.jpg
0.0,0.0,0.0,-0.2323301,-0.26860577,-0.05373765,-0.38654587,-0.59672743,-0.087049104,-0.5891677,-0.7994676,-0.07164554,-0.8531183,-0.8016067,-0.072998926,-0.22268884,-0.9792116,0.029580897,-0.2678818,-1.3288068,-0.09936607,-0.24431886,-1.6582402,-0.09032686,-0.31664312,-1.9338087,-0.096778765,-0.051773064,-0.99386054,-0.09777892,-0.035463125,-0.80888796,-0.12221653,-0.037355438,-0.6036821,-0.0755208,-0.11278826,-0.5430994,-0.0826436,0.19242582,-0.9187512,0.055093057,0.013982647,-0.7079161,-0.10197519,0.15151264,-0.66600496,-0.14264832,0.032083146,-0.59863174,-0.21123023,0.29853624,-0.7154617,0.01870325,0.17590006,-0.6607695,-0.13542369,0.21500695,-0.51199365,-0.11066773,0.22575048,-0.49379852,-0.13824604,G,Right,0.96,aug_G_016.jpg
0.0,0.0,0.0,-0.24589726,-0.42252797,0.022240875,-0.42746755,-0.6678011,0.049457487,-0.2657787,-0.7361213,-0.13681804,-0.07171595,-0.6278646,-0.20267962,-0.19005835,-0.8606386,0.07152849,-0.26387078,-1.3904109,-0.04582706,-0.3039263,-1.6238302,-0.21568151,-0.5005296,-1.5634488,-0.3055907,-0.045850147,-0.998948,-0.00084235414,0.019614646,-1.319776,-0.119618446,-0.107325725,-1.5681484,-0.20007572,-0.2538581,-1.4741385,-0.20781164,0.18855187,-0.8933466,0.033097327,0.19591188,-1.2650189,-0.11772328,0.15401231,-1.4647313,-0.13197087,-0.06957175,-1.417286,-0.28433377,0.30209184,-0.71975344,-0.04292305,0.33942935,-1.2629472,-0.0038890282,0.16732393,-1.3776963,-0.15372702,0.19570352,-1.3321617,-0.29666305,E,Right,0.96,aug_E_002.jpg
0.0,0.0,0.0,-0.20160377,-0.26844656,-0.016451238,-0.18737414,-0.5722279,-0.04662635,-0.09063596,-0.6434285,-0.13444607,0.18412587,-0.680166,-0.20457578,-0.17883036,-1.0647564,-0.08837133,-0.044534408,-1.2553065,-0.23542143,-0.29625025,-1.572901,-0.09110529,-0.5133898,-1.4528257,-0.31328323,-0.019113969,-0.99906284,0.03883454,-0.008734472,-0.8369338,-0.15092486,-0.02779458,-0.63032144,-0.11311967,-0.08027407,-0.5567719,-0.1618085,0.17883185,-0.9371594,-0.1448467,0.21259616,-0.79188645,0.052516513,0.18857726,-0.6318629,-0.19070329,0.07810612,-0.47399223,-0.15931682,0.34240922,-0.6855716,0.010958424,0.3777637,-0.71421975,-0.03335549,0.26110512,-0.4980726,-0.1686019,0.3331132,-0.40144914,-0.16701315,X,Right,0.96,aug_X_030.jpg
0.0,0.0,0.0,-0.28598192,-0.17658928,-0.03138602,-0.5451012,-0.63833266,-0.04290162,-0.24813814,-0.64739674,-0.2050742,-0.15143064,-0.77088773,-0.10631389,-0.359344,-1.0249354,-0.036518604,-0.28123462,-1.4357822,0.0013327667,-0.30614448,-1.863915,-0.16559517,-0.49753213,-2.3319206,-0.1715711,-0.119087666,-0.9928823,-0.0017193448,-0.12514429,-0.8541905,-0.15712264,-0.038626045,-0.7021625,-0.21045196,-0.050471887,-0.48182938,-0.24377263,0.14191386,-0.98503226,-0.024038682,0.05621847,-0.766518,-0.07239014,0.042699624,-0.681541,-0.12185518,-0.008780754,-0.41155314,-0.11191251,0.23066807,-0.8272642,6.600104e-05,0.30998158,-0.6243235,-0.12042945,0.13495177,-0.62275964,-0.13097608,0.27217683,-0.43626466,-0.2363652,1,Right,0.96,aug_1_007.jpg
0.0,0.0,0.0,-0.033291984,-0.33993798,-0.15372756,-0.16881213,-0.62392193,-0.08695146,-0.066467635,-0.61232007,-0.2906233,0.03945727,-0.7724741,-0.22269996,-0.20903446,-0.95907587,-0.040671952,-0.13276048,-1.3501995,-0.26505822,-0.26492804,-1.7040983,-0.21395312,-0.31288967,-2.0983403,-0.29540935,0.20064896,-0.96294487,-0.18021363,0.11025075,-0.7256133,-0.22114208,0.020266265,-0.62941146,-0.29973343,0.048076537,-0.5711936,-0.21853165,0.18135828,-0.87149554,-0.14646105,0.2107633,-0.79416186,-0.21010947,0.22220927,-0.65097684,-0.36067498,0.171515,-0.47407585,-0.34447822,0.3724391,-0.7872364,-0.25509822,0.41913226,-0.70398045,-0.2050697,0.27705726,-0.43078345,-0.34381518,0.26234856,-0.38449344,-0.329017,1,Right,0.96,aug_1_012.jpg
0.0,0.0,0.0,-0.17076737,-0.28571314,0.011407716,-0.38547057,-0.61965764,-0.011843205,-0.22082612,-0.7674124,-0.018896138,-0.00017256336,-0.70029885,-0.11424073,-0.12749535,-0.9593122,0.034061063,-0.2817531,-1.4838297,-0.06369945,-0.3409989,-1.8455389,-0.066539496,-0.40165204,-2.0310795,-0.050764002,-0.08420349,-0.9914629,0.09955449,-0.034161285,-0.80307084,0.04123097,-0.096271254,-0.715294,-0.09596621,0.102122486,-0.57057685,0.0004912577,0.16875105,-1.0218307,0.085770965,0.09511001,-0.7684896,-0.16759796,0.080183595,-0.7399071,-0.20764978,0.08110923,-0.50471365,-0.15321529,0.2596726,-0.85737073,0.02295582,0.2964959,-0.6857112,-0.0017759977,0.27749568,-0.5557905,-0.002962467,0.19073622,-0.3681307,-0.05165567,Z,Right,0.96,aug_Z_008.jpg
0.0,0.0,0.0,-0.19787951,-0.3386321,0.0023627516,-0.30674374,-0.5008662,-0.12127519,-0.5901385,-0.6438598,-0.09142006,-0.9427631,-0.85888374,-0.18848175,-0.17038618,-0.8752235,-0.021369575,-0.104175225,-1.3988582,-0.078690745,-0.24838018,-1.8054333,-0.06085064,-0.14215375,-2.1336367,-0.18973884,0.018512417,-0.9968082,0.07765724,0.019998556,-1.4990299,-0.12846781,0.07602811,-1.8394074,-0.1688881,0.010346751,-2.1660123,-0.1502571,0.24992916,-0.86106646,0.063532114,0.2325708,-1.3501784,-0.06915753,0.1951507,-1.748006,-0.047993682,0.33251613,-1.9683391,-0.18467878,0.40304753,-0.8275038,0.037918326,0.5356683,-1.0837028,0.028995864,0.544459,-1.3804442,-0.11703374,0.423273,-1.7419055,-0.25192797,5,Right,0.96,aug_5_003.jpg
0.0,0.0,0.0,-0.34543,-0.29319727,-0.09560108,-0.45031914,-0.6636155,-0.16171938,-0.25859264,-0.7235598,-0.25224748,-0.13493712,-0.8111509,-0.16261777,-0.2573398,-1.0608455,-0.105237044,-0.3499103,-0.8915466,-0.154237,-0.2847371,-0.5417052,-0.17390658,-0.18534966,-0.5181757,-0.29311645,-0.1557826,-0.9872126,0.03380789,-0.21590641,-0.84045726,-0.07977863,-0.10506935,-0.58121955,-0.16541389,-0.058179513,-0.53768104,-0.20535806,0.08586546,-0.9493386,-0.047962774,0.037345223,-0.93416506,-0.17304511,0.002822792,-0.7374031,-0.25162426,0.06265409,-0.58893776,-0.2633024,0.3513278,-0.86427927,-0.12959792,0.35736537,-1.2703133,-0.20694165,0.2469785,-1.4840957,-0.26885012,0.15435366,-1.4498717,-0.3410985,J,Right,0.96,aug_J_027.jpg
0.0,0.0,0.0,-0.10748736,-0.29727414,-0.1096138,-0.34965378,-0.560069,-0.0126708895,-0.48435006,-0.628849,-0.16850488,-0.29990882,-0.7426606,-0.2239608,-0.1354498,-0.95558447,-0.020640427,-0.31665766,-1.4040993,-0.13619922,-0.21674155,-1.6453463,-0.14328901,-0.37092423,-2.1754134,-0.15496485,-0.043479867,-0.9974935,0.05582311,-0.02679764,-1.2991539,-0.16650379,-0.1299892,-1.6589994,-0.2336991,-0.05403836,-1.4048643,-0.27169856,0.12181718,-0.8213239,0.021623842,0.13318862,-1.2105083,-0.2657272,0.16518934,-1.4987082,-0.32721093,0.0567733,-1.4277726,-0.28706032,0.29119572,-0.8137525,-0.02978551,0.34353653,-1.0699091,-0.23946129,0.38249055,-1.4386389,-0.21014348,0.2769276,-1.2227217,-0.34887075,D,Right,0.96,aug_D_009.jpg
0.0,0.0,0.0,-0.14117305,-0.3748669,-0.02599203,-0.36368856,-0.63621217,-0.023230761,-0.20901096,-0.6861911,-0.0781021,-0.065902114,-0.70691454,-0.06240794,-0.18154697,-0.8874157,-0.052196648,-0.23647547,-1.3037249,-0.18372947,-0.34956577,-1.5132222,-0.16347334,-0.38856375,-1.4381838,-0.2860125,-0.12743644,-0.99145216,0.027973004,-0.066598065,-1.3309382,-0.054727316,-0.21130623,-1.44787,-0.23017858,-0.18331903,-1.4111037,-0.16752405,0.05056392,-0.88446444,0.031583987,0.031573962,-1.264152,-0.12710164,0.02612747,-1.4671482,-0.22046314,0.019610351,-1.3185935,-0.1907332,0.22878453,-0.8226846,0.101487376,0.24576448,-1.2004074,-0.2067476,0.29072377,-1.3601645,-0.2156584,0.14576213,-1.167568,-0.2535933,E,Right,0.96,aug_E_003.jpg
0.0,0.0,0.0,-0.013947663,-0.32732853,-0.0063978387,-0.24983254,-0.57426554,-0.07391305,-0.48204476,-1.1375456,-0.081403986,-0.6261724,-1.3313354,-0.17456272,-0.15214904,-0.95492995,-0.032238163,-0.07378554,-0.73314565,-0.11977641,-0.030390011,-0.65170187,-0.23239376,0.0306127,-0.4892419,-0.20970118,0.15685256,-0.9868003,-0.04027817,0.16158682,-0.8499482,-0.08220089,0.08833337,-0.55540097,-0.20536892,0.10676706,-0.55241185,-0.14235178,0.23758088,-0.92772806,-0.11075166,0.28433615,-0.74940586,-0.11961739,0.22503665,-0.60466886,-0.2252625,0.16681448,-0.4658933,-0.14260666,0.51661,-0.6544959,-0.024411522,0.41754818,-0.69748074,-0.24325438,0.4149524,-0.4720475,-0.19217527,0.4199898,-0.5118557,-0.21609135,A,Right,0.96,aug_A_001.jpg
0.0,0.0,0.0,-0.4853461,-0.21918164,-0.26090115,-0.8464308,-0.72789204,-0.3304627,-1.0567813,-1.1084733,-0.3925316,-1.2964731,-1.3451965,-0.38762686,-0.54241085,-1.0194299,-0.089344636,-0.41845667,-1.2851557,-0.33859217,-0.41800177,-0.93956524,-0.407046,-0.4734424,-0.8130467,-0.4020452,-0.1761242,-0.9831607,-0.04873752,-0.059396427,-1.156098,-0.35742378,-0.17134918,-0.7817778,-0.41250122,-0.28084925,-0.72257686,-0.37443078,0.16103366,-0.91021,-0.064220496,0.28240937,-1.0419197,-0.4142577,0.110625476,-0.6703753,-0.38067764,-0.040952034,-0.51483506,-0.24572612,0.46926787,-0.8420846,-0.094680086,0.59469235,-1.1948777,-0.28045812,0.67350197,-1.424532,-0.28307816,0.74990535,-1.6635649,-0.22882436,Y,Right,0.95,271.jpg
0.0,0.0,0.0,-0.16519566,-0.30753338,-0.008165258,-0.24323727,-0.52929395,-0.08455254,-0.28260538,-1.0452225,-0.16624892,-0.6346717,-1.374666,-0.13462473,-0.06418504,-0.9529865,-0.0865955,-0.23234452,-1.428631,-0.063452475,-0.20895343,-1.7566478,-0.11941665,-0.18101212,-2.0679317,-0.17250209,0.13361864,-0.9881998,-0.074881904,0.097262934,-1.487636,-0.121286675,0.12851296,-1.8363461,-0.28365847,0.0802172,-2.2319658,-0.20391048,0.2592424,-0.919256,-0.047605917,0.08709369,-0.82960683,-0.072458275,0.19135132,-0.7375354,-0.24467118,0.097312525,-0.51505953,-0.21137547,0.37481394,-0.78033394,-0.033931423,0.35227528,-0.72372335,-0.16743831,0.34007505,-0.5641277,-0.14894335,0.21921009,-0.517367,-0.14863928,3,Right,0.96,aug_3_002.jpg
0.0,0.0,0.0,-0.2963025,-0.08614904,-0.0026993083,-0.57582283,-0.7199622,-0.18247256,-0.7397049,-1.0449351,-0.2159314,-0.93057805,-1.5151404,-0.23658937,-0.29420882,-1.0729971,0.052838795,-0.4194962,-1.3670169,-0.041601826,-0.5312434,-1.5388024,-0.2811408,-0.62621504,-1.5548232,-0.3575719,-0.043361586,-0.99767447,0.05258733,-0.20849136,-0.86289096,-0.22387129,-0.06724543,-0.7002569,-0.14932464,-0.15973528,-0.62519926,-0.12596764,0.13355024,-0.96782976,-0.15632294,0.0696445,-0.8686104,-0.09755621,-0.0062173507,-0.69440705,-0.14965846,-0.07735285,-0.52805024,-0.148926,0.41092938,-0.8280727,0.024070587,0.15591209,-0.61803746,-0.1785324,0.16852267,-0.5375523,-0.22775643,0.19173864,-0.5073749,-0.12930113,T,Right,0.96,aug_T_005.jpg
0.0,0.0,0.0,-0.29638982,-0.1592401,0.07411727,-0.4113684,-0.5309114,-0.06789604,-0.17651333,-0.5648549,-0.17429118,-0.044330794,-0.63861996,-0.2304944,-0.17484282,-0.8082402,0.033614513,-0.35584953,-1.4702371,-0.03730514,-0.37498274,-1.7127242,-0.03768476,-0.415132,-2.1158867,-0.15271379,-0.12957309,-0.9911432,-0.02908544,-0.07474354,-1.420099,0.0758268,-0.052769266,-1.8664538,-0.04411373,-0.14559263,-2.3089812,-0.20065685,0.109527655,-0.8918587,-0.0321853,0.18601894,-1.2572937,-0.07126408,0.1400079,-1.626891,-0.16707237,0.08113118,-1.9371544,-0.10513896,0.26481938,-0.742283,-0.08087565,0.37217674,-1.0375241,-0.03762612,0.45699808,-1.4084785,-0.1221115,0.45961624,-1.73337,-0.08877389,B,Right,0.96,aug_B_017.jpg
0.0,0.0,0.0,-0.11446229,-0.23041974,-0.16395259,-0.36445323,-0.6240379,-0.07753506,-0.5417507,-0.697157,-0.21514481,-0.26889586,-0.8731127,-0.32209298,-0.031421732,-1.0359193,-0.061750256,-0.22203569,-1.3595521,-0.2329079,-0.38648042,-1.7072566,-0.42788234,-0.44769287,-1.4642075,-0.44235048,-0.06090302,-0.9787425,-0.19584171,0.052950766,-0.8799075,-0.13110307,-0.006786097,-0.7418101,-0.255315,-0.025488839,-0.44047675,-0.23337154,0.18512554,-0.99386895,-0.16963421,0.13817552,-0.70471567,-0.2119903,0.22925979,-0.7251915,-0.36710477,0.06729887,-0.44961283,-0.2701281,0.47342736,-0.71065265,-0.16129531,0.42062375,-0.6042415,-0.14203922,0.2268255,-0.648387,-0.27962038,0.24761207,-0.3890593,-0.3104593,Q,Right,0.96,aug_Q_015.jpg
0.0,0.0,0.0,-0.13536596,-0.21707076,-0.0047903513,-0.4217881,-0.49997145,-0.2643352,-0.072254814,-0.5600208,-0.2486123,-0.13446537,-0.6800709,-0.31680936,-0.18837294,-0.9179125,-0.14018276,-0.1976218,-1.3849516,-0.076421574,-0.31206444,-1.9077839,-0.12532276,-0.37751207,-2.2984433,-0.15233372,0.1050449,-0.99357134,0.04220892,-0.013083446,-1.5527645,-0.17091285,0.07784784,-1.9684504,-0.13959415,-0.051348504,-2.390831,-0.17126334,0.15527573,-0.9169137,-0.018165246,0.32062238,-1.3453941,-0.17234297,0.19661643,-1.7707914,-0.1639681,0.16854115,-2.076111,-0.22683847,0.2727901,-0.8006814,-0.11445961,0.41845453,-1.0760927,-0.119814746,0.4223029,-1.5174048,-0.20355912,0.49086636,-1.8393834,-0.1607346,4,Right,0.96,aug_4_029.jpg
0.0,0.0,0.0,-0.00930606,-0.364126,-0.066684194,0.21587,-0.7227635,-0.11597703,0.5890154,-0.88772875,-0.20236494,0.94424325,-0.8994567,-0.29469088,0.6406996,-0.7953958,0.037149847,0.9988084,-0.9811127,-0.10982789,1.1346755,-1.0572232,-0.22158295,1.2064359,-1.1211238,-0.29578957,0.7831346,-0.6209889,-0.032758337,0.96846116,-0.7278002,-0.28289232,0.6492659,-0.59706366,-0.36597946,0.36895964,-0.48017168,-0.35835278,0.8473795,-0.4311377,-0.12858483,0.9717383,-0.52725065,-0.36132145,0.62088937,-0.41355872,-0.35500604,0.35121217,-0.32512796,-0.28204226,0.8700998,-0.22591968,-0.2318621,0.93803835,-0.32934785,-0.36642635,0.6670785,-0.275107,-0.3307266,0.44663417,-0.22276014,-0.26461127,G,Right,0.95,369.jpg
0.0,0.0,0.0,-0.21581988,-0.2711003,-0.0054340954,-0.51044405,-0.57962304,0.09381135,-0.25900036,-0.65383905,-0.10271612,-0.1118962,-0.6951515,-0.16224016,-0.23319177,-1.0096178,0.10692879,-0.29795504,-0.81574416,-0.096970044,-0.21516228,-0.8572937,0.028898245,-0.10150371,-0.5353387,-0.16403733,-0.06428941,-0.99611866,-0.060120605,-0.04305307,-0.7329881,-0.1146126,-0.0297397,-0.50710917,-0.05866695,-0.027008435,-0.45892733,-0.12062558,0.24331631,-0.96310306,-0.064144954,0.0919146,-0.8471892,-0.06346596,0.09984491,-0.56744087,-0.054879844,0.08119269,-0.48949128,-0.16009088,0.23447086,-0.78241915,0.101024754,0.40877864,-1.2711232,0.031241618,0.46026018,-1.4878093,0.027336596,0.5228081,-1.8933433,-0.17396444,I,Right,0.96,aug_I_007.jpg
0.0,0.0,0.0,-0.200409,-0.34078735,-0.050113633,-0.35118046,-0.6297554,-0.043379102,-0.6198749,-0.70994025,-0.08814225,-0.8681941,-0.9206505,-0.2028322,-0.19834958,-0.91203433,-0.0781664,-0.16848029,-1.2543123,-0.06896111,-0.20265628,-1.7407413,-0.1275209,-0.183254,-2.1147242,-0.1560057,0.008382501,-0.9995343,-0.029338526,0.09903024,-1.244049,-0.2074425,-0.07006198,-1.476712,-0.22792393,-0.12390805,-1.376562,-0.17382337,0.2300883,-0.8217082,-0.13901494,0.10306071,-0.7526188,-0.19757842,0.21497647,-0.5665945,-0.2153165,0.18346107,-0.5139517,-0.06385717,0.3464552,-0.728296,-0.00029852334,0.3609863,-0.6506392,-0.15586936,0.2835414,-0.5937456,-0.18206173,0.16439027,-0.5597009,-0.18699442,P,Right,0.96,aug_P_018.jpg
0.0,0.0,0.0,-0.15916285,-0.22947443,0.016227908,-0.2601182,-0.65633595,-0.009837835,-0.21700478,-0.6803618,-0.089346886,0.026394583,-0.7013394,-0.18409896,-0.24015616,-0.9332368,0.10592829,-0.20294543,-0.7568281,-0.08174343,-0.17542998,-0.7022289,-0.12972915,-0.077083305,-0.57300353,-0.22502512,-0.008841605,-0.99992585,0.00837026,0.010413589,-0.81369454,-0.026198374,0.06031604,-0.6459261,-0.0788834,-0.0151469875,-0.51236504,-0.1418164,0.15519004,-0.9412385,-0.106919564,0.28425935,-0.83074737,0.0042374516,0.179808,-0.6076829,-0.15785185,0.14282912,-0.46357465,-0.09357049,0.45309335,-0.79902995,-0.01804554,0.36750692,-1.1673473,0.022607386,0.5928684,-1.5046173,-0.12688287,0.4082163,-1.7886864,-0.23072325,I,Right,0.96,aug_I_005.jpg
0.0,0.0,0.0,-0.1587124,-0.31734556,-0.09051014,-0.33239588,-0.6405988,-0.13414407,-0.5974805,-1.054755,-0.19640261,-0.79494566,-1.344127,-0.2988598,-0.23379129,-0.95678806,-0.14136896,-0.26768482,-1.4187728,-0.13025202,-0.31986848,-1.7245475,-0.31129527,-0.20023453,-2.185532,-0.22197202,-0.095615715,-0.990864,-0.09511195,-0.08023354,-1.4579517,-0.16320726,-0.01619743,-1.9207137,-0.20064019,0.06164431,-2.2211285,-0.22709143,0.10873914,-0.9326022,-0.09933512,0.11220414,-0.8601247,-0.16325884,0.02994511,-0.5817386,-0.2847835,0.059499964,-0.48156178,-0.2570267,0.32912955,-0.72585243,-0.07972557,0.28538236,-0.8035399,-0.2489019,0.27779365,-0.54937184,-0.204969,0.21124865,-0.42180133,-0.25750884,3,Right,0.96,aug_3_018.jpg
0.0,0.0,0.0,-0.25136605,-0.21325481,-0.10070728,-0.4192975,-0.48772115,-0.16014309,-0.31842834,-0.70430857,-0.26137063,-0.03833885,-0.7547933,-0.21487951,-0.21467744,-0.8796626,-0.086377695,-0.2818331,-1.2512742,-0.21095607,-0.39201516,-1.3598562,-0.24468121,-0.33742452,-1.3722354,-0.33670866,-0.14101136,-0.9893723,0.035472788,-0.097858876,-1.1991348,-0.26524326,-0.17055811,-1.5415016,-0.29118794,-0.15405081,-1.3661413,-0.35435915,0.100409746,-0.87446296,-0.11456184,0.060210776,-1.1578375,-0.29639488,0.14927515,-1.4528147,-0.32894254,0.013745657,-1.2222567,-0.2726479,0.31180623,-0.66639936,-0.15727495,0.2572761,-1.1723467,-0.13377623,0.22025569,-1.3007288,-0.25924772,0.10596818,-1.2438575,-0.26326275,E,Right,0.96,aug_E_019.jpg
0.0,0.0,0.0,-0.17524934,-0.20868048,-0.16600123,-0.43068764,-0.5333515,-0.0913433,-0.7601718,-0.8186462,-0.11383384,-1.0093695,-0.8662574,-0.18060848,-0.24663049,-0.950033,-0.0638625,-0.30904922,-1.245207,-0.09146231,-0.19204561,-1.7404797,-0.16069055,-0.3823333,-2.0551403,-0.20608783,-0.09168523,-0.9952549,0.032581206,-0.071314625,-1.2398374,-0.1371731,-0.036473125,-1.5519729,-0.20860747,-0.19926175,-1.268501,-0.2895123,0.044991527,-0.79473764,-5.9478192e-05,-0.0049583483,-0.6926588,-0.062857166,0.086002454,-0.6525217,-0.13614254,0.052779894,-0.48591876,-0.21168737,0.3094006,-0.77771056,-0.049244463,0.29422092,-0.56722707,-0.17222051,0.108318724,-0.55320734,-0.14610384,0.10896668,-0.3756327,-0.22620906,K,Right,0.96,aug_K_032.jpg
0.0,0.0,0.0,-0.29494798,-0.15323259,0.101382576,-0.43088534,-0.5111468,-0.016227312,-0.42519316,-0.72771597,-0.15684503,-0.38960266,-0.8318876,-0.045690548,-0.22079657,-0.98453766,-0.06482394,-0.19795865,-1.3767052,-0.104910426,-0.40952632,-1.645594,-0.20631783,-0.504624,-1.39916,-0.2615317,0.0054546297,-0.99904376,0.043380592,-0.08088955,-1.5194451,-0.10236473,-0.06591091,-1.6559825,-0.32837632,-0.2933408,-1.4701147,-0.19395809,0.16114771,-0.90654665,0.001610783,0.29739752,-1.2330058,-0.1987997,0.12195684,-1.5026015,-0.30399147,0.06695561,-1.4232562,-0.37970316,0.36971825,-0.7431726,0.0029831738,0.32029298,-1.2159781,-0.07758361,0.34218425,-1.4804112,-0.35656637,0.16452631,-1.2679596,-0.32803023,O,Right,0.96,aug_O_006.jpg
0.0,0.0,0.0,-0.14389424,-0.15216593,-0.1288166,-0.32245722,-0.50819856,-0.11225243,-0.44758773,-0.7437287,-0.34801975,-0.31244692,-0.90689576,-0.3164085,-0.1572643,-1.035065,-0.15616436,-0.18493216,-1.3892479,-0.24247213,-0.37705722,-1.521308,-0.2960872,-0.32313237,-1.3423496,-0.36370838,-0.072758496,-0.99448717,-0.07550823,0.03190875,-1.4117957,-0.07515139,0.026642105,-1.8334211,-0.27515477,0.035703328,-2.3621228,-0.24991366,0.17277223,-0.9381472,-0.14613438,0.23459163,-1.3970408,-0.11208773,0.24213807,-1.7384266,-0.1774453,0.27284214,-2.1196318,-0.2546541,0.40901986,-0.8119253,-0.1562206,0.37693617,-1.1686935,-0.16363406,0.4800766,-1.6032112,-0.18968557,0.49519548,-1.8139074,-0.1597802,F,Right,0.96,aug_F_027.jpg
0.0,0.0,0.0,-0.20361927,-0.29280058,-0.070529275,-0.37530532,-0.49619406,-0.2217715,-0.37991583,-0.7595051,-0.25133246,-0.06748557,-0.7064046,-0.24855812,-0.2066342,-0.9928299,-0.17504103,-0.25578183,-1.4204608,-0.29479071,-0.32608053,-1.7650425,-0.34315968,-0.40181527,-2.1605885,-0.41100442,-0.028569754,-0.9785599,-0.20397113,-0.10977907,-1.4666591,-0.19002406,-0.03017856,-1.8481747,-0.23263854,-0.04070645,-2.3071222,-0.31388646,0.12404818,-0.90480775,-0.126465,0.03488975,-0.75573087,-0.33281916,0.050292235,-0.5443394,-0.28526282,0.063627124,-0.5840699,-0.32286304,0.2137068,-0.7633383,-0.2420917,0.31121686,-0.66618574,-0.3308393,0.25644332,-0.42572942,-0.3210719,0.23828879,-0.56297505,-0.2846991,H,Right,0.96,aug_H_002.jpg
0.0,0.0,0.0,-0.06441131,-0.33260253,-0.13756812,-0.3784382,-0.55319077,-0.01175287,-0.08855361,-0.6446535,-0.24444371,0.096485175,-0.70657384,-0.21141404,-0.13552271,-0.9531321,-0.18075086,-0.27038473,-1.4059664,-0.08134132,-0.46443942,-1.8408613,-0.25925228,-0.60834444,-2.1378894,-0.22513857,0.03521796,-0.9881593,-0.14933497,0.23744884,-1.4290835,-0.18014018,0.34702733,-1.8089981,-0.19976766,0.6243811,-2.1621094,-0.26104704,0.22976138,-0.7832857,-0.07065389,0.25887734,-0.7029183,-0.20280592,0.27026933,-0.68810856,-0.1628926,0.20324084,-0.45651075,-0.2829073,0.4730651,-0.68224007,-0.15017055,0.3462723,-0.708864,-0.17171293,0.33288148,-0.41474104,-0.32331747,0.24937858,-0.4378188,-0.20896187,V,Right,0.96,aug_V_013.jpg
0.0,0.0,0.0,-0.35022163,-0.2738551,-0.06449741,-0.4982273,-0.5916829,-0.09178725,-0.31179884,-0.65518445,-0.24856034,-0.21783048,-0.82865304,-0.19360961,-0.27351654,-1.0615374,0.14797734,-0.34968054,-1.482474,-0.18087584,-0.48881263,-1.9692955,-0.07743237,-0.38569748,-2.2457733,-0.27097508,-0.13987651,-0.98613787,-0.0892559,-0.17522235,-0.89949363,-0.17162563,-0.08239597,-0.81419593,-0.19263121,-0.16360706,-0.5780911,-0.15951458,-0.00919114,-0.96207494,-0.033483554,0.050126933,-0.79075944,-0.12268247,0.058031105,-0.7391242,-0.1249217,-0.0968839,-0.52682054,-0.24075115,0.15592045,-0.8630324,-0.06742615,0.28447482,-0.6334499,-0.16238783,0.08020071,-0.6688676,-0.15852924,0.15173118,-0.534992,-0.26867253,1,Right,0.96,aug_1_020.jpg
0.0,0.0,0.0,-0.14056239,-0.2819885,-0.096451916,-0.29247668,-0.65599865,-0.09021774,-0.13718104,-0.7398155,-0.07410635,0.14728415,-0.74667364,-0.13095659,-0.116482325,-1.0086459,-0.034532424,-0.2266335,-1.4650378,0.076830596,-0.22013538,-1.9067117,-0.08601431,-0.31260857,-2.1022692,-0.10173285,0.086430795,-0.9961547,0.014337971,0.0057770745,-1.4870077,0.044123426,0.18020898,-1.8513892,-0.06160946,0.11014718,-2.1591535,-0.12509717,0.29823607,-0.94896233,0.0518196,0.2686061,-0.8405575,-0.0827113,0.26776206,-0.60544187,-0.043885335,0.21763037,-0.52313703,0.018173877,0.44642106,-0.93471235,0.019158904,0.36962795,-0.6403463,-0.078765534,0.40883005,-0.51962304,-0.15250812,0.2982527,-0.5018556,-0.089296296,R,Right,0.96,aug_R_021.jpg
0.0,0.0,0.0,-0.20843399,-0.26046097,-0.047549896,-0.32578945,-0.5678939,-0.10873937,-0.41378298,-0.7903098,-0.16676766,-0.498294,-0.94095075,-0.23208028,-0.20226444,-0.9579641,-0.14651804,-0.18245296,-1.4203848,-0.23238076,-0.15634695,-1.731168,-0.2880936,-0.1326977,-1.9680554,-0.32499713,-0.022258518,-0.98298043,-0.18235712,0.022563934,-1.4925177,-0.26304796,0.05090202,-1.8328638,-0.32104874,0.07305827,-2.0958042,-0.36045608,0.1645969,-0.93316627,-0.21691234,0.21819177,-1.4097335,-0.28839695,0.24716528,-1.7249577,-0.3219751,0.26402417,-1.974512,-0.34333432,0.34864512,-0.81787103,-0.25251374,0.40815794,-1.1915007,-0.3070201,0.43864623,-1.4420631,-0.31396335,0.4554017,-1.6537664,-0.3137802,5,Right,0.95,5_023.jpg
0.0,0.0,0.0,0.48661992,-0.04557481,0.016709365,0.8976825,-0.22095418,-0.015491505,1.2916193,-0.28122935,-0.09233583,1.6500779,-0.3162183,-0.16293022,0.46606877,-0.8472655,0.18093218,0.9922905,-0.9240869,0.039015193,1.4230227,-0.93553096,-0.1138933,1.7429209,-0.9294073,-0.21343082,0.38165596,-0.9222898,0.060993437,1.0013676,-1.0046105,-0.062404763,1.4660481,-1.0146424,-0.17839469,1.8454819,-0.9906309,-0.25472015,0.35952708,-0.93304837,-0.08841679,0.984329,-1.0442004,-0.20345524,1.439571,-1.0522354,-0.25190714,1.7932684,-1.0283281,-0.27170438,0.3911297,-0.8773192,-0.24982408,0.901816,-1.0358795,-0.33247274,1.2654814,-1.0675601,-0.33642837,1.5632367,-1.0533901,-0.32711345,C,Right,0.95,2.jpg
0.0,0.0,0.0,-0.17554729,-0.15857889,0.12231354,-0.3515901,-0.6466726,0.04221854,-0.4968439,-0.6680778,-0.016087508,-0.31841245,-0.93386483,-0.24462667,-0.33513513,-0.9664674,0.13068739,-0.30462033,-1.3754224,-0.045981403,-0.4307729,-1.6079644,-0.16225263,-0.5942266,-1.5506859,-0.17205054,-0.045765918,-0.9870457,0.15377373,-0.046333406,-0.90946996,0.014208656,0.033015314,-0.5992858,-0.087150864,0.09134571,-0.42223665,-0.10577223,0.25456676,-0.9390359,-0.012318834,0.06376703,-0.79355234,-0.061663438,0.09353131,-0.6606091,-0.043095693,0.12513337,-0.47936955,-0.18056054,0.3026329,-0.70811284,0.073641926,0.41809165,-0.6789403,-0.0727376,0.28984925,-0.4576784,-0.041533355,0.21432784,-0.370153,-0.12589608,Q,Right,0.96,aug_Q_032.jpg
0.0,0.0,0.0,-0.22066996,-0.26085603,-0.113710515,-0.44665095,-0.66633606,-0.14274974,-0.3305664,-0.7752059,-0.25702903,-0.12329713,-0.8071122,-0.25013274,-0.23906618,-0.9651156,-0.12196909,-0.23326959,-1.3540856,-0.21121895,-0.39917958,-1.6328909,-0.26852244,-0.433941,-1.4280854,-0.38380742,-0.03599575,-0.99069095,-0.1312855,-0.0868727,-1.4563713,-0.18817982,-0.063556686,-1.7134726,-0.4255513,-0.19961426,-1.6078874,-0.47300726,0.05222725,-0.9528559,-0.015668755,0.12811682,-1.3479047,-0.17167711,-0.012661306,-1.572635,-0.33834624,0.013193659,-1.4854697,-0.43386167,0.32821065,-0.73016787,-0.044802394,0.29045138,-1.3412457,-0.3385682,0.34814793,-1.5614852,-0.35663304,0.2513585,-1.454232,-0.29928672,E,Right,0.96,aug_E_027.jpg
0.0,0.0,0.0,-0.16376813,-0.26901183,-0.14006338,-0.34077525,-0.53056854,-0.1660222,-0.16492791,-0.690233,-0.1142865,0.03280051,-0.7006017,-0.24521032,-0.11647181,-0.93073714,-0.08731894,-0.21326298,-1.4409585,-0.047997363,-0.20463756,-1.7410691,-0.17947821,-0.34705195,-2.1817183,-0.26657337,0.077756226,-0.9966513,-0.025299815,0.014313433,-1.5182112,-0.16853546,0.029265586,-1.9191905,-0.21536826,-0.008585482,-2.1927152,-0.20365712,0.20625445,-0.86060387,-0.027909258,0.15381058,-0.8064209,-0.16374797,0.10564787,-0.7272164,-0.20873897,0.13396232,-0.46147692,-0.1916352,0.4365696,-0.802896,-0.10478447,0.2616903,-0.63612646,-0.107479185,0.25678653,-0.48622915,-0.26054087,0.27606454,-0.55593485,-0.13664316,R,Right,0.96,aug_R_028.jpg
0.0,0.0,0.0,-0.21804123,-0.34633896,-0.16546562,-0.4261971,-0.54895025,-0.16160063,-0.69201565,-0.8681237,-0.17006655,-0.9849584,-0.8479386,-0.21690498,-0.15570778,-0.85227084,-0.08405916,-0.1591827,-1.4177605,-0.16243628,-0.29704708,-1.8241128,-0.20529409,-0.36933553,-2.1840253,-0.18591596,-0.10730647,-0.9910355,-0.079586186,0.06452072,-1.3986214,-0.16247503,-0.10685873,-1.6356175,-0.29510117,-0.11794018,-1.4858338,-0.35229817,0.16389494,-0.8701472,-0.09444404,0.11422762,-0.71980304,-0.1673816,0.16385798,-0.49665603,-0.3360403,0.023023292,-0.54824,-0.2730253,0.4379117,-0.9235224,-0.059459265,0.22690989,-0.6807701,-0.16464505,0.3163222,-0.55776626,-0.23513354,0.10532387,-0.3232019,-0.2084306,K,Right,0.96,aug_K_016.jpg
0.0,0.0,0.0,-0.13409364,-0.40885895,0.0292184,-0.2988831,-0.6256759,-0.063993275,-0.5190223,-0.7302664,-0.10355129,-0.30205637,-0.81702393,-0.19410491,-0.18469532,-0.84639424,-0.0657977,-0.2011626,-1.3494786,-0.04047603,-0.27682877,-1.6168995,-0.13357054,-0.31276748,-1.9837008,-0.1403924,0.005638357,-0.9978881,-0.064711794,-0.019582119,-1.2831742,-0.16693105,0.016603498,-1.5036365,-0.34748733,-0.1699846,-1.35029,-0.29995164,0.15213381,-0.90322536,-0.09253916,0.10678854,-1.2057092,-0.054268803,0.1737802,-1.4548298,-0.32910603,0.01491199,-1.1625041,-0.24437773,0.29786754,-0.75555104,0.015738053,0.30800453,-1.0109123,-0.23734948,0.27975422,-1.3215339,-0.21642351,0.19132988,-1.149778,-0.22940399,D,Right,0.96,aug_D_021.jpg
0.0,0.0,0.0,-0.09006104,-0.3587102,-0.09601439,-0.2954394,-0.59119326,-0.13710828,-0.116417885,-0.63487905,-0.2019123,0.07623011,-0.6152516,-0.2421922,-0.1481287,-0.8966704,-0.10218107,-0.20188586,-1.3883052,-0.11257079,-0.20407814,-1.6134511,-0.24136215,-0.3225102,-2.0519629,-0.27208126,-0.060770582,-0.9981007,0.010097354,0.16030249,-1.4230092,-0.20280558,-0.008998771,-1.7916145,-0.21440352,0.03995332,-2.1826658,-0.29488224,0.20161358,-0.86594146,-0.12132551,0.21001868,-0.75753915,-0.19503841,0.16419233,-0.65895915,-0.21043384,0.07340503,-0.37769365,-0.12636341,0.37282106,-0.73092467,-0.070759214,0.3644525,-0.63861763,-0.14910814,0.32639745,-0.58529156,-0.20840667,0.2087464,-0.43116087,-0.18296048,H,Right,0.96,aug_H_005.jpg
0.0,0.0,0.0,-0.2101741,-0.284673,0.031516787,-0.3917503,-0.70955265,0.03794389,-0.388796,-0.7308037,-0.10925827,-0.35141778,-0.8729491,-0.19327301,-0.2059578,-0.89086473,-0.051050466,-0.1756724,-1.2179126,-0.042556424,-0.2745932,-1.5292383,-0.20160468,-0.49383816,-1.3767086,-0.23158045,-0.03379102,-0.9983604,0.046204276,-0.030615047,-1.2542303,-0.046910655,0.00489222,-1.5532858,-0.14278415,-0.17092268,-1.387083,-0.22152363,0.119186476,-0.91377443,0.02818772,0.2892269,-1.2293742,-0.0037472688,0.18628299,-1.4613918,-0.19132775,-0.044408124,-1.3805017,-0.17744318,0.32522345,-0.76642936,-0.06017196,0.36363554,-1.1110462,-0.1743175,0.31710842,-1.3102936,-0.08336749,0.18790367,-1.2118598,-0.1384521,O,Right,0.96,aug_O_030.jpg
0.0,0.0,0.0,-0.13963822,-0.14816713,-0.046285268,-0.3491599,-0.5033286,-0.29818106,-0.17618287,-0.5816928,-0.29232195,0.0623513,-0.6077174,-0.25146386,-0.12524867,-0.87413365,-0.17697905,-0.23863545,-1.2634423,-0.14834337,-0.276584,-1.6956327,-0.31222433,-0.3049372,-2.0320716,-0.2677592,0.04409787,-0.97774214,-0.20512366,0.089402035,-0.6567536,-0.20676681,0.0284534,-0.501175,-0.32762584,0.09499969,-0.46433577,-0.31162474,0.20076309,-0.8447375,-0.09643297,0.102744184,-0.7362973,-0.22524829,0.20387384,-0.66028965,-0.32481503,0.03335399,-0.46992072,-0.30564097,0.42716464,-0.82789123,-0.11064363,0.32694316,-0.63147366,-0.18388508,0.38238674,-0.5127689,-0.31783402,0.24485555,-0.42288974,-0.35982662,1,Right,0.96,aug_1_006.jpg
0.0,0.0,0.0,-0.22339283,-0.32189253,-0.09676627,-0.35740942,-0.6025731,-0.11509775,-0.14875914,-0.686091,-0.102431245,0.17395689,-0.87197596,-0.16933456,-0.12673472,-0.9939162,-0.08032622,-0.15812683,-1.4806325,-0.13952337,-0.265971,-1.9048647,-0.14069812,-0.22732176,-2.2180498,-0.23187457,0.094828054,-0.99543315,0.010972563,0.07482279,-1.5996692,-0.094566554,0.011137825,-1.9872724,-0.11090536,0.11573405,-2.4295955,-0.19031358,0.22471383,-0.91325414,-0.061617754,0.3053965,-1.4619392,-0.10939606,0.29535922,-1.7915981,-0.17745066,0.41450325,-2.0850298,-0.25507197,0.47152466,-0.84635985,-0.07614416,0.6330065,-1.2641785,-0.084694445,0.5963573,-1.6451877,-0.20429437,0.4943481,-1.9790424,-0.36940792,4,Right,0.96,aug_4_027.jpg
0.0,0.0,0.0,0.53775007,-0.08021692,0.1262395,0.8850829,-0.24191163,0.13893321,1.2316728,-0.28863704,0.082748145,1.5425828,-0.28446048,0.028959047,0.4491494,-0.8594393,0.29593402,0.98972726,-0.889851,0.19200952,1.3956003,-0.87907916,0.05643171,1.7003775,-0.8528635,-0.04164344,0.38410497,-0.9144833,0.12721507,1.0436443,-0.95355,0.02365717,1.4652568,-0.91796637,-0.08792496,1.7955521,-0.8646817,-0.1648542,0.39585194,-0.8971485,-0.06284065,1.0439737,-0.9579648,-0.15555814,1.4677064,-0.9317174,-0.21307692,1.7839571,-0.8895708,-0.24637447,0.4736056,-0.8133637,-0.25612253,0.9809664,-0.9213836,-0.3175696,1.3077502,-0.9245561,-0.32506853,1.5749171,-0.8953786,-0.32601258,C,Right,0.95,444.jpg
0.0,0.0,0.0,-0.31350374,-0.2694055,-0.17105556,-0.52822334,-0.6922679,-0.08395597,-0.8727188,-0.7053675,-0.14963473,-1.0189399,-0.954326,-0.2759526,-0.31660068,-0.90640014,0.03746379,-0.31535798,-1.4915136,-0.17664722,-0.46992314,-1.7908196,-0.18422094,-0.44161117,-2.2064989,-0.27869064,-0.11041528,-0.9835786,-0.14276378,-0.08968295,-1.3224343,-0.3418908,-0.07501098,-1.5633591,-0.2533997,-0.30785254,-1.4221792,-0.30186537,0.030913744,-0.8764145,-0.08559807,-0.012740971,-0.79319704,-0.1598889,0.0044580274,-0.6891717,-0.19313118,0.0060443715,-0.5014115,-0.30293754,0.21662447,-0.8285688,0.016493713,0.20947792,-0.7067458,-0.19959441,0.15070643,-0.513854,-0.31453523,0.12458282,-0.4914324,-0.19107126,P,Right,0.96,aug_P_017.jpg
0.0,0.0,0.0,-0.28781363,-0.2556736,0.08282648,-0.44422606,-0.6011552,-0.10791263,-0.26580125,-0.62991637,-0.26167715,-0.026422417,-0.686836,-0.2682167,-0.31929535,-0.96695787,0.07462424,-0.21136862,-1.5041448,0.022378169,-0.35364786,-1.8898721,-0.10739372,-0.33397254,-2.3094857,-0.18744533,-0.10773914,-0.99320674,0.04396351,0.027721245,-1.650597,-0.085866526,0.042871937,-1.9566898,-0.11101221,-0.031715773,-2.3909955,-0.14613508,0.13422303,-0.8605301,-0.08506052,0.198497,-0.816863,-0.07998054,0.108691715,-0.6405262,-0.08140909,0.11318171,-0.4643187,-0.057998735,0.42947754,-0.81139845,-0.14892937,0.32642475,-0.5785247,-0.0761899,0.3647035,-0.54722685,-0.17048399,0.2136933,-0.3958573,-0.11705175,2,Right,0.96,aug_2_029.jpg
0.0,0.0,0.0,-0.23705591,-0.27236527,-0.035662826,-0.31290647,-0.40891162,-0.04590736,-0.6955566,-0.8369961,-0.12894797,-1.0467753,-0.82758576,-0.017682329,-0.23885155,-0.92920923,-0.00020623743,-0.18770035,-1.3700732,0.08382391,-0.31218037,-1.6926838,-0.11081699,-0.40480566,-2.0299723,-0.020977588,0.026182294,-0.9984505,-0.04910259,0.0344565,-1.4469166,-0.07600759,-0.065078594,-1.583119,-0.27441087,-0.2126387,-1.4248334,-0.25049838,0.18174164,-0.81213206,0.016734378,0.18031158,-0.81561714,-0.10239352,0.22249903,-0.54420906,-0.10556884,0.07442118,-0.5116826,-0.15299377,0.4049235,-0.84386134,0.11205667,0.39217907,-0.5765733,-0.044353478,0.2842725,-0.48527554,-0.14400733,0.3489042,-0.4220777,-0.15002899,K,Right,0.96,aug_K_004.jpg
0.0,0.0,0.0,-0.21959314,-0.19368432,0.032175474,-0.3656093,-0.51087666,-0.032328214,-0.21995689,-0.5432817,-0.14291541,-0.055299003,-0.7625118,-0.14575423,-0.23230407,-0.8044074,-0.057269104,-0.223316,-0.74452424,-0.041315503,-0.19766982,-0.5325534,-0.10430512,-0.16976558,-0.492096,-0.009214388,-0.072014734,-0.99733603,-0.011606143,-0.078737944,-0.7973596,-0.076538734,-0.034188595,-0.66863304,-0.11106115,-0.005879666,-0.4845601,-0.18702559,0.07525438,-0.850174,0.00869722,0.025219856,-0.716743,-0.08738666,0.0913023,-0.6417655,-0.161591,0.0016358063,-0.35629708,-0.06775783,0.29260758,-0.77693194,0.051568262,0.35671175,-1.0924411,-0.14859913,0.21612988,-1.2688835,-0.17773734,0.11074968,-1.2187667,-0.30852583,J,Right,0.96,aug_J_006.jpg
0.0,0.0,0.0,-0.11247012,-0.3746694,-0.052094854,-0.2924539,-0.6406138,-0.112423584,-0.6482451,-0.7745882,-0.09787896,-0.8472637,-0.7861171,-0.24988402,-0.16049343,-0.9453302,-0.07385266,-0.12307819,-1.3512691,-0.12561457,-0.19573747,-1.613216,-0.13531093,-0.3107097,-1.9333892,-0.12954292,-0.06750832,-0.9863027,-0.15049848,0.033093203,-1.3258078,-0.11306053,-0.039200116,-1.7414498,-0.15744345,-0.0061747218,-2.0044682,-0.2139263,0.18454382,-0.8898249,-0.10031312,0.18772532,-1.2503006,-0.061583553,0.1913997,-1.6349517,-0.09666656,0.16111405,-1.8396971,-0.18374139,0.3129467,-0.78116214,-0.03634295,0.19155174,-1.0565834,-0.14723176,0.41761193,-1.3666037,-0.0837656,0.40775973,-1.6954972,-0.25778893,5,Right,0.96,aug_5_019.jpg
0.0,0.0,0.0,0.27945414,-0.5504998,-0.13562164,0.6874099,-0.86269325,-0.17202601,1.0845122,-0.9106706,-0.21683104,1.3734425,-0.9154363,-0.21795388,0.9734654,-0.6128482,0.07574266,1.2385246,-0.59253275,-0.10094723,0.9103958,-0.55859274,-0.17061166,0.8378498,-0.54154414,-0.19196008,0.9555285,-0.2856206,0.07338941,1.1769462,-0.26288545,-0.12090963,0.7954123,-0.30010688,-0.14516534,0.79730713,-0.33235732,-0.11735365,0.914575,0.032216407,0.024680054,1.123168,0.073763035,-0.19468416,0.7587419,-0.020186659,-0.1212231,0.7257893,-0.07412735,-0.01699684,0.8526327,0.33887717,-0.037605233,1.0072209,0.3707687,-0.14003125,0.75599,0.24477082,-0.06428033,0.6807993,0.1667626,0.01979327,A,Right,0.95,501.jpg
0.0,0.0,0.0,-0.06640481,-0.31262705,-0.07248733,-0.12212781,-0.6722287,-0.09450886,-0.115641676,-0.6684888,-0.22608854,0.07059137,-0.70869017,-0.2693352,-0.020940077,-0.99903804,-0.0656675,-0.1277552,-1.3752539,-0.122792654,-0.22845602,-1.6414814,-0.24276005,-0.17063904,-2.0138242,-0.2359995,0.10583457,-0.9898513,-0.09483374,0.017623665,-1.3686601,-0.04654879,0.22773756,-1.720296,-0.13487007,0.0046053347,-2.0173817,-0.17611702,0.23052816,-0.8104615,-0.10442258,0.27245483,-1.2542616,-0.18455452,0.3446546,-1.6542839,-0.22456814,0.25041577,-1.850335,-0.24408881,0.3510164,-0.7783962,-0.09356889,0.39982885,-1.1710018,-0.029647015,0.456126,-1.4152066,-0.19124995,0.4775572,-1.6537632,-0.16772844,4,Right,0.96,aug_4_021.jpg
0.0,0.0,0.0,-0.18477097,-0.22336419,0.020103144,-0.3209235,-0.63887995,0.017571079,-0.2294701,-0.7212066,-0.27728957,0.024686031,-0.87207484,-0.028874587,-0.11552937,-0.9945635,0.13773714,-0.26702756,-1.4119868,0.053564653,-0.2741876,-1.8427734,-0.11640929,-0.35830933,-2.3405867,-0.13156216,-0.026786497,-0.99911624,0.03239276,0.05661159,-1.6478102,-0.109364636,0.051731806,-2.1218123,-0.05499347,-0.045238413,-2.3349128,-0.04631292,0.2392967,-0.89806664,-0.0023772474,0.31452674,-1.4542595,0.01401767,0.35766655,-1.8173109,-0.03384259,0.1844122,-2.2627437,-0.107516386,0.43585318,-0.89178777,0.19045314,0.56939965,-1.2331585,0.002654786,0.5164119,-1.6703938,-0.046345416,0.5442273,-2.0328054,-0.08047477,B,Right,0.96,aug_B_012.jpg
0.0,0.0,0.0,-0.20762151,-0.32531378,-0.03463662,-0.38589445,-0.53191954,-0.09549616,-0.7973054,-0.7267178,-0.13811828,-1.0350044,-0.944683,-0.20515293,-0.21749444,-1.0385814,-0.029167315,-0.28943086,-1.44102,0.0053732297,-0.29921964,-1.7866997,-0.12852909,-0.34359786,-2.1116817,-0.09278852,-0.05183729,-0.9984213,-0.021629823,0.08503683,-1.4191103,-0.22506921,-0.13880432,-1.5115112,-0.38597366,-0.31523657,-1.4746475,-0.18719795,0.09615983,-0.9850998,0.008990224,0.13872436,-0.824852,-0.09882163,0.05895472,-0.6281831,-0.1913909,0.039798733,-0.4815835,-0.12921208,0.18548846,-0.8669934,-0.071102805,0.24147922,-0.6730396,-0.17876686,0.20032297,-0.520063,-0.13166575,0.11460579,-0.50138086,-0.23583457,P,Right,0.96,aug_P_015.jpg
0.0,0.0,0.0,-0.28754526,-0.2864397,-0.07590878,-0.5089783,-0.6362046,-0.091286264,-0.5490499,-0.7292117,-0.15616661,-0.4672583,-0.8678447,-0.25346196,-0.23542836,-0.9151337,-0.11883263,-0.34490243,-1.348258,-0.24637955,-0.43969962,-1.5228515,-0.3602058,-0.4652969,-1.407092,-0.4162783,-0.07542075,-0.99072933,-0.11299184,-0.017622814,-1.5169815,-0.15951143,-0.043252386,-1.8459263,-0.13841616,-0.12893237,-2.2836053,-0.30564752,-0.017826846,-0.9234864,-0.084469944,0.27197358,-1.2885579,-0.19546504,0.1862474,-1.8093446,-0.09463605,0.108600646,-2.093993,-0.17032832,0.24614674,-0.65138686,-0.11917957,0.3743435,-1.1648817,-0.09581148,0.31463686,-1.6024934,-0.23362003,0.3485891,-1.8386424,-0.25491118,F,Right,0.96,aug_F_011.jpg
0.0,0.0,0.0,-0.21304882,-0.16991764,-0.15150289,-0.38050687,-0.53851724,-0.19215846,-0.7767323,-0.7359347,-0.25138417,-0.97229123,-0.9848258,-0.31555095,-0.09016148,-0.8840633,-0.2181097,-0.1752387,-1.4311633,-0.19137688,-0.25459737,-1.7556977,-0.19466166,-0.2741436,-2.143115,-0.31325117,-0.042898994,-0.99124545,-0.12486855,0.0032756948,-1.4054312,-0.29265943,0.019127892,-1.7813485,-0.2461816,-0.070618756,-2.295054,-0.24761605,0.15736066,-0.91126406,-0.17902237,0.21831024,-1.2599486,-0.30166554,0.26370955,-1.6099776,-0.19996892,0.35942656,-2.0344355,-0.24851187,0.36436617,-0.7600936,-0.28203768,0.38925776,-1.0840502,-0.3000499,0.5752061,-1.4393615,-0.3122682,0.4728609,-1.7436235,-0.32413766,HELLO,Right,0.96,aug_HELLO_018.jpg
0.0,0.0,0.0,-0.10586099,-0.29675525,0.025789205,-0.32659233,-0.4607283,-0.020857438,-0.19072768,-0.79139346,-0.15659456,0.051493302,-0.8867011,-0.18295053,-0.124025784,-1.0364316,0.06872288,-0.2858344,-1.4651116,0.015284955,-0.18465185,-2.0012197,-0.070923515,-0.3325928,-2.3927646,-0.16489936,0.0042035826,-0.9991375,0.041310318,-0.010687188,-0.8975433,-0.11275901,0.05430231,-0.5928298,-0.09842894,0.06175176,-0.5186381,-0.24670412,0.33698028,-0.98115635,0.10399745,0.2208926,-0.681952,-0.053366832,0.12292276,-0.6903582,-0.150173,0.10636933,-0.5256426,-0.22224881,0.4601585,-0.7895346,-0.049982946,0.5264213,-0.69970953,-0.13899717,0.26147065,-0.54949105,-0.15567002,0.3564993,-0.46143654,-0.21182556,1,Right,0.96,aug_1_015.jpg
0.0,0.0,0.0,-0.22368452,-0.24449685,-0.037599973,-0.5198138,-0.6346765,-0.19013242,-0.86087734,-0.8609071,-0.2502364,-1.1393951,-0.892648,-0.1294044,-0.19764175,-1.0620167,0.030123102,-0.3224919,-1.4938643,-0.23334998,-0.37804505,-1.9307783,-0.20059128,-0.3728534,-2.3675382,-0.2206052,-0.1003902,-0.9785017,-0.18015634,-0.13696639,-0.85911167,-0.25827476,-0.12771793,-0.6568336,-0.32848996,-0.06628969,-0.44366634,-0.29987928,0.08277985,-0.9669165,-0.07759428,0.047821276,-0.8485589,-0.33858117,0.046494182,-0.58190274,-0.3402308,0.03496108,-0.5081983,-0.32895988,0.42996183,-0.79802865,-0.21729983,0.20140792,-0.7508894,-0.3158874,0.29815495,-0.5425057,-0.29068688,0.17713872,-0.43843365,-0.23617736,L,Right,0.96,aug_L_032.jpg
0.0,0.0,0.0,-0.23573847,-0.26069087,-0.1355238,-0.3656775,-0.5959102,-0.11876307,-0.23981908,-0.70924026,-0.2999216,-0.11970623,-0.7218487,-0.32276973,-0.18809551,-0.80936897,-0.18447319,-0.19062878,-1.2306828,-0.2994931,-0.29565242,-1.5944248,-0.21695308,-0.28218094,-1.8725688,-0.31541628,-0.0661022,-0.9858769,-0.15387443,-0.053681765,-1.3186679,-0.16334088,-0.052122388,-1.6414939,-0.2448279,-0.0885115,-2.0420263,-0.37953642,0.10055142,-0.86563814,-0.20808245,0.1183602,-0.6967019,-0.20891236,0.11240693,-0.60467225,-0.27421075,0.07998324,-0.45677274,-0.22569786,0.27255157,-0.7672972,-0.14590706,0.20870811,-0.61297995,-0.22132404,0.19920442,-0.5451012,-0.22694576,0.20103054,-0.47518045,-0.3309755,H,Right,0.96,aug_H_008.jpg
0.0,0.0,0.0,-0.03728349,-0.20789196,-0.13249028,-0.2576558,-0.65702486,-0.1271236,-0.07945616,-0.6705838,-0.31123772,0.04398645,-0.59609187,-0.19677427,-0.12175097,-0.9165065,-0.068591215,-0.21931116,-1.327989,-0.25471818,-0.2516321,-1.3729925,-0.29891744,-0.33759502,-1.333793,-0.44947398,0.028038656,-0.98963755,-0.14082341,0.13797188,-0.7458804,-0.23626466,0.009391629,-0.673203,-0.22647364,0.08480118,-0.4585588,-0.26902026,0.23669413,-0.8683592,-0.026833707,0.24282357,-0.81075424,-0.2708715,0.19731873,-0.64121884,-0.2662723,0.12130537,-0.45015854,-0.29417047,0.5122263,-0.77385896,-0.055846967,0.33998317,-0.72934645,-0.18153958,0.26707527,-0.5152258,-0.21816985,0.25299406,-0.4293283,-0.16347316,X,Right,0.96,aug_X_015.jpg
0.0,0.0,0.0,-0.001988884,-0.35911962,0.09765241,-0.24886371,-0.7370885,-0.008970547,-0.63013285,-0.9393101,-0.14589424,-0.88072354,-0.95875263,-0.19476688,-0.06795666,-1.1712384,0.06994031,-0.12021199,-1.6658034,-0.058187682,-0.20813386,-2.0400279,-0.023869237,-0.27641976,-2.2894442,-0.07962363,0.106906414,-0.9942651,-0.002828316,0.04305302,-1.4750085,-0.18363674,0.15191588,-1.8705325,-0.28368008,-0.056665324,-1.6012969,-0.3118872,0.29540244,-0.9917863,0.090227544,0.25999963,-0.94088876,0.00637663,0.26893488,-0.7044164,-0.16024697,0.20423593,-0.607199,-0.081358634,0.6013483,-0.9117025,-0.0043666856,0.5534544,-0.6653221,-0.046948228,0.4498476,-0.5125942,-0.1167681,0.39357656,-0.5564889,-0.08937868,K,Right,0.96,aug_K_015.jpg
0.0,0.0,0.0,-0.17569098,-0.20688875,0.05882788,-0.36976346,-0.5235388,-0.11445592,-0.8127001,-0.55899465,-0.019841041,-1.082341,-0.8983208,-0.17212467,-0.2426553,-0.9846425,-0.027348293,-0.22823994,-1.5071617,-0.03244989,-0.27414384,-1.8262144,-0.030436158,-0.44451725,-2.1592076,-0.19703667,-0.07909812,-0.9968261,0.00900946,-0.01115955,-1.3561976,-0.258944,-0.08633776,-1.5725236,-0.2897105,-0.09824712,-1.542307,-0.4562887,0.091923274,-0.8208142,-0.094116226,0.028236303,-0.65972066,-0.10283186,0.10806212,-0.5227382,-0.20399746,0.014637792,-0.37412032,-0.25805753,0.20486735,-0.7410909,0.02266404,0.2968555,-0.56726265,-0.24853943,0.25139487,-0.4322689,-0.25840494,0.23453836,-0.37929118,0.0015303022,P,Right,0.96,aug_P_006.jpg
0.0,0.0,0.0,-0.08665402,-0.2804667,-0.015945284,-0.40295634,-0.60464364,0.03419363,-0.19547598,-0.78803676,-0.19267534,-0.03313199,-0.7010748,-0.24250513,-0.19812295,-0.95931435,0.041309465,-0.42431027,-1.4233125,-0.10518919,-0.55790204,-1.9217823,-0.10376717,-0.8037567,-2.3629816,-0.21844538,0.017496143,-0.9994763,-0.027221588,0.11111163,-1.6302837,-0.12518166,0.3153578,-1.9546521,-0.12576175,0.4245434,-2.3741577,-0.1754053,0.11583116,-0.87954676,-0.0662193,0.1434971,-0.8954934,-0.18938984,0.13891006,-0.683425,-0.22215262,0.117718674,-0.4977512,-0.27766985,0.40770817,-0.87027425,-0.1086363,0.2564289,-0.71462715,-0.10177058,0.1610499,-0.6492885,-0.19853756,0.16710019,-0.4269069,-0.17841649,V,Right,0.96,aug_V_001.jpg
0.0,0.0,0.0,-0.09315452,-0.35300982,-0.017790955,-0.24016061,-0.6019364,-0.10530898,-0.5859845,-0.71338624,-0.05505481,-0.7472279,-0.8908005,-0.161325,-0.16167234,-0.9363104,0.001650819,-0.2172716,-1.2386639,-0.010909626,-0.24111603,-1.6065724,-0.11462935,-0.24659066,-1.9453582,-0.012768762,-0.0428494,-0.99905556,-0.0072078654,0.035295863,-1.2447851,-0.06957687,0.012817157,-1.4854828,-0.14019804,-0.05588339,-1.2624115,-0.22574663,0.23615354,-0.98914856,-0.01870655,0.10458617,-0.7143054,-0.107803494,0.19218372,-0.59436184,-0.14033042,0.119341105,-0.524862,-0.10675494,0.37499434,-0.7619869,-0.07300323,0.32918966,-0.6197958,-0.15234636,0.26120526,-0.59679526,-0.059873644,0.27909645,-0.51381606,-0.17318511,K,Right,0.96,aug_K_030.jpg
0.0,0.0,0.0,-0.23531958,0.19644272,-0.21865897,-0.6187037,0.24847509,-0.36894786,-0.85104793,-0.048767522,-0.5111265,-0.8764666,-0.42185548,-0.6312877,-1.0151682,-0.14109005,-0.18109684,-1.4769948,-0.36874795,-0.40100121,-1.7521253,-0.5166396,-0.50843126,-1.9723132,-0.68085134,-0.576608,-0.88511837,-0.43434203,-0.16707069,-1.0994792,-0.5185841,-0.4383182,-0.79504144,-0.18948217,-0.4259956,-0.65616643,-0.14565879,-0.34480283,-0.70370424,-0.6635941,-0.19247258,-0.84578115,-0.7353093,-0.44946226,-0.5904488,-0.38059855,-0.3200355,-0.47992128,-0.33848298,-0.16345926,-0.4852914,-0.8430852,-0.2414489,-0.5760413,-0.8275437,-0.398742,-0.43842116,-0.5405957,-0.3225049,-0.3735384,-0.49877015,-0.22403526,Z,Right,0.95,170.jpg
0.0,0.0,0.0,-0.18889593,-0.27554786,0.013577541,-0.2457444,-0.5375734,0.057677694,-0.73015976,-0.7620361,-0.041529052,-0.90594184,-0.887441,-0.10775245,-0.10115996,-0.86915857,0.118245475,-0.16342194,-1.2417779,0.09863268,-0.20524499,-1.7218453,0.065295115,-0.19077142,-2.1203976,0.008329442,0.054367796,-0.9982933,-0.0213214,0.048356853,-1.4347945,0.122108325,0.11270145,-1.8145868,0.015511134,0.1058277,-2.173064,-0.07946302,0.20946503,-0.8454254,0.104213,0.2657489,-1.4404058,-0.028912188,0.3136418,-1.7646263,0.057221755,0.33549657,-1.9567648,-0.017273495,0.4400626,-0.74059504,0.01044372,0.5068046,-1.0541909,-0.024612641,0.42571768,-1.4413317,-0.037782613,0.5073824,-1.6768762,-0.1664967,5,Right,0.96,aug_5_021.jpg
0.0,0.0,0.0,-0.1971235,-0.3245064,-0.04373438,-0.32675597,-0.63542,-0.099608816,-0.22887415,-0.8257105,-0.17741856,-0.03444538,-0.6561574,-0.1632412,-0.20599943,-0.97210807,0.09142136,-0.22062445,-1.4330543,-0.10133333,-0.41745543,-1.6165432,-0.32981956,-0.35751808,-1.3801925,-0.23739906,0.008095456,-0.99873966,-0.049534634,-0.037096653,-0.88294613,-0.16925246,-0.08319792,-0.5450908,-0.18909189,0.0061834506,-0.42402846,-0.12575562,0.09029752,-0.9857067,-0.025651919,0.2107316,-0.73191947,-0.09366414,0.076710366,-0.65263236,-0.15796602,0.05240801,-0.58482295,-0.21696903,0.33264872,-0.8725977,-0.06616746,0.27097407,-0.70066446,-0.062126968,0.15573739,-0.6506053,-0.09713146,0.26989478,-0.5486263,-0.21430215,X,Right,0.96,aug_X_019.jpg
0.0,0.0,0.0,-0.3398326,-0.306278,0.0708312,-0.46637562,-0.68477327,-0.1086028,-0.30661672,-0.83272123,-0.15650605,0.151258,-0.7589828,-0.1307323,-0.094609365,-1.0613316,0.06038088,-0.2634918,-1.4935836,-0.26194564,-0.40518498,-1.8286834,-0.31842238,-0.5365154,-1.538065,-0.35638583,-0.017158782,-0.99901056,0.04102952,-0.007299584,-0.8614296,-0.1602161,-0.03528304,-0.73767155,-0.15469643,0.02237397,-0.6139681,-0.14451307,0.24689549,-1.0679479,-0.019836692,0.08035202,-0.97358894,-0.19113544,0.20050699,-0.68044734,-0.046158236,0.10246687,-0.5492246,-0.14903086,0.35439405,-0.8175516,0.01558476,0.3082269,-0.7441401,-0.06787562,0.2294795,-0.5380823,-0.19996177,0.063100524,-0.43579674,-0.08398577,X,Right,0.96,aug_X_003.jpg
0.0,0.0,0.0,-0.019563997,-0.20051531,-0.004788965,-0.20361304,-0.6779252,0.007028229,-0.041202698,-0.7124358,-0.2151175,0.14421777,-0.62195045,-0.1456486,-0.10405535,-0.9322018,0.11655153,-0.07808021,-1.392466,0.03404597,-0.123734936,-1.8528348,-0.18502434,-0.25212952,-2.2557595,-0.094499215,0.183241,-0.98114055,-0.06152941,0.24020323,-1.5436126,-0.0016511941,0.14006762,-1.8918587,-0.05171863,0.09710635,-2.2609396,-0.22354333,0.26949465,-0.8206995,0.045604963,0.5238163,-1.371584,0.061576363,0.2703251,-1.8412615,-0.032850824,0.27707535,-2.1073937,-0.06522404,0.55037504,-0.7504563,-0.014288959,0.58117694,-1.1501197,-0.07452918,0.6389807,-1.4574622,-0.09729202,0.6214806,-1.8279682,-0.10072277,4,Right,0.96,aug_4_006.jpg
0.0,0.0,0.0,-0.2355282,-0.2393388,-0.15209794,-0.38015544,-0.5579482,-0.14464536,-0.2712379,-0.7067338,-0.292099,0.14445809,-0.71968794,-0.21610385,-0.18405584,-1.0066903,-0.142207,-0.249871,-1.4651102,-0.092354044,-0.26918152,-1.8499658,-0.29307702,-0.370889,-2.3926558,-0.26486713,0.0016786586,-0.98264325,-0.18549779,0.02711036,-1.5652875,-0.30998015,0.15861335,-2.0484216,-0.36015376,0.034390092,-2.5028794,-0.28994146,0.29797924,-0.8760834,-0.107752845,0.31647125,-1.4571815,-0.0669924,0.19441113,-1.8635106,-0.22792584,0.33944443,-2.2947776,-0.39507383,0.4560763,-0.74741626,-0.03235851,0.41850594,-1.1666439,-0.029544378,0.52769715,-1.690413,-0.25778687,0.55248284,-1.9421191,-0.32217503,4,Right,0.96,aug_4_017.jpg
0.0,0.0,0.0,-0.18067825,-0.21537517,-0.023217969,-0.46047097,-0.6197911,-0.15218833,-0.2705952,-0.756733,-0.15387832,-0.015786024,-0.6813068,-0.14762469,-0.24189511,-1.0682588,-0.039544463,-0.32296646,-1.4616889,-0.043710988,-0.27623606,-1.8161689,-0.07216213,-0.4241596,-2.2436037,-0.1655337,0.049804863,-0.99804026,-0.037885096,-0.080851056,-1.5757767,-0.07793487,-0.030778425,-1.8852191,-0.09149103,-0.052638903,-2.4023416,-0.23150803,0.18873182,-0.97135574,0.016699852,0.110812455,-0.90727895,-0.10325094,0.17459626,-0.70789367,-0.061676558,0.07968436,-0.4646551,-0.039263118,0.2920707,-0.8846885,-0.039597012,0.20139983,-0.73148245,-0.0822386,0.26024368,-0.6866607,-0.064666264,0.099947244,-0.60020936,-0.10340811,U,Right,0.96,aug_U_005.jpg
0.0,0.0,0.0,-0.3853691,-0.30487588,-0.07550679,-0.4199664,-0.61357135,-0.14354905,-0.6505421,-0.70293057,-0.18701333,-0.4739085,-0.8450683,-0.18405911,-0.29567242,-1.0767164,0.05919147,-0.27844352,-1.4134102,-0.25283593,-0.38979733,-1.7175684,-0.24177098,-0.485543,-1.5475559,-0.2982247,-0.09430012,-0.9938673,-0.0577514,-0.023488404,-0.69813865,-0.17676072,-0.14786275,-0.6496022,-0.14838777,-0.11758861,-0.5095289,-0.22647882,0.04267044,-0.9391008,-0.02910687,0.020253696,-0.85669094,-0.15145934,0.07708268,-0.74068856,-0.21973075,0.10222375,-0.46821526,-0.19982617,0.400929,-0.81598246,-0.051095948,0.30025685,-0.6925434,-0.046888355,0.17122501,-0.5115595,-0.19436704,0.106399596,-0.43368566,-0.20474435,Q,Right,0.96,aug_Q_014.jpg
0.0,0.0,0.0,-0.32626182,-0.25448054,-0.086059816,-0.46886626,-0.53590316,-0.20394358,-0.6267994,-0.740818,-0.27903646,-0.44148755,-0.7721936,-0.29065856,-0.26667905,-0.9115639,-0.17477387,-0.3374243,-1.274764,-0.20874925,-0.48713872,-1.619491,-0.33114836,-0.50042284,-1.3822873,-0.384538,-0.06393366,-0.9895476,-0.12925923,-0.10743255,-1.3935516,-0.2583447,-0.16052493,-1.4647945,-0.35695067,-0.23683178,-1.3678916,-0.43161434,0.14440319,-0.7779994,-0.115675196,0.040234122,-1.1480492,-0.20680705,0.028706182,-1.3855747,-0.26888463,-0.08469451,-1.3136749,-0.35468936,0.25244272,-0.8136118,-0.16513702,0.17700171,-1.1190869,-0.31450176,0.21601957,-1.2728897,-0.26307678,0.014960447,-1.3061019,-0.4282982,O,Right,0.96,aug_O_008.jpg
0.0,0.0,0.0,-0.18575986,-0.08544427,-0.019088546,-0.5342626,-0.6812073,-0.001414652,-0.21091302,-0.6359736,-0.056120045,-0.11355519,-0.6781715,-0.06663535,-0.2911042,-1.0380453,0.07433372,-0.3527055,-1.60663,-0.0507267,-0.4902204,-2.0647836,-0.06672872,-0.5024959,-2.4772675,-0.15371123,-0.08200444,-0.9952239,0.052959036,-0.1059055,-1.7403562,-0.014905369,-0.023683993,-2.0450726,0.008314217,-0.040201813,-2.570905,-0.08256869,0.13130915,-1.0035211,0.05910066,0.18350995,-1.4762917,0.006082306,0.3061646,-2.0286677,-0.0055443053,0.1668379,-2.3286493,-0.16135745,0.39796144,-0.7718042,0.107780434,0.39687318,-1.3221086,-0.004746158,0.46811742,-1.8098565,0.0021449483,0.597469,-2.0271435,-0.12684718,4,Right,0.96,aug_4_018.jpg
0.0,0.0,0.0,-0.30406,-0.20647396,-0.06197624,-0.48473847,-0.52556413,-0.14544268,-0.32016522,-0.63916576,-0.22542301,-0.010600841,-0.7635119,-0.18320434,-0.31803837,-0.8557381,-0.09586416,-0.16239043,-0.7931326,-0.14028224,-0.33955446,-0.518442,-0.14815412,-0.2445309,-0.50096333,-0.26896673,-0.12675618,-0.99042916,0.054617323,0.055936765,-0.76799303,-0.21696141,0.04686554,-0.71055967,-0.12853979,-0.07961373,-0.40295058,-0.21874565,0.16078305,-0.80982304,-0.013927693,0.057128713,-0.69420207,-0.05497458,0.030375201,-0.64699596,-0.21256128,-0.11574407,-0.41968977,-0.1768942,0.27333704,-0.77600664,-0.012387581,0.20561744,-0.6079443,-0.15106654,0.13196279,-0.48460284,-0.22509524,0.14557701,-0.37302303,-0.17382196,S,Right,0.96,aug_S_022.jpg
0.0,0.0,0.0,-0.11706817,-0.14945328,0.059379112,-0.22357556,-0.5641384,0.012943586,-0.09128696,-0.64100426,-0.1638062,-0.03692177,-0.66293514,-0.1979183,-0.07116933,-0.9317662,0.0241674,-0.31123123,-1.1827834,0.023880519,-0.3194592,-1.6044751,-0.09270836,-0.2735382,-1.9223107,-0.16254942,0.008598429,-0.99993724,0.0071812146,-0.09199455,-1.3034757,-0.11226769,0.026050756,-1.6618125,0.012914447,0.10023943,-2.0096605,-0.123196736,0.23445052,-0.8117293,0.021126114,0.10557813,-0.61281663,-0.12086413,0.08299642,-0.55432177,-0.2122824,0.10078499,-0.36737517,-0.101571314,0.34727585,-0.7423048,-0.07234589,0.34720582,-0.615166,-0.049265344,0.1521296,-0.45445198,-0.02278485,0.28756943,-0.39268824,-0.17478326,R,Right,0.96,aug_R_012.jpg
0.0,0.0,0.0,-0.27631572,-0.15026721,-0.11897096,-0.41777673,-0.5666744,-0.08497002,-0.25142968,-0.63746035,-0.16399068,-0.066285014,-0.6774414,-0.21068068,-0.2509446,-0.8907808,-0.10617327,-0.32148674,-1.4286635,-0.09968305,-0.3817189,-1.6995871,-0.10644177,-0.44685155,-2.1159744,-0.15499637,-0.07853959,-0.990605,-0.111952595,-0.020916292,-0.71276534,-0.15573129,-0.025848847,-0.74268514,-0.11643236,-0.077511795,-0.42887428,-0.2086715,0.19594646,-0.9159347,0.031709325,0.09337014,-0.6817992,-0.16251777,-0.0020265265,-0.5246498,-0.17330393,0.10075898,-0.44765413,-0.21419628,0.3820794,-0.60964376,-0.050289955,0.21562113,-0.5780052,-0.15830988,0.24465096,-0.49795982,-0.10319824,0.1253225,-0.36327493,-0.2180844,Z,Right,0.96,aug_Z_027.jpg
0.0,0.0,0.0,-0.18951008,-0.3405404,0.11809193,-0.44429955,-0.49654657,-0.09257127,-0.30713314,-0.55817574,-0.19302021,-0.12060851,-0.6759528,-0.15001807,-0.2444586,-0.9012099,-0.025561849,-0.2409196,-1.374764,-0.12700622,-0.31413606,-1.8752695,-0.10429827,-0.31676507,-2.062668,-0.26903623,-0.0025377015,-0.99936855,-0.03544114,-0.010813168,-1.5022979,-0.08412786,-0.15216304,-1.8419533,-0.20065407,-0.054786112,-2.3193781,-0.1873745,0.06957726,-0.91748095,0.013672769,-0.003437021,-0.77187246,-0.12663358,0.09007266,-0.7045073,-0.19221102,0.05089727,-0.37928912,-0.18075319,0.2057565,-0.7430031,-0.07253723,0.2551858,-0.55123615,-0.20095703,0.25101557,-0.46612564,-0.14684084,0.16012943,-0.31151658,-0.112202294,U,Right,0.96,aug_U_019.jpg
0.0,0.0,0.0,-0.15027857,-0.21984248,0.18393682,-0.40012133,-0.6215242,-0.099580035,-0.1879458,-0.61572623,-0.077323645,0.13188232,-0.72608197,-0.03526849,-0.24722604,-0.92688286,-0.0145564005,-0.17941391,-1.2721575,0.03192461,-0.36677286,-1.534353,-0.10454246,-0.3781029,-1.4526472,-0.31455952,0.032310117,-0.9974433,0.063741334,0.055422246,-1.3609883,-0.11653361,-0.14016196,-1.6520151,-0.003157145,-0.08542525,-1.4404213,-0.19204988,0.18412124,-0.83192027,0.06795787,0.22980973,-1.2854338,0.06411975,0.19278672,-1.4280275,-0.16818422,0.11791627,-1.3758235,-0.17588231,0.47321177,-0.81584513,0.10641496,0.40686408,-1.1449226,-0.06840096,0.4520323,-1.47646,-0.05493222,0.3113684,-1.1607629,-0.27001047,E,Right,0.96,aug_E_021.jpg
0.0,0.0,0.0,-0.048191857,-0.15312041,-0.126666,-0.4514507,-0.43823323,-0.14306927,-0.35990888,-0.62406456,-0.24251075,-0.23015249,-0.87303394,-0.33476663,-0.20169498,-0.8714488,0.026578324,-0.2238335,-1.4394596,-0.29057077,-0.3665905,-1.65878,-0.28107533,-0.28483596,-1.3785647,-0.41703796,0.012335203,-0.99974084,-0.01913457,0.15065652,-1.5574378,0.000171907,0.18317635,-1.9572783,-0.16758418,0.032711748,-2.3899908,-0.21739458,0.3122159,-0.96206415,-0.07553666,0.32920894,-1.3231516,0.04025305,0.23041442,-1.8230941,-0.28301904,0.24135217,-2.247419,-0.22735326,0.44779986,-0.68621355,-0.061127003,0.5413091,-1.1658008,-0.1568601,0.46054506,-1.4932672,-0.04412792,0.7182859,-1.8279275,-0.10654273,F,Right,0.96,aug_F_002.jpg
0.0,0.0,0.0,-0.16718666,-0.21514009,0.03769748,-0.39314282,-0.52270955,-0.13505882,-0.58979744,-0.913626,-0.22707054,-0.72893137,-1.1815258,-0.3134486,-0.21080147,-0.8399605,-0.04141192,-0.18649885,-1.2263458,-0.14248921,-0.32897136,-1.5826591,-0.18153025,-0.39701268,-1.8328521,-0.21217658,-0.066563495,-0.9974907,-0.02411558,-0.0851232,-1.3541839,-0.06089005,-0.08431848,-1.6939251,-0.07517485,-0.16055089,-2.1247756,-0.24267085,0.12718864,-0.8017843,-0.12233655,0.06038853,-0.7106552,-0.1714399,0.10519881,-0.49580505,-0.1420256,0.084764436,-0.4590641,-0.19638921,0.42989227,-0.6188486,-0.09045879,0.34641144,-0.6052882,-0.18775025,0.29405013,-0.52423126,-0.2944981,0.2279187,-0.36996698,-0.18967937,3,Right,0.96,aug_3_008.jpg
0.0,0.0,0.0,-0.14846583,-0.29405642,0.0020204694,-0.26857203,-0.5399368,-0.071618825,-0.66308117,-0.7438182,-0.18829037,-0.90708333,-0.9614794,-0.21534464,-0.10617154,-0.97547495,-0.09287751,-0.09440805,-1.4150165,-0.11916055,-0.26227292,-1.8778468,-0.14815676,-0.324347,-2.1022859,-0.1801404,0.15777047,-0.98387325,-0.08427381,-0.03125032,-1.4557265,-0.16154668,0.04966383,-1.7745278,-0.10236168,0.093533844,-2.2269514,-0.13189743,0.34225953,-0.937617,-0.06503434,0.25045273,-1.3644274,-0.09740757,0.20468299,-1.7650715,-0.05683583,0.31458518,-2.0104778,-0.1883885,0.33485365,-0.77414954,0.012939819,0.41922462,-1.1383154,-0.18369481,0.53132856,-1.470131,-0.15310802,0.66614044,-1.8478601,-0.21355954,HELLO,Right,0.96,aug_HELLO_019.jpg
0.0,0.0,0.0,-0.19082549,-0.30701068,0.0077284523,-0.35762057,-0.6540879,0.05147718,-0.5013802,-0.6705483,-0.076046996,-0.24609105,-0.82766426,-0.27211922,-0.131265,-0.93510044,0.041586157,-0.20665239,-1.3736027,-0.18473025,-0.33558822,-1.5505759,-0.25503272,-0.39036706,-1.297888,-0.21419448,0.0055021723,-0.9991199,-0.041584797,0.021291057,-1.3006121,-0.0676795,-0.0041240957,-1.6741025,-0.04888185,-0.029803231,-2.1266935,-0.0026309968,0.15625185,-0.8100741,0.03980957,0.15244336,-1.2486904,-0.035046,0.17633156,-1.5724397,-0.10721251,0.13259651,-1.8581029,-0.1299389,0.30253935,-0.8008551,0.07211923,0.38864756,-1.0468403,0.0008451269,0.32761404,-1.366132,-0.091708764,0.3555906,-1.6474814,-0.019159064,F,Right,0.96,aug_F_020.jpg
0.0,0.0,0.0,-0.1922205,-0.39091578,-0.037728563,-0.31983635,-0.6175187,-0.10179637,-0.7767009,-0.7761324,-0.1278264,-0.9309209,-0.9501734,-0.17197473,-0.16611035,-1.032081,-0.011022785,-0.17685093,-0.78523964,-0.103360176,-0.21732531,-0.6459771,-0.19619447,-0.14639534,-0.57660663,-0.15938085,0.04358469,-0.9961218,-0.076431006,0.055090953,-0.80023235,-0.08428545,-0.14538231,-0.7254791,-0.14923643,0.06256508,-0.4810641,-0.2002424,0.06244198,-0.9525573,-0.01150583,0.04180371,-0.85773915,0.0046728905,0.08719474,-0.69704384,-0.0017741534,0.045423515,-0.6033766,-0.18682928,0.3401271,-0.83701026,-0.02566594,0.4970909,-0.9963358,-0.025170837,0.58041453,-1.4755508,-0.064058274,0.81772983,-1.8557414,-0.22388442,Y,Right,0.96,aug_Y_003.jpg
0.0,0.0,0.0,-0.18089075,-0.2455945,0.04602319,-0.2553865,-0.5895244,-0.09402294,-0.6398884,-0.7859125,-0.14116432,-0.88839823,-0.88491595,-0.17343853,-0.07667245,-0.9874362,-0.030413905,-0.24461669,-1.4072243,-0.103039615,-0.21815577,-1.5737039,-0.1324927,-0.2854889,-1.9920667,-0.18486029,-0.1474998,-0.9890621,4.731969e-05,-0.095779136,-1.4133155,-0.09308737,0.057700444,-1.7103462,-0.099036425,-0.013101432,-2.1642537,-0.18546584,0.17749706,-0.81263566,-0.1078862,0.32588568,-1.2638217,-0.115963094,0.18538563,-1.602685,-0.12273304,0.22539282,-1.8465161,-0.19181669,0.35094312,-0.7638767,0.040967304,0.29860827,-1.0069222,-0.1218904,0.37393278,-1.4075562,-0.10899482,0.4089013,-1.6467199,-0.18156596,HELLO,Right,0.96,aug_HELLO_028.jpg
0.0,0.0,0.0,-0.24542156,-0.2839665,0.020483032,-0.3444338,-0.6291192,-0.017866125,-0.46050274,-0.7203495,-0.11000622,-0.4065552,-0.9821313,-0.20592487,-0.22597787,-1.013394,0.01998562,-0.18379357,-1.268364,-0.08591731,-0.2786387,-1.5798268,-0.22457658,-0.38770798,-1.4218771,-0.2672144,0.08064235,-0.989806,0.11739204,-0.11669306,-1.5194818,0.0002375498,-0.0140540395,-1.9526974,-0.07855973,0.11333431,-2.2309768,-0.078523204,0.12491915,-0.89265597,0.022306373,0.26391515,-1.2936548,0.00016792439,0.20781286,-1.7986912,-0.15803413,0.20839897,-1.9742825,-0.03958259,0.29022756,-0.8526358,0.07291763,0.33886287,-1.2578219,-0.048082564,0.39973474,-1.4150221,-0.019921344,0.38761902,-1.7231778,-0.10419113,F,Right,0.96,aug_F_028.jpg
0.0,0.0,0.0,-0.24901848,-0.19909224,-0.24748468,-0.36156794,-0.53278327,-0.32654205,-0.20994586,-0.66895896,-0.29845423,-0.006206681,-0.74951434,-0.37522763,-0.08282233,-1.0236213,-0.14549045,-0.3022834,-1.5999395,-0.27049902,-0.3954749,-1.7880924,-0.29990837,-0.38976163,-2.2912366,-0.30746073,-0.06863168,-0.9858361,-0.15302528,-0.060383394,-1.5167092,-0.2173219,-0.026546653,-2.0288055,-0.26935312,-0.009435465,-2.2970595,-0.35570344,0.2922438,-0.91562265,-0.2569013,0.06659926,-0.72376865,-0.19439869,0.11583221,-0.6536843,-0.3792404,0.14263704,-0.5759926,-0.26464856,0.42952836,-0.8020609,-0.1150682,0.41026756,-0.6944766,-0.27529645,0.25356105,-0.6095572,-0.35648414,0.2350793,-0.4814862,-0.29414248,R,Right,0.96,aug_R_003.jpg
0.0,0.0,0.0,-0.18830551,-0.28704068,0.020158194,-0.34918675,-0.49922362,-0.124095194,-0.24973495,-0.6594349,-0.06372652,0.07366734,-0.5302753,-0.1518613,-0.13619973,-1.081864,-0.0017300099,-0.33284882,-1.4627252,-0.08258576,-0.53932303,-1.8833252,-0.0020133478,-0.749614,-2.3450792,-0.19442502,0.08826756,-0.9951825,-0.042668458,0.07615674,-1.5214812,-0.09257938,0.3768116,-1.989501,-0.03997766,0.6226548,-2.2721276,-0.10473099,0.26999545,-0.97507805,0.080130905,0.13389444,-0.77995265,-0.08198731,0.23129772,-0.5867486,-0.1942161,0.104247294,-0.32867506,-0.1733394,0.419164,-0.8056972,-0.012329708,0.39177704,-0.66897726,-0.1007936,0.43412238,-0.5578675,-0.16857399,0.24646658,-0.41001904,-0.2039427,V,Right,0.96,aug_V_034.jpg
0.0,0.0,0.0,-0.11562491,-0.19911972,-0.088680685,-0.2680658,-0.55150765,-0.10584074,-0.19845253,-0.67364794,-0.23081692,0.10821721,-0.79045457,-0.14027075,-0.14177456,-0.9934511,-0.036082212,-0.12333818,-1.4984878,-0.10045331,-0.2734731,-1.8090615,-0.16275126,-0.37767342,-2.2418902,-0.078863405,0.06444778,-0.9968506,-0.04621008,0.0476402,-0.8452454,-0.09449584,0.056227636,-0.699233,-0.15683207,-0.08796345,-0.4690997,-0.25052094,0.2329194,-0.9822215,-0.030130202,0.2239619,-0.6894256,-0.21101171,0.2463376,-0.6258618,-0.19651362,0.18724538,-0.5057049,-0.13070379,0.37021282,-0.8097463,0.022868002,0.46284598,-0.6821695,-0.28120065,0.32100782,-0.53753287,-0.1842387,0.30422318,-0.47233534,-0.12386815,1,Right,0.96,aug_1_027.jpg
0.0,0.0,0.0,-0.25023732,-0.1293998,-0.24690011,-0.49926665,-0.5336235,-0.22157358,-0.20979336,-0.57578856,-0.32327732,-0.030079389,-0.5958466,-0.34690133,-0.31961563,-0.78309476,-0.1807979,-0.5180787,-1.4085761,-0.1525486,-0.6338995,-1.8473766,-0.228679,-0.8571697,-2.3377972,-0.33116558,-0.08006515,-0.9834446,-0.16256212,-0.09166928,-1.5825893,-0.24674194,-0.10393662,-1.779718,-0.2739982,-0.072711594,-2.20309,-0.4062972,0.016897,-0.9068272,-0.1862731,0.2402176,-1.3805623,-0.28811246,0.4578891,-1.7687783,-0.19503975,0.53672713,-2.0675123,-0.41138014,0.30194357,-0.77291816,-0.16462213,0.19632056,-0.7423952,-0.31045207,0.29865065,-0.52829325,-0.28368133,0.15629636,-0.39837486,-0.19353098,W,Right,0.96,aug_W_030.jpg
0.0,0.0,0.0,-0.5230274,-0.19188766,-0.30874622,-0.9041337,-0.7006065,-0.4261475,-1.0943829,-1.1006061,-0.52626354,-1.3548025,-1.3515518,-0.558991,-0.58245414,-1.0013561,-0.22712226,-0.46032643,-1.2795917,-0.51673514,-0.46061745,-0.91681075,-0.60948163,-0.50489587,-0.8089954,-0.62421614,-0.19397531,-0.9662082,-0.16975057,-0.07178057,-1.1636919,-0.4999112,-0.18820702,-0.76262915,-0.5471474,-0.30411717,-0.72333944,-0.51320785,0.15946154,-0.8977308,-0.16639769,0.28130475,-1.0486289,-0.53286237,0.11659313,-0.64925283,-0.4879446,-0.030448442,-0.49783462,-0.34984726,0.4865057,-0.8335993,-0.18103616,0.629189,-1.2076104,-0.38983616,0.69639504,-1.444766,-0.40229502,0.74404645,-1.7031537,-0.358622,Y,Right,0.95,156.jpg
0.0,0.0,0.0,0.5405144,-0.0607495,0.10487166,0.9162728,-0.21160237,0.10969812,1.2669232,-0.25182468,0.04958069,1.5949324,-0.26444155,-0.009502329,0.45600334,-0.85939443,0.26634985,1.0239832,-0.87840533,0.15931448,1.44622,-0.85349995,0.025670469,1.7633198,-0.8170595,-0.070284665,0.38533583,-0.91670555,0.10567487,1.0834605,-0.9432726,-0.0010670868,1.5180845,-0.90874314,-0.10782246,1.859676,-0.87122303,-0.18108939,0.38649482,-0.89620256,-0.07800522,1.0837394,-0.93989104,-0.18455769,1.5076343,-0.9078293,-0.23513392,1.8199035,-0.87416184,-0.26174873,0.44729185,-0.8093245,-0.26576602,1.0038795,-0.9010969,-0.34917462,1.3497235,-0.9008205,-0.35977358,1.6310172,-0.8825296,-0.35876346,C,Right,0.95,530.jpg
0.0,0.0,0.0,-0.28233844,-0.24939167,-0.02934809,-0.39732075,-0.50855374,-0.22324912,-0.17896834,-0.5724446,-0.25119996,-0.0683738,-0.658279,-0.36494467,-0.18379946,-0.95638317,-0.15924297,-0.21611714,-1.2978736,-0.2755852,-0.38177717,-1.6787962,-0.32646745,-0.29979017,-2.0631802,-0.2024722,-0.10360537,-0.990624,-0.0890509,-0.079623505,-0.8436585,-0.20344065,-0.14892004,-0.52196527,-0.26817062,-0.11134607,-0.4041694,-0.21584663,0.114654295,-0.744758,-0.023914834,0.08718631,-0.6757825,-0.16348116,0.00921319,-0.5837449,-0.31447753,-0.018661138,-0.4588997,-0.26750046,0.20649306,-0.7143711,-0.15776452,0.3228743,-0.581464,-0.27923256,0.27376157,-0.48130256,-0.28969148,0.13162689,-0.48220825,-0.34314582,Z,Right,0.96,aug_Z_014.jpg
0.0,0.0,0.0,-0.18933345,-0.18364744,-0.06786172,-0.31931686,-0.65285903,-0.12681486,-0.5089106,-0.70050263,-0.19572003,-0.33343667,-0.8505797,-0.19630425,-0.13933215,-0.9676791,-0.04870036,-0.22609653,-1.2304562,-0.13736324,-0.3134626,-1.4220383,-0.2936175,-0.39667755,-1.3773429,-0.22055805,-0.17826194,-0.9773928,-0.113692716,0.028679544,-1.3592825,-0.22728403,-0.020918898,-1.5656823,-0.31184942,-0.15709384,-1.4036252,-0.34611264,0.13253407,-0.8028704,-0.060807887,0.1450621,-1.1959978,-0.2383728,0.1807876,-1.3923604,-0.31200546,0.04756013,-1.1878828,-0.3836265,0.37372795,-0.70175725,-0.099532,0.28988236,-1.0682201,-0.203059,0.35949108,-1.2686101,-0.28912902,0.16041997,-1.092713,-0.38018933,O,Right,0.96,aug_O_023.jpg
0.0,0.0,0.0,-0.16404004,-0.123166464,0.05093516,-0.602989,-0.50845647,-0.1220659,-0.13992499,-0.7632034,-0.28652975,-0.10419919,-0.73990893,-0.21436854,-0.32753396,-1.2305291,-0.04863012,-0.21388912,-0.9766728,-0.27435842,-0.14761299,-0.5502622,-0.2840576,-0.19608784,-0.4851989,-0.20603064,-0.045451347,-0.9988532,-0.015048475,-0.04662354,-1.0184759,-0.10126904,0.06198337,-0.69931996,-0.2256835,-0.030689936,-0.46989098,-0.32064363,0.12921573,-0.9676188,-0.012568047,0.11840433,-0.90272444,-0.11313316,0.102907926,-0.6745939,-0.25481585,-0.006511674,-0.49256802,-0.24336824,0.46480078,-0.8400849,0.07014155,0.46260238,-0.73327005,-0.18336491,0.44662777,-0.5037764,-0.33473054,0.33285725,-0.3625035,-0.13820568,N,Right,0.96,aug_N_008.jpg
0.0,0.0,0.0,0.027730178,-0.39077,-0.11664108,-0.2927672,-0.63860065,0.04319126,-0.15674521,-0.6881,-0.21338189,0.08380026,-0.82476646,-0.13377698,-0.075169966,-0.9165753,-0.04323263,-0.21234126,-1.3362124,-0.19555481,-0.25123915,-1.7738048,-0.18165074,-0.12860885,-2.0722716,-0.11521312,0.066453,-0.9973918,-0.028169837,0.13017201,-1.4989475,-0.11312475,0.08005333,-1.8948867,-0.1403157,0.07574033,-2.1604297,-0.17349298,0.33048955,-0.9258525,-0.080408596,0.30803883,-1.3129748,-0.18346648,0.2690735,-1.7205521,-0.115367465,0.3317117,-1.9745213,-0.30304733,0.34788316,-0.81540203,-0.07734679,0.47343907,-1.205106,-0.01686422,0.39953706,-1.460254,-0.09434487,0.5505434,-1.7298892,-0.13115671,4,Right,0.96,aug_4_016.jpg
0.0,0.0,0.0,-0.10915891,-0.26032388,-0.05365393,-0.20995733,-0.60894597,-0.093069114,-0.14105856,-0.6725199,-0.23093629,0.071128085,-0.7478971,-0.22893071,-0.012415555,-0.98141474,-0.060288545,-0.12745412,-0.73155016,-0.13863437,-0.10085581,-0.619966,-0.2316966,0.016358983,-0.58016807,-0.14006922,-0.01015777,-0.9913074,-0.13117382,0.10286104,-0.8178133,-0.16774668,0.05431894,-0.70095485,-0.20947376,0.022868749,-0.60411674,-0.16884106,0.18441595,-0.80435765,-0.012306903,0.24582748,-0.80877537,-0.058087904,0.091842905,-0.6778703,-0.15898323,0.19997033,-0.5514798,-0.2359663,0.39160714,-0.7589008,-0.10204556,0.4806934,-1.1439251,-0.12887006,0.38152534,-1.2610899,-0.3489501,0.33185056,-1.1434706,-0.34916183,J,Right,0.96,aug_J_005.jpg
0.0,0.0,0.0,-0.1857509,-0.18906006,-0.02322629,-0.37293512,-0.5142382,-0.062097874,-0.24505875,-0.61702067,-0.16452406,0.14240855,-0.713097,-0.22211695,-0.14823765,-0.91872036,-0.07344454,-0.21130097,-1.4706566,-0.14491941,-0.2790835,-1.8405682,-0.0553661,-0.26492164,-2.2466104,-0.22445005,0.12497745,-0.9897104,-0.06966975,0.11338839,-1.5228724,-0.12511344,0.05441263,-1.9780957,0.029029574,0.091750465,-2.3803272,-0.14755155,0.3383071,-0.9219027,-0.062780365,0.3559083,-1.4187547,-0.14023237,0.23153326,-1.71141,-0.118517675,0.2713479,-2.159435,-0.12780806,0.43624952,-0.8550285,-0.008774698,0.5739593,-1.1445396,-0.11012216,0.6266918,-1.5433145,-0.05308559,0.58567595,-1.9896244,-0.0724139,B,Right,0.96,aug_B_019.jpg
0.0,0.0,0.0,-0.039263338,-0.30075133,-0.16713804,-0.4145044,-0.5956348,-0.16250385,-0.109028384,-0.67447764,-0.11063524,0.008069468,-0.8526581,-0.10208758,-0.1791848,-0.9419399,-0.027421936,-0.18330765,-0.7849737,-0.124735735,-0.1359319,-0.71682537,-0.17718618,-0.097195275,-0.48050213,-0.13855161,-0.01565443,-0.9998247,0.010273171,0.03122099,-0.8471633,-0.21667871,0.08648618,-0.6019356,-0.1312808,-0.06348365,-0.47478107,-0.22887945,0.21863529,-0.9054178,-0.11970387,0.1311504,-0.7446425,-0.105773866,0.124250464,-0.7471112,-0.10437001,0.11072183,-0.5130321,-0.113785155,0.26749095,-0.78998834,-0.00024776152,0.44541147,-1.177795,-0.27013955,0.3291291,-1.2966312,-0.3546534,0.19939247,-1.1821482,-0.23158091,J,Right,0.96,aug_J_030.jpg
0.0,0.0,0.0,-0.11831064,-0.25803018,0.14066325,-0.3838981,-0.58592933,-0.07419319,-0.22200093,-0.78059596,-0.19175074,0.03647016,-0.75514644,-0.13882922,-0.24021007,-1.0004911,0.0942249,-0.18937552,-0.90248716,-0.0074470704,-0.05065109,-0.61470926,-0.06332573,-0.03174138,-0.5946727,-0.0074153356,0.05702158,-0.9981325,0.021906283,-0.082961544,-0.8537233,-0.04088986,-0.06957923,-0.6471442,-0.1825519,-0.028221156,-0.5772052,-0.19831026,0.20496665,-0.9637664,0.0012006194,0.101138495,-0.6303156,-0.031754952,0.1786095,-0.6876941,-0.08553747,0.07656684,-0.54449815,-0.003690518,0.4098817,-0.7567788,-0.026723152,0.2560916,-0.69432974,-0.099612,0.31640002,-0.5083325,-0.11077797,0.28087288,-0.44048518,-0.16463193,N,Right,0.96,aug_N_016.jpg
0.0,0.0,0.0,-0.2870375,-0.29775086,-0.07301838,-0.39108574,-0.66111046,-0.12514184,-0.21519385,-0.7103939,-0.23070656,-0.104832634,-0.7312297,-0.3063359,-0.2745672,-0.883074,-0.037669502,-0.21436672,-0.8975508,-0.1618054,-0.19901378,-0.6071612,-0.12609789,-0.100730136,-0.53229713,-0.21247767,0.008911165,-0.9938614,-0.11027341,-0.07467124,-0.7335475,-0.18713452,-0.08611816,-0.6757079,-0.13407136,-0.04911944,-0.45428416,-0.102653414,0.030035568,-0.92842656,-0.07676747,0.0686276,-0.73407024,-0.16579339,0.0293553,-0.58174807,-0.15525141,0.038362492,-0.61284584,-0.12115149,0.2896594,-0.768547,-0.0966835,0.20447318,-0.72014016,-0.24354123,0.15192598,-0.6276412,-0.18656303,0.09170595,-0.42138132,-0.26935595,M,Right,0.96,aug_M_024.jpg
0.0,0.0,0.0,-0.15463994,-0.08648295,-0.0092528565,-0.24467328,-0.50991756,-0.09039165,-0.41425407,-0.6907961,-0.24500215,-0.14778861,-0.75849944,-0.3115931,-0.076883376,-0.7285478,-0.144597,-0.14081262,-1.2858057,-0.13436626,-0.37663388,-1.4444934,-0.2616553,-0.42543405,-1.2911534,-0.3548786,0.14227235,-0.98973143,-0.013790884,0.044702735,-1.3348826,-0.036546852,0.03658695,-1.763294,-0.10297445,0.07798737,-2.1685655,-0.2408083,0.24799785,-0.88380027,-0.027719181,0.3324812,-1.3145375,-0.1293404,0.23929524,-1.5707054,-0.14868069,0.25345537,-1.9046413,-0.22193569,0.3959345,-0.750212,-0.017529095,0.3929987,-1.0152389,-0.09422013,0.48764965,-1.4048165,-0.060095295,0.4239927,-1.7843819,-0.1448622,F,Right,0.96,aug_F_031.jpg
0.0,0.0,0.0,0.009965134,-0.33687994,-0.062749974,0.2791193,-0.6596617,-0.09725721,0.6450128,-0.81488776,-0.16573915,0.96589947,-0.82643044,-0.23834717,0.7567188,-0.6989023,0.06061387,1.145123,-0.86566406,-0.08021221,1.3057764,-0.9560849,-0.17671444,1.4030464,-1.0246452,-0.23689899,0.8499702,-0.52680933,-0.0047438988,1.0710993,-0.6698256,-0.27282134,0.71593195,-0.5728587,-0.35021982,0.40437567,-0.4742053,-0.31937563,0.8867042,-0.34262043,-0.09401587,1.0147227,-0.45367873,-0.35223266,0.6283839,-0.369866,-0.3308295,0.33937877,-0.30416632,-0.23195243,0.8857172,-0.13784906,-0.1879926,0.92974126,-0.24116497,-0.34350613,0.62779725,-0.2028531,-0.30078477,0.39822054,-0.16486526,-0.2194204,G,Right,0.95,409.jpg
0.0,0.0,0.0,-0.090261035,-0.14183003,0.0020696784,-0.39786428,-0.60904634,0.0034297896,-0.45158178,-0.9424649,-0.099521905,-0.6665721,-1.4324273,-0.0794098,-0.18487155,-0.93199563,-0.024917822,-0.11917765,-0.7570141,-0.0911116,-0.10948228,-0.6293385,-0.14688842,-0.0755868,-0.39498204,-0.21199466,0.09960764,-0.9947728,-0.02247947,0.0831502,-0.806636,0.0032813072,0.003569004,-0.6571947,-0.058060486,0.053487185,-0.4658598,-0.04714819,0.2736921,-0.93080616,0.0030205837,0.26444227,-0.7553971,-0.07857433,0.21934998,-0.6984425,-0.12509975,0.14978014,-0.500317,-0.13355863,0.40592468,-0.7698525,0.100289516,0.25944543,-0.6366924,-0.07229337,0.32968578,-0.561787,-0.08543751,0.33928093,-0.5522997,6.32682e-05,A,Right,0.96,aug_A_014.jpg
0.0,0.0,0.0,-0.2696023,-0.11802323,0.09616067,-0.49914378,-0.5434885,-0.017815765,-0.2311402,-0.65646255,-0.060222898,0.008397265,-0.61007667,-0.082212314,-0.18501101,-0.90330565,-0.05091506,-0.30163524,-0.7982104,-0.066251166,-0.2408322,-0.637089,-0.11957688,-0.08364297,-0.42802694,-0.14516163,-0.03887216,-0.9991555,-0.013317562,-0.12871352,-0.7306782,-0.07058799,-0.049635988,-0.534999,-0.15221399,-0.016703002,-0.3409787,-0.15141566,0.0520441,-0.9075256,0.052715525,0.18262078,-0.6194115,-0.011115161,0.13689744,-0.55300254,-0.061381403,0.06259732,-0.48783624,-0.00925887,0.38069272,-0.75032294,0.066421695,0.43127578,-1.0827978,-0.022555513,0.47356197,-1.3990476,-0.08878616,0.33750424,-1.8747282,0.004436372,I,Right,0.96,aug_I_010.jpg
0.0,0.0,0.0,-0.13331348,-0.27488717,-0.17504519,-0.35526082,-0.4453523,-0.16305631,-0.6221765,-1.0037,-0.21325643,-0.8906573,-1.3382947,-0.26019937,-0.09637281,-0.8300514,-0.031428304,-0.20302969,-1.4995404,0.004953348,-0.23299246,-1.8284615,-0.19851315,-0.27417806,-2.2332191,-0.280525,0.027591731,-0.99106854,-0.13046794,0.017747685,-1.5264482,-0.16278268,0.14921865,-2.0853474,-0.13235001,0.13392296,-2.4958854,-0.26682696,0.23568003,-0.97375655,-0.14436868,0.14242381,-0.6380999,-0.14159149,0.2836973,-0.5509563,-0.3134627,0.12775889,-0.41646928,-0.31898257,0.49767828,-0.7562722,-0.120468795,0.448136,-0.6168299,-0.21848969,0.42530572,-0.55902624,-0.20997527,0.34230408,-0.41442835,-0.2271622,3,Right,0.96,aug_3_011.jpg
0.0,0.0,0.0,-0.06651236,-0.29858446,-0.12556589,-0.28718415,-0.4578783,-0.20074376,-0.63077915,-0.6662343,-0.2173858,-0.78433543,-0.85626316,-0.20850828,-0.15966983,-0.91648304,-0.098256715,-0.233485,-1.24677,-0.15659793,-0.28067172,-1.5746874,-0.171986,-0.36835763,-1.9119512,-0.22496346,0.029495195,-0.99565816,-0.08828907,0.049697407,-1.27373,-0.2926823,-0.062079214,-1.4227121,-0.36502945,-0.16016482,-1.2078491,-0.34584513,0.17028633,-0.8603701,-0.12562267,0.23178992,-0.6687667,-0.07068173,0.16402845,-0.6338029,-0.21240664,0.13150842,-0.43818966,-0.24668948,0.43213803,-0.7690121,-0.08897412,0.29134023,-0.66523635,-0.17351282,0.3257344,-0.48832956,-0.21231417,0.12822874,-0.3833709,-0.24495424,K,Right,0.96,aug_K_010.jpg
0.0,0.0,0.0,-0.1893483,-0.28089628,-0.017707812,-0.44527227,-0.5856204,-0.068276845,-0.6553671,-0.72140014,-0.19006108,-0.46799934,-0.864297,-0.31657636,-0.22024329,-0.9742338,-0.1454584,-0.22672482,-1.350288,-0.21452016,-0.30539358,-1.6012585,-0.3182752,-0.49239987,-1.4320878,-0.24754599,-0.037688177,-0.99708414,-0.06635205,-0.039114676,-1.6053357,-0.015816815,-0.14104322,-1.7725557,-0.15096325,-0.052536394,-2.2856915,-0.088889726,0.14958747,-0.92333907,-0.12334363,0.12665273,-1.36989,-0.18944462,0.19846329,-1.7660052,-0.13014638,0.21476084,-2.048078,-0.19782437,0.33030802,-0.86846554,-0.0013845008,0.32746887,-1.1558632,-0.100449465,0.2521262,-1.5424513,-0.13900094,0.38940898,-1.783869,-0.22407463,F,Right,0.96,aug_F_006.jpg
0.0,0.0,0.0,-0.08597595,-0.3271405,-0.016208503,-0.3628262,-0.55838674,0.012352403,-0.1474868,-0.6643251,-0.2704795,0.07648546,-0.6401276,-0.24970485,-0.1404106,-0.8961125,-0.16807069,-0.118884265,-0.8579702,-0.20465341,-0.12670554,-0.7078432,-0.36456984,-0.05438815,-0.47076443,-0.19222648,-0.009677669,-0.9978949,-0.06412614,0.087033816,-0.801766,-0.31440777,0.05966903,-0.6310441,-0.20750357,0.14562513,-0.49854493,-0.25828344,0.26404998,-0.9102818,-0.07135755,0.23925206,-0.7789825,-0.16260654,0.19659854,-0.7090771,-0.30455357,0.028373167,-0.38893387,-0.16530533,0.5057335,-0.7812793,-0.04031868,0.49792466,-1.2796346,-0.2834516,0.42984635,-1.4622353,-0.3740037,0.35110828,-1.3389964,-0.23965849,J,Right,0.96,aug_J_019.jpg
0.0,0.0,0.0,-0.122436516,-0.21657072,-0.0036800837,-0.3628865,-0.50623596,-0.08921445,-0.11557033,-0.5841681,-0.21357957,0.026452422,-0.698631,-0.15951318,-0.17265944,-0.85683525,-0.053228382,-0.24563186,-1.3332455,-0.03837602,-0.15993729,-1.6259891,-0.13567136,-0.3637872,-2.0755548,-0.26350778,0.028664252,-0.9994424,-0.017124943,-0.055490613,-1.3732697,-0.11530946,-0.05359467,-1.7977108,-0.22639003,-0.054701336,-1.9988813,-0.11298079,0.18294612,-0.84044915,-0.08148314,0.13613889,-0.7217828,-0.16716982,0.15562537,-0.615221,-0.30861637,0.05715106,-0.35875067,-0.26456395,0.28183982,-0.7251811,-0.13375857,0.38050252,-0.60106325,-0.22925141,0.25308302,-0.4789128,-0.19286583,0.20806554,-0.39741224,-0.16437574,U,Right,0.96,aug_U_023.jpg
0.0,0.0,0.0,0.0166661,-0.15378577,0.02979353,-0.31137192,-0.50898755,-0.12234675,-0.04332403,-0.61835724,-0.16095257,0.14819248,-0.7429089,-0.2237627,-0.048885126,-0.957477,0.022509756,-0.18933369,-1.4633654,-0.06651048,-0.39148897,-1.8078877,-0.14488564,-0.72185403,-2.3453467,-0.19406073,0.097332664,-0.9952426,0.0043197265,0.17751849,-1.520621,-0.17435712,0.42110014,-1.8263079,-0.18577045,0.62817127,-2.350024,-0.10715972,0.28088018,-0.88284916,-0.00777229,0.2998487,-0.7450914,-0.14520375,0.23050368,-0.6444978,-0.14325865,0.154267,-0.5208745,-0.14117922,0.4630651,-0.7046812,-0.03482981,0.3012106,-0.6912117,-0.1971446,0.3893681,-0.6241023,-0.2081572,0.29849535,-0.3486369,-0.2129237,V,Right,0.96,aug_V_004.jpg
0.0,0.0,0.0,-0.23153712,-0.23784822,-0.011079374,-0.35180837,-0.48445645,-0.009442862,-0.20031114,-0.61636585,-0.20188835,-0.022538405,-0.64473784,-0.105911374,-0.17491253,-0.8467561,-0.08479285,-0.15722041,-0.7784177,-0.020713035,-0.033001784,-0.48161006,-0.19242612,-0.049794342,-0.5608703,-0.08955885,0.0005530461,-0.9998817,0.015368946,-0.015480804,-0.75160426,-0.074574195,0.053951476,-0.5475099,-0.26361704,0.016074859,-0.48579735,-0.12015072,0.19121212,-0.8364974,-0.023414763,0.03567914,-0.61054647,-0.08877622,0.14077435,-0.5496705,-0.24219672,0.1348418,-0.45747894,-0.14341763,0.3111592,-0.7584091,-0.04848092,0.2891712,-0.60979015,-0.13261014,0.25040537,-0.49570158,-0.22055337,0.21109335,-0.39568162,-0.18570143,S,Right,0.96,aug_S_024.jpg
0.0,0.0,0.0,-0.2555678,0.28210643,-0.103301756,-0.5903237,0.45451164,-0.1723554,-0.8491957,0.41007537,-0.25581703,-0.97999436,0.20981412,-0.32239348,-0.97527325,0.2500388,0.020544369,-1.2875587,0.3770166,-0.110609144,-1.2316742,0.46112838,-0.21228871,-1.134875,0.47009143,-0.26970962,-0.99973905,-0.02266716,0.0028354262,-1.3488573,0.099433996,-0.12849002,-1.1925988,0.22205208,-0.19490466,-1.0197809,0.2712131,-0.2151704,-0.9615266,-0.29616472,-0.04086234,-1.279054,-0.17835979,-0.17089657,-1.0974138,-0.065175146,-0.17065485,-0.9090955,-0.0017738431,-0.14057755,-0.870182,-0.5657293,-0.09727598,-1.1206827,-0.4814399,-0.19145945,-0.99807036,-0.40648782,-0.17466918,-0.8413666,-0.36717612,-0.13767873,B,Right,0.95,242.jpg
0.0,0.0,0.0,-0.240212,-0.18083222,0.072669104,-0.36848876,-0.53534555,-0.003957656,-0.18315825,-0.68631667,-0.19641931,-0.06711962,-0.7480853,-0.18089986,-0.2803422,-0.7927596,0.010007222,-0.26747167,-1.3293235,-0.2216933,-0.41475162,-1.4072199,-0.1952455,-0.42763105,-1.3141042,-0.28621936,0.001097552,-0.9971302,0.07569755,-0.047812548,-1.4017329,-0.16502114,-0.20610605,-1.4645388,-0.21381366,-0.31523955,-1.3759696,-0.28341687,0.024969557,-0.7914156,0.008515677,0.08653615,-1.2436609,-0.20460111,-0.008859242,-1.3720473,-0.2370437,-0.026446935,-1.4149362,-0.3238067,0.30565292,-0.7293647,0.093651876,0.34357142,-1.1487342,-0.10187258,0.21463819,-1.2460277,-0.15310699,0.153589,-1.212638,-0.18090652,E,Right,0.96,aug_E_013.jpg
0.0,0.0,0.0,0.21228677,-0.22383998,-0.06058617,0.5307182,-0.34082878,-0.12496,0.7978874,-0.37304384,-0.18123613,1.0068449,-0.36632925,-0.24442142,0.92767704,-0.2513366,-0.17242107,1.399574,-0.24896364,-0.2726273,1.7132518,-0.24202529,-0.3367114,1.9554702,-0.22953793,-0.3799824,0.9767051,-0.06468308,-0.20460492,1.4854149,-0.04863076,-0.30700946,1.8363389,-0.039831795,-0.38775486,2.1174424,-0.029436296,-0.44251382,0.94318163,0.12610446,-0.23446342,1.4207026,0.15369849,-0.33749452,1.7455006,0.16548401,-0.39397362,2.0112226,0.17268473,-0.4270288,0.83690697,0.31337434,-0.26196995,1.2145708,0.35558933,-0.33826497,1.4735487,0.3700189,-0.35822514,1.7015707,0.3718437,-0.36588666,5,Right,0.95,5_011.jpg
0.0,0.0,0.0,-0.20159224,-0.2430355,-0.04689939,-0.32348797,-0.57415235,-0.10379313,-0.19105363,-0.7239538,-0.22204347,0.014463992,-0.72814065,-0.17776518,-0.19079757,-1.0583938,-0.21442969,-0.37014577,-1.3942155,-0.15845637,-0.46283403,-1.8659927,-0.057976954,-0.7616912,-2.2561088,-0.26369202,0.055851072,-0.99527854,-0.079380885,0.015321155,-1.4655635,-0.15558511,0.00249507,-1.7671902,-0.16196635,0.06595054,-2.3581698,-0.26981148,0.22788514,-0.92159355,-0.10982729,0.2302325,-1.5050534,-0.2551522,0.4856153,-1.8409388,-0.29107946,0.60453635,-2.311665,-0.27490383,0.33436617,-0.76537967,-0.09041062,0.29725578,-0.662763,-0.263632,0.25050303,-0.6034174,-0.24393483,0.11361921,-0.3361441,-0.22072002,W,Right,0.96,aug_W_015.jpg
0.0,0.0,0.0,-0.13971499,-0.33535767,-0.13875079,-0.33691227,-0.6578466,-0.16824491,-0.6536726,-0.80020714,-0.21275514,-0.97010094,-0.9967544,-0.2299212,-0.2218639,-1.000474,-0.22832963,-0.1886411,-1.3769884,-0.16970293,-0.07752922,-1.7034655,-0.27169377,-0.31784406,-1.9777242,-0.20863539,0.0962296,-0.98861665,-0.11565879,-0.016337084,-1.3464311,-0.26250693,-0.030215824,-1.6106551,-0.2746101,-0.078455575,-1.3329835,-0.4968253,0.21696861,-0.9861961,-0.19624509,0.15505074,-0.74912417,-0.20659283,0.16314319,-0.7514667,-0.18607686,0.13924307,-0.5552098,-0.2514375,0.43759263,-0.7837937,-0.12245104,0.31843087,-0.6343932,-0.27526456,0.3030046,-0.5045761,-0.20095213,0.37680185,-0.3918889,-0.28398857,P,Right,0.96,aug_P_034.jpg
0.0,0.0,0.0,-0.13298672,-0.2563822,0.0865043,-0.3235805,-0.61987585,-0.060700577,-0.14451031,-0.69915664,-0.20584004,0.078115724,-0.7998489,-0.18641928,-0.18641974,-0.90506965,0.06789388,-0.38054323,-1.4638268,-0.038686022,-0.4218248,-1.9241759,-0.22292215,-0.71271795,-2.382033,-0.119426295,0.089818954,-0.99429655,0.057505984,0.07808894,-1.5135092,-0.12821281,0.02724276,-1.9458933,-0.07278154,0.0064170226,-2.4043787,-0.16490322,0.25299573,-1.1531603,-0.005905346,0.3282403,-1.4804592,-0.032953206,0.51699024,-1.7946068,-0.08880026,0.7743268,-2.1605306,-0.22314632,0.3880902,-0.84555316,-0.09003842,0.52151495,-0.72561926,-0.16474466,0.3818649,-0.5837352,-0.18760915,0.31437588,-0.44637737,-0.106236294,W,Right,0.96,aug_W_025.jpg
0.0,0.0,0.0,-0.19143519,-0.19075465,-0.0044894465,-0.40522814,-0.6249361,-0.07822017,-0.54603547,-0.78441864,-0.19408698,-0.28827974,-0.8927494,-0.1398203,-0.30268157,-0.97214323,-0.0060831644,-0.25255936,-1.4061893,-0.25018576,-0.35266608,-1.6063,-0.24008606,-0.3994508,-1.4744036,-0.3495786,-0.17727166,-0.9815627,0.07148145,-0.13439164,-1.3240076,-0.10981284,-0.0685028,-1.6550266,-0.28838757,-0.17294833,-1.4553726,-0.33462986,0.1429509,-0.9538058,-0.05193072,0.10645741,-1.2405105,-0.26189098,0.107525244,-1.5102398,-0.3998492,0.027989049,-1.3376626,-0.34314206,0.32769716,-0.78165853,0.07706564,0.32866845,-1.2032272,-0.123045884,0.34363076,-1.3242983,-0.30787382,0.18711706,-1.3349272,-0.19313215,O,Right,0.96,aug_O_021.jpg
0.0,0.0,0.0,0.55458534,-0.07419809,0.13096237,0.90317786,-0.22597566,0.13088875,1.2497336,-0.26230362,0.059229437,1.566688,-0.25789565,-0.01584189,0.48154938,-0.8624992,0.2572432,1.0173657,-0.8940501,0.14188507,1.4241455,-0.87139195,0.0023161236,1.7336271,-0.8310039,-0.09632514,0.41028437,-0.90825933,0.08204684,1.0616513,-0.9363668,-0.025665184,1.4830807,-0.899626,-0.1334597,1.8092941,-0.8448084,-0.20922688,0.4106878,-0.87848926,-0.11182026,1.0642034,-0.92477316,-0.20307575,1.4796634,-0.89976716,-0.24944398,1.7888248,-0.8594015,-0.27792695,0.47361192,-0.78018236,-0.30841702,0.99190515,-0.8783521,-0.36839265,1.3238657,-0.8921425,-0.36888707,1.5935686,-0.87620926,-0.36546934,C,Right,0.95,545.jpg
0.0,0.0,0.0,-0.10486256,-0.23753077,-0.05325292,-0.255984,-0.6513442,-0.08630236,-0.47243136,-0.78279984,-0.23503765,-0.2707393,-0.8483485,-0.27403316,-0.104020655,-0.9188041,0.030515037,-0.2202607,-1.3879724,-0.20760314,-0.36964604,-1.4557009,-0.32624504,-0.43034413,-1.4356667,-0.34967965,0.051525038,-0.9905266,-0.12728782,0.057875276,-0.84421384,-0.19168071,0.08976216,-0.7301531,-0.17310777,0.13895574,-0.47675088,-0.100327425,0.26771653,-0.93810034,-0.11734932,0.17216575,-0.7734063,-0.18314055,0.22180605,-0.7148553,-0.2758982,0.14418627,-0.5349101,-0.22352238,0.34287393,-0.798875,-0.08911198,0.33152917,-0.66522074,-0.22665891,0.4008736,-0.5299209,-0.25102302,0.10291387,-0.34083143,-0.18352166,Q,Right,0.96,aug_Q_028.jpg
0.0,0.0,0.0,-0.13138574,-0.2667034,-0.02926949,-0.37264544,-0.60800797,-0.1098059,-0.24558239,-0.6174497,-0.26782385,-0.019658905,-0.66443896,-0.23757997,-0.23896791,-0.9562836,0.05027102,-0.1633051,-1.4286095,-0.04736407,-0.2517767,-1.8496379,-0.10193391,-0.31167063,-2.2647228,-0.19518277,0.03589586,-0.9987365,-0.035169944,-0.042897407,-1.5769752,-0.1824303,0.03174841,-1.942302,-0.077795036,0.033998493,-2.4330025,-0.23148604,0.2537511,-0.95816165,-0.04781756,0.22236578,-0.6471801,-0.08750552,0.1340125,-0.6633789,-0.1686688,0.10284358,-0.5577983,-0.051458247,0.42463446,-0.6935069,-0.07689345,0.362646,-0.6595224,-0.17283195,0.26938277,-0.38796225,-0.1851103,0.1706965,-0.41359866,-0.29226047,U,Right,0.96,aug_U_009.jpg
0.0,0.0,0.0,-0.16444705,-0.27523148,-0.05702049,-0.3147684,-0.44496772,-0.1034183,-0.4195136,-0.6507384,-0.2442593,-0.37940088,-0.8207687,-0.18191558,-0.09296134,-0.99045587,-0.028318027,-0.31604928,-1.2175534,-0.17348917,-0.3793207,-1.4078008,-0.19039461,-0.37959182,-1.3216993,-0.24800998,-0.041884065,-0.99334294,-0.10731038,0.019161012,-1.4147425,-0.13602434,0.0014488633,-1.794663,-0.17652331,-0.023109622,-2.1997805,-0.29943419,0.1803803,-0.95072824,-0.02388534,0.20646302,-1.2916379,-0.12657541,0.22303325,-1.5688856,-0.22163199,0.150666,-1.9349896,-0.22046277,0.38588798,-0.6793428,-0.121317886,0.44240347,-1.1640923,-0.10307993,0.3895676,-1.4096148,-0.15181376,0.396598,-1.7939026,-0.15505736,F,Right,0.96,aug_F_026.jpg
0.0,0.0,0.0,-0.05209345,-0.3616185,-0.10480891,-0.12607832,-0.5419342,-0.02967036,-0.040028546,-0.6624229,-0.074209444,0.091686,-0.7071159,-0.117599085,-0.11951959,-0.88048196,-0.014643349,-0.050149295,-1.4155986,0.055571396,-0.21313651,-1.8589091,-0.1344935,-0.19389999,-2.0866096,-0.040636115,-0.0028513917,-0.9853372,-0.17059426,0.172132,-0.74854344,-0.085720666,0.13206057,-0.6195571,-0.17462301,0.1516566,-0.49585992,-0.07798857,0.3087756,-0.954007,-0.0760813,0.16316576,-0.6906286,-0.10925158,0.28729635,-0.5232122,-0.16213255,0.18589137,-0.49026656,-0.12875682,0.6094036,-0.67635304,0.045462593,0.53774977,-0.6807135,-0.066593155,0.39211243,-0.6025004,-0.06257068,0.39210582,-0.43483713,-0.13055457,1,Right,0.96,aug_1_001.jpg
0.0,0.0,0.0,-0.21780403,-0.15817215,-0.008016677,-0.41990334,-0.5685847,-0.10853639,-0.25958923,-0.6355309,-0.14592879,-0.05459681,-0.63612336,-0.14529808,-0.22953759,-0.73488194,-0.0666591,-0.28073925,-1.3396503,-0.090259336,-0.36175942,-1.6078209,-0.16845518,-0.42325065,-1.8857051,-0.117663994,-0.11671899,-0.9928027,-0.026823951,-0.05740998,-0.7043881,-0.16059363,-0.10880392,-0.63032395,-0.18694288,-0.11759063,-0.4821658,-0.16362849,0.08493986,-0.8566483,-0.0388112,-0.0037060524,-0.7806452,-0.08594894,0.0079561295,-0.6601085,-0.124824464,-0.012180625,-0.436162,-0.13161762,0.1864635,-0.65229124,-0.1197209,0.17995687,-0.6392536,-0.14890113,0.21770728,-0.48323178,-0.21890867,0.05890321,-0.3150223,-0.17440218,1,Right,0.96,aug_1_016.jpg
0.0,0.0,0.0,-0.25045988,-0.2980519,-0.061276145,-0.3252218,-0.53868884,-0.14852986,-0.6944568,-0.80403304,-0.17049734,-0.9764185,-0.90183085,-0.31662545,-0.13710447,-0.9348705,-0.029759761,-0.28881186,-1.4127318,-0.11142028,-0.21538837,-1.7623075,-0.12029507,-0.3778556,-2.1571355,-0.1236865,-0.025701141,-0.9981498,-0.055103302,-0.10433803,-0.927825,-0.11267084,0.078054026,-0.7027626,-0.2128904,0.009746272,-0.5070297,-0.151982,0.20809224,-0.92904913,-0.020647053,0.069673516,-0.81174654,-0.050889,0.15894541,-0.6331503,-0.21666898,0.04114035,-0.5691031,-0.2704471,0.35032752,-0.8101443,-0.017966917,0.376669,-0.73027885,-0.05161452,0.3010045,-0.47621065,-0.23157577,0.29122996,-0.5002295,-0.21236663,L,Right,0.96,aug_L_028.jpg
0.0,0.0,0.0,-0.38367066,-0.13866514,-0.13356352,-0.41106397,-0.5582318,-0.11211811,-0.7279794,-0.8931586,-0.15748501,-0.80320156,-1.3988372,-0.24494281,-0.2745509,-1.0020554,-0.036849484,-0.32515702,-0.81904554,-0.120873176,-0.23277156,-0.65340084,-0.13323598,-0.16799892,-0.5641459,-0.212332,-0.082906544,-0.96693176,-0.2411836,-0.10008283,-0.7339087,-0.15382253,-0.100528136,-0.53451097,-0.28337267,-0.062767364,-0.43360123,-0.28555837,0.119935974,-0.76818055,-0.038370777,0.065779455,-0.7887865,-0.18361133,-0.021415798,-0.5691193,-0.2242433,-0.043327358,-0.41340718,-0.10292518,0.2612316,-0.81704295,-0.054655362,0.23050326,-0.5911763,-0.16724767,0.2225241,-0.45829436,-0.2120493,0.17294581,-0.35463807,-0.2560271,A,Right,0.96,aug_A_006.jpg
0.0,0.0,0.0,-0.36984256,0.06921563,-0.089309365,-0.74323493,-0.17866737,-0.12593971,-0.92095494,-0.57389075,-0.17948194,-0.92676085,-0.95187414,-0.22725046,-0.82766235,-0.6386675,0.0616184,-1.0403315,-0.9308867,-0.045418542,-1.1208953,-1.0360794,-0.113181196,-1.1624134,-1.1196305,-0.15335655,-0.64325225,-0.7648656,0.03474289,-0.7658741,-0.9991755,-0.18964383,-0.61918306,-0.61864847,-0.25004622,-0.49446785,-0.31896195,-0.21710382,-0.44502345,-0.8466721,-0.017741712,-0.534651,-1.0353703,-0.25474858,-0.40951726,-0.6046328,-0.23065774,-0.314201,-0.29893857,-0.1345244,-0.22313918,-0.8817391,-0.075674035,-0.31720343,-0.9822439,-0.23522146,-0.25443006,-0.65250564,-0.20751324,-0.20134445,-0.39947683,-0.13672216,G,Right,0.95,314.jpg
0.0,0.0,0.0,-0.2780428,-0.1560292,0.08165579,-0.56959075,-0.5422948,-0.17780417,-0.27084228,-0.5930444,-0.060497545,-0.07509821,-0.59653276,-0.11809145,-0.29754543,-0.97514975,0.0072342013,-0.35799313,-0.6774926,-0.113090575,-0.15662853,-0.5883863,-0.13610737,-0.16535069,-0.4205071,-0.17623088,-0.059551142,-0.995199,-0.07766954,-0.010913623,-0.7099821,-0.10005257,0.013241182,-0.5762351,-0.07583133,-0.07195583,-0.47654212,-0.045784224,0.16531937,-0.8538217,0.033096403,0.037901472,-0.6564859,-0.24058115,0.0026631458,-0.50491047,-0.1657638,0.025198963,-0.49496126,-0.04579413,0.36740118,-0.7153884,-0.03164174,0.31053376,-0.49519455,-0.049270123,0.3281997,-0.5183485,-0.1983501,0.08831574,-0.3450006,-0.14144072,N,Right,0.96,aug_N_019.jpg
0.0,0.0,0.0,-0.21330355,-0.19003771,0.038499717,-0.45820847,-0.5710059,-0.15574549,-0.6693163,-0.662319,-0.11460789,-1.0239556,-0.9596385,-0.17578895,-0.24019429,-0.9345196,-0.055333026,-0.2589995,-1.4481193,-0.043808598,-0.16446108,-1.8262002,0.003414402,-0.3126333,-2.1605766,-0.16124198,0.048722986,-0.9986874,-0.015798751,0.060525037,-0.8704379,-0.09368669,-0.057353295,-0.53494185,-0.15118873,0.121426165,-0.47729883,-0.24878953,0.3072269,-0.9519158,-0.106401466,0.20064653,-0.734805,-0.1272057,0.22089888,-0.544656,-0.19283846,0.13949162,-0.42836997,-0.18587574,0.35883316,-0.68538624,0.030349676,0.43215677,-0.5948792,-0.19772415,0.25456044,-0.4243978,-0.1862884,0.3008027,-0.3597682,-0.17222822,L,Right,0.96,aug_L_025.jpg
0.0,0.0,0.0,-0.19532369,-0.30709577,-0.05007262,-0.2784719,-0.50684756,-0.07294929,-0.1943567,-0.6077776,-0.216972,-0.02704015,-0.6401944,-0.26520932,-0.084768645,-0.926729,0.038320206,-0.25116304,-1.3106027,-0.11427413,-0.2723845,-1.6247721,-0.15371357,-0.28716594,-1.9651678,-0.13522653,0.062756434,-0.99735427,0.036690015,0.03146718,-1.3380104,-0.12291386,0.0018288983,-1.6328039,-0.007926387,0.10089545,-2.1183271,-0.1865145,0.16051796,-0.75498927,-0.058165997,0.0790217,-0.69579184,-0.15443578,0.16421819,-0.45935127,-0.13181013,0.12171239,-0.39341554,-0.15411578,0.30026796,-0.7131078,-0.00045450707,0.29314357,-0.6649467,-0.07155323,0.20038393,-0.54975945,-0.21924159,0.21247387,-0.3655118,-0.16389078,H,Right,0.96,aug_H_006.jpg
0.0,0.0,0.0,-0.17898504,-0.36852124,-0.22722241,-0.3143601,-0.6611047,-0.20502606,-0.18211474,-0.7248234,-0.3143539,-0.027537001,-0.89724344,-0.35400245,-0.20600955,-1.0028344,-0.17205435,-0.3676489,-1.4936497,-0.16868207,-0.4636507,-2.0006578,-0.24998079,-0.8007204,-2.3803914,-0.21780106,-0.07454524,-0.9908607,-0.11241907,0.019571953,-1.6283252,-0.24811281,0.023592182,-2.0723403,-0.2620305,0.0687408,-2.5141115,-0.28415233,0.22885276,-0.9612235,-0.06679218,0.35844207,-1.5333169,-0.078498214,0.3528048,-1.8545238,-0.24921478,0.7370058,-2.347891,-0.21412538,0.43177497,-0.95319825,-0.22878739,0.34482226,-0.73424673,-0.16322428,0.26852322,-0.75314856,-0.2645137,0.26132053,-0.51487875,-0.35530525,W,Right,0.96,aug_W_020.jpg
0.0,0.0,0.0,-0.0818007,-0.16856268,-0.09597133,-0.33156702,-0.49581638,-0.12057517,-0.10978768,-0.63817286,-0.072717585,0.011652924,-0.7670812,-0.12677835,-0.22787093,-0.9493103,-0.118230686,-0.25650752,-1.3043299,-0.055661257,-0.27076587,-1.7959797,-0.09843867,-0.31624654,-1.9841229,-0.15477526,0.043805942,-0.99886584,-0.018658005,0.044306643,-1.5218943,-0.030984577,0.025881616,-1.9656177,-0.06432852,0.045715604,-2.2414477,-0.1911238,0.33950767,-0.9040671,-0.183118,0.18563935,-0.7407203,-0.18973026,0.14302778,-0.5986293,-0.19782177,0.11703018,-0.43693435,-0.158573,0.33649206,-0.7072944,-0.10722607,0.36391425,-0.62395436,-0.12188727,0.26707023,-0.5706254,-0.18545182,0.20421936,-0.46628708,-0.22264193,2,Right,0.96,aug_2_034.jpg
0.0,0.0,0.0,-0.20985985,-0.1982081,-0.18350594,-0.32631117,-0.53994983,-0.03255369,-0.09618443,-0.8067247,-0.21482632,0.0902898,-0.8391247,-0.25285733,-0.18555975,-1.0134512,-0.17133836,-0.42471367,-1.6239868,-0.20253514,-0.47644863,-1.8986478,-0.13052794,-0.79682386,-2.4865258,-0.30255085,0.086257964,-0.99055904,-0.106546976,0.29440665,-1.491784,-0.25988904,0.4136742,-1.989489,-0.20008968,0.70467544,-2.4960685,-0.2536468,0.24703476,-0.9114673,-0.11368038,0.32652068,-0.7408781,-0.29284766,0.33617833,-0.61984956,-0.2753689,0.24288729,-0.55627865,-0.18444233,0.4980014,-0.7722205,-0.15399972,0.45900822,-0.6724833,-0.19762126,0.42583722,-0.62129736,-0.2477426,0.29706103,-0.47702023,-0.29552272,V,Right,0.96,aug_V_017.jpg
0.0,0.0,0.0,-0.20186304,-0.2676935,-0.23489827,-0.39248437,-0.5627938,-0.19759542,-0.22749184,-0.6633641,-0.26013637,-0.039741702,-0.63954604,-0.31756872,-0.12627843,-0.941175,-0.09835991,-0.3315996,-1.3653502,-0.17378888,-0.5605994,-1.8840224,-0.3598362,-0.70727843,-2.2459211,-0.30771142,-0.018151982,-0.98026913,-0.1968322,0.020971872,-1.4045275,-0.16073102,-0.021170104,-1.8249522,-0.21047728,-0.011226881,-2.2535043,-0.21857966,0.15862496,-0.84042776,-0.05926843,0.286029,-1.3128592,-0.13737172,0.42248023,-1.7082849,-0.20707338,0.6682085,-2.2238812,-0.22159727,0.33732045,-0.7755592,-0.080513395,0.21922804,-0.67929703,-0.14630067,0.13723472,-0.4961162,-0.18434238,0.25375763,-0.41189685,-0.3134718,W,Right,0.96,aug_W_035.jpg
0.0,0.0,0.0,-0.12128652,-0.23457874,-0.06310904,-0.4005245,-0.6066747,-0.032228302,-0.484311,-0.8115323,-0.17218763,-0.41561437,-0.7316885,-0.26680157,-0.20618479,-0.9258525,-0.050066326,-0.2581484,-1.3673767,0.0029801251,-0.24603121,-1.670563,-0.18110308,-0.31539565,-2.1023715,-0.15060183,0.057086874,-0.996776,-0.056381118,0.011568349,-1.4412386,-0.18237668,-0.06957942,-1.6200609,-0.20252192,-0.20980817,-1.442554,-0.28884298,0.23600289,-0.8953405,0.01612748,0.20071965,-1.2483919,-0.22845797,0.04028926,-1.4744915,-0.28897923,0.077427104,-1.3048282,-0.31466356,0.28043616,-0.7320577,-0.08948019,0.3020131,-1.2179217,-0.17706138,0.36120877,-1.3904464,-0.283603,0.12544289,-1.225225,-0.34686267,D,Right,0.96,aug_D_030.jpg
0.0,0.0,0.0,-0.33250403,-0.32015157,-0.0111831855,-0.36855057,-0.5380497,-0.04582101,-0.24237567,-0.6918847,-0.15895964,-0.007045369,-0.7154072,-0.10757368,-0.25075832,-1.0027341,-0.03621974,-0.27933002,-1.4174037,-0.010693746,-0.2868036,-1.8644489,-0.04302044,-0.531088,-2.0364888,-0.1910955,-0.06342932,-0.9978859,-0.014158125,-0.052871488,-1.513222,-0.009117472,-0.02131209,-1.9310702,-0.087286316,-0.023626106,-2.3262968,-0.13089272,0.12426173,-0.9139484,-0.049524207,-0.048847932,-0.7915302,-0.08882009,0.08532323,-0.69440234,-0.121272445,0.02344294,-0.55142486,-0.052038096,0.26021895,-0.713104,-0.07854803,0.2800555,-0.71951807,-0.19771373,0.25512764,-0.5071677,-0.11123247,0.17760922,-0.31298465,-0.16010568,R,Right,0.96,aug_R_035.jpg
0.0,0.0,0.0,-0.31814295,-0.1873197,-0.08667822,-0.5492137,-0.5538696,-0.18733521,-0.75962734,-0.8087804,-0.15599951,-1.2010695,-0.78490627,-0.24123363,-0.25935274,-1.0352317,-0.058123183,-0.18425891,-1.4008449,-0.10035743,-0.337629,-1.8414408,-0.11219237,-0.34086645,-2.21836,-0.14269401,-0.029014166,-0.9982107,-0.052282974,-0.07361303,-1.4749124,-0.012173452,-0.10948324,-1.9214886,-0.15086687,0.0039779795,-2.3729465,-0.02670399,0.16507454,-0.8123153,-0.06860087,0.20179652,-1.3333899,-0.11848957,0.20230146,-1.6982342,-0.12595412,0.1512373,-1.9958154,-0.22418472,0.3566209,-0.7766138,-0.0640468,0.4397138,-1.1863263,-0.034220517,0.31303588,-1.4863926,-0.14897409,0.3350691,-1.7470548,-0.12038395,HELLO,Right,0.96,aug_HELLO_029.jpg
0.0,0.0,0.0,-0.21945965,-0.3898066,-0.19150026,-0.35555518,-0.6175263,-0.10540562,-0.17081442,-0.7843825,-0.33354253,-0.008064335,-0.71513635,-0.21139953,-0.30049577,-0.9959582,-0.15530914,-0.3035684,-0.87254953,-0.17610456,-0.17876324,-0.66542155,-0.2740156,-0.12298841,-0.57901603,-0.24447894,-0.021626012,-0.9967466,-0.0776436,-0.0021366037,-0.87156874,-0.1582855,0.020323068,-0.58644015,-0.16432387,-0.039356496,-0.48967758,-0.20059231,0.113076486,-0.9326296,-0.15552562,0.1316112,-0.7304431,-0.13992473,0.16626742,-0.7101633,-0.20432799,0.09327465,-0.5691403,-0.19321144,0.353971,-0.78837425,-0.1501204,0.4446646,-1.2128184,-0.14581215,0.41524497,-1.5593598,-0.23044276,0.4855735,-1.8241599,-0.17421386,I,Right,0.96,aug_I_008.jpg
0.0,0.0,0.0,-0.18150458,-0.19900028,-0.11174266,-0.27359447,-0.5637631,-0.08360986,-0.6096351,-0.74337935,-0.15071362,-1.0086471,-0.82944894,-0.098302856,-0.18605287,-0.84062064,-0.0026589446,-0.13717154,-1.4120859,-0.10761187,-0.28122154,-1.7410526,-0.032352805,-0.2826399,-2.1194263,-0.13861437,-0.0073583205,-0.9999335,-0.00888262,0.0054146866,-1.3568878,-0.18102303,0.014683583,-1.5172322,-0.17814924,-0.13421458,-1.463982,-0.30474713,0.2505166,-0.9530822,0.073210254,0.09053605,-0.6902864,-0.14929208,0.11826908,-0.70844233,-0.039386887,0.13639872,-0.42889383,-0.16575655,0.32457536,-0.69045585,-0.06937759,0.32082188,-0.7098742,-0.087664954,0.1817192,-0.5876247,-0.18551716,0.2731754,-0.4467551,-0.08624779,P,Right,0.96,aug_P_027.jpg
0.0,0.0,0.0,-0.21210189,-0.27047038,-0.1305247,-0.390803,-0.5111666,-0.09238091,-0.19656509,-0.5732712,-0.27132434,-0.07652484,-0.6276415,-0.19609614,-0.20841844,-1.0061678,-0.040926266,-0.16633134,-0.86688113,-0.16149274,-0.16882569,-0.61641514,-0.25840566,-0.03937382,-0.44744286,-0.21797465,-0.028769838,-0.9938978,-0.106486686,-0.040909052,-0.8228059,-0.06774362,0.033423465,-0.5801228,-0.17877218,-0.076945685,-0.49863514,-0.14665715,0.093767315,-0.8634383,0.059334427,0.17327073,-0.6881756,-0.14231588,0.16825,-0.6684905,-0.15599519,0.106921226,-0.4809134,-0.1281806,0.3104905,-0.7737936,-0.059761945,0.2396815,-0.66253114,-0.24591108,0.30616316,-0.5384848,-0.22640857,0.1609971,-0.46439806,-0.1617493,N,Right,0.96,aug_N_025.jpg
0.0,0.0,0.0,-0.2117527,-0.39790443,-0.04578106,-0.45508868,-0.57912517,0.025299545,-0.23438706,-0.73704034,-0.07930253,-0.02771354,-0.71936107,-0.0901143,-0.22180408,-0.9957014,-0.0225178,-0.26750782,-0.7970259,-0.052757587,-0.13417338,-0.56964654,-0.14440414,-0.060049474,-0.4817425,-0.17348251,0.059087556,-0.9965932,0.05753944,-0.07366386,-0.81740105,-0.11013643,-0.04936655,-0.5669534,-0.11972837,-0.083179794,-0.53488755,-0.07952364,0.13074456,-0.96505094,-0.003093115,0.15716983,-0.8176548,-0.06411742,0.13368519,-0.63468933,-0.26027718,0.08761391,-0.52155656,-0.10918456,0.3216936,-0.79833907,0.03367324,0.48023286,-1.2553115,-0.0124525195,0.5130752,-1.4614857,-0.022936413,0.4177491,-1.7475123,-0.16944721,I,Right,0.96,aug_I_020.jpg
0.0,0.0,0.0,-0.16576597,-0.2894605,-0.12820666,-0.54699355,-0.5832806,-0.15800163,-0.09478495,-0.6981026,-0.27211615,0.07373674,-0.70278627,-0.25331384,-0.11344708,-1.0456308,-0.08526986,-0.19841671,-1.4538641,-0.106953934,-0.2998378,-1.825,-0.19914512,-0.36228225,-2.3103738,-0.12728025,-0.03185558,-0.9864609,-0.16087264,0.039939567,-1.5796258,-0.04859577,-0.026743025,-2.040465,-0.19868298,0.108641386,-2.475566,-0.39162755,0.20953153,-0.90913963,-0.15377064,0.3041871,-1.5115016,-0.15179092,0.2986268,-1.9095178,-0.18128571,0.32561305,-2.153056,-0.2825946,0.48928273,-0.7801961,-0.2031937,0.4997234,-1.2897995,-0.13176103,0.5567621,-1.6290517,-0.2879437,0.58580625,-1.8695081,-0.24562137,B,Right,0.96,aug_B_027.jpg
0.0,0.0,0.0,-0.41044453,-0.16518196,-0.27723524,-0.38609594,-0.51419383,-0.18781886,-0.16448222,-0.62682235,-0.2760862,0.0031293954,-0.75363714,-0.37509507,-0.19772136,-1.033446,-0.23136072,-0.23063403,-0.84389883,-0.10129081,-0.1874907,-0.690668,-0.41504398,-0.054748643,-0.42814177,-0.3479617,-0.07777513,-0.9945486,-0.06945643,0.054077663,-0.8290682,-0.28536677,0.10410901,-0.63333505,-0.22674994,0.053136617,-0.42306978,-0.36591747,0.16714573,-0.9186732,-0.06495614,0.25027627,-0.70370567,-0.2938105,0.26065227,-0.67942816,-0.24196231,0.27113855,-0.4008466,-0.41421875,0.4346181,-0.62855375,-0.118726335,0.6150495,-1.4001052,-0.18998627,0.5635696,-1.612438,-0.24685381,0.4423922,-2.0044937,-0.2686202,I,Right,0.96,aug_I_026.jpg
0.0,0.0,0.0,-0.1932529,-0.254788,0.016298978,-0.4711809,-0.5199585,0.03529582,-0.22473139,-0.7602836,-0.13204557,0.048468597,-0.73549837,-0.116814435,-0.18324493,-1.0229468,0.1387766,-0.18269596,-1.4713825,-0.027605625,-0.45248535,-1.902756,-0.114318274,-0.34466588,-2.2122507,-0.1614445,-0.040468935,-0.9956321,0.084136404,-0.1313581,-1.545978,-0.06998507,0.02595788,-1.8691151,-0.08952854,-0.06769807,-2.3602245,-0.21240391,0.18137412,-0.94573814,0.1089763,0.14762191,-1.4331522,-0.07690263,0.15290746,-1.839135,0.01683137,0.17009269,-2.093364,-0.10727779,0.27840653,-0.7994767,0.08813832,0.32866836,-1.1657606,-0.040019006,0.41616616,-1.508974,-0.07635479,0.44539866,-1.8840246,-0.07863073,4,Right,0.96,aug_4_005.jpg
0.0,0.0,0.0,-0.28858507,-0.2410402,-0.19159997,-0.5462706,-0.51100624,-0.16173781,-0.320128,-0.8012416,-0.12563452,-0.1176476,-0.77070105,-0.20338058,-0.4239264,-0.9270983,-0.07549601,-0.35354125,-1.5490087,0.05515451,-0.3398973,-1.7681869,0.0043768864,-0.52264684,-2.3491514,-0.05584879,-0.14074448,-0.98792887,-0.064711004,-0.16870217,-1.5414513,-0.19645439,-0.08495429,-1.96231,-0.15985124,-0.13076915,-2.435773,-0.1638443,0.1106394,-0.98681396,0.1355974,0.006267675,-0.79460144,-0.01046271,-0.09172857,-0.51904804,-0.17251046,-0.06362748,-0.55248374,-0.25475854,0.24955621,-0.7699327,0.010330711,0.23594493,-0.7169051,-0.046992887,0.33098355,-0.44498068,-0.1998398,0.1495897,-0.40042007,-0.081349544,2,Right,0.96,aug_2_033.jpg
0.0,0.0,0.0,-0.091795206,-0.27696627,-0.14433533,-0.15006058,-0.6087706,-0.038706176,-0.239324,-0.6468106,-0.2172331,-0.13444752,-0.7176682,-0.17848341,-0.17242183,-0.9071667,-0.059781976,-0.1574298,-0.78084296,-0.13433412,-0.12654324,-0.66271335,-0.14493705,-0.08901006,-0.50501305,-0.14921296,0.023500996,-0.99953675,0.019341653,-0.049429595,-0.84338456,-0.097715765,0.10361414,-0.6462527,-0.15439047,-0.049592946,-0.53442913,-0.116947405,0.20500435,-0.81590056,0.0107873585,0.033832334,-0.8085712,-0.118216835,0.054259624,-0.6710753,-0.10160487,0.071029335,-0.44910553,-0.17734368,0.32407397,-0.8329438,-0.03361105,0.39180097,-0.6934855,-0.12893263,0.19361138,-0.56443673,-0.15813488,0.26805094,-0.413765,-0.28161842,N,Right,0.96,aug_N_012.jpg
0.0,0.0,0.0,-0.16655125,-0.32342258,-0.010373416,-0.2382268,-0.55063295,-0.12621516,-0.19626586,-0.7361589,-0.19183673,0.047118552,-0.66150445,-0.18500829,-0.23335074,-0.90255743,-0.13956104,-0.21809797,-1.3901317,-0.024252513,-0.07609383,-1.7269281,-0.18502499,-0.25803164,-2.0677593,-0.23684055,0.12060441,-0.99090236,-0.059724282,0.060329925,-1.4699404,-0.08599146,-0.008158173,-1.8780663,-0.23396654,0.048244838,-2.2069964,-0.1952922,0.29207397,-0.9145245,-0.050597433,0.18891001,-1.3796686,-0.09364541,0.292498,-1.7305232,-0.17906862,0.16616334,-2.0452363,-0.17220213,0.41131335,-0.75406885,-0.08363413,0.42546767,-1.2163385,-0.09346977,0.492038,-1.4661813,-0.20332362,0.354637,-1.7452302,-0.24528266,B,Right,0.96,aug_B_002.jpg
0.0,0.0,0.0,-0.14048463,-0.19776869,-0.12136687,-0.39751804,-0.5279039,-0.15244053,-0.6550805,-0.9824037,-0.19776061,-0.76546395,-1.376842,-0.17155954,-0.24501188,-0.8633739,-0.07953962,-0.25744754,-1.3906192,-0.14859861,-0.1650982,-1.7784467,-0.099861585,-0.40919954,-2.1001983,-0.17632194,-0.026183559,-0.9965476,-0.07878627,-0.047219537,-1.3402151,-0.111668766,0.0042822664,-1.7445538,-0.20527835,-0.022752576,-2.274501,-0.20767277,0.15018232,-0.91299516,-0.05333253,0.05491308,-0.67879754,-0.1220682,0.08649472,-0.61964065,-0.18760592,0.023327349,-0.35569012,-0.18303291,0.366893,-0.69585633,-0.096328065,0.3592592,-0.6348339,-0.10393302,0.24160974,-0.42937934,-0.18062378,0.3274556,-0.4304964,-0.19154334,3,Right,0.96,aug_3_016.jpg
0.0,0.0,0.0,0.3172844,0.010619328,-0.27755526,0.5114151,-0.16737424,-0.457917,0.49293104,-0.42615288,-0.6167583,0.32797527,-0.67770195,-0.76347995,0.32766625,-0.9617346,-0.33654326,0.12214601,-1.116326,-0.63505274,0.09029511,-0.7050025,-0.81572694,0.14313102,-0.36725995,-0.90499204,0.06546581,-0.94610953,-0.3171608,-0.1208031,-1.1680088,-0.6318436,-0.104298905,-0.66404843,-0.7494121,-0.04140025,-0.30841112,-0.78378874,-0.15769501,-0.8738248,-0.33070353,-0.3598766,-1.0931305,-0.6149128,-0.2893711,-0.6237773,-0.60575825,-0.19174355,-0.29827058,-0.5467154,-0.3544461,-0.74033886,-0.36627358,-0.54077584,-0.90949214,-0.5629833,-0.47305012,-0.5939856,-0.5537443,-0.3696684,-0.35972604,-0.51067305,G,Right,0.95,477.jpg
0.0,0.0,0.0,0.5428822,-0.06580867,0.11443484,0.91868114,-0.24240667,0.13868158,1.2607052,-0.30418625,0.09354478,1.5829508,-0.3088531,0.049679868,0.5328879,-0.810539,0.33269075,0.9924347,-0.88746303,0.24632566,1.3722012,-0.9006114,0.11768247,1.6594042,-0.89148486,0.026190305,0.4486145,-0.87579834,0.17810774,1.0249906,-0.9560738,0.103853814,1.427382,-0.96320504,0.0007599368,1.7501935,-0.9460342,-0.0727726,0.42034873,-0.8834201,-0.002146182,1.0146912,-0.9737641,-0.0744909,1.4170474,-0.9815604,-0.13058399,1.7238337,-0.9653192,-0.16477428,0.44920853,-0.8351559,-0.18801636,0.9416612,-0.9488252,-0.23793986,1.2637633,-0.9684905,-0.24185686,1.5308712,-0.9595191,-0.24044141,C,Right,0.95,213.jpg
0.0,0.0,0.0,-0.23869464,-0.16669637,-0.07443866,-0.44429895,-0.51632875,-0.086307354,-0.20363815,-0.63301826,-0.30025607,0.024625406,-0.67476004,-0.26887178,-0.23752336,-0.9661973,-0.0643047,-0.25297046,-1.381276,-0.04114367,-0.4029344,-1.8334497,-0.076597184,-0.35057393,-2.2083127,-0.0856695,0.04076953,-0.9991438,0.0070409616,-0.012384688,-1.5672106,-0.12782772,0.07341288,-2.0213826,-0.06429273,0.009085552,-2.5101438,-0.18514226,0.05344697,-0.87558335,-0.0026277748,0.19503938,-1.4099747,0.011621732,0.2002778,-1.8847184,-0.06735951,0.34957182,-2.1732697,-0.14620203,0.46321383,-0.8071156,-0.08552291,0.50692713,-1.113919,-0.0725278,0.42966816,-1.4484715,-0.18909103,0.46261236,-1.9007721,-0.11337769,B,Right,0.96,aug_B_008.jpg
0.0,0.0,0.0,-0.038660713,-0.27875373,-0.011746544,-0.31648654,-0.6297511,0.0032868944,-0.33931637,-0.8125086,-0.17724681,-0.29555362,-0.8840472,-0.13064477,-0.19691099,-1.0570427,-0.017040595,-0.13568139,-1.4312942,-0.1620617,-0.3023448,-1.5720778,-0.2413548,-0.39782304,-1.539785,-0.3052299,0.05648237,-0.9965607,0.06063422,0.0040560546,-1.3689951,-0.099395126,-0.006284638,-1.6195867,-0.28028998,-0.047922533,-1.381886,-0.2694892,0.24217473,-1.0247635,0.0072418237,0.31858975,-1.3705502,-0.10918524,0.19911733,-1.5904814,-0.20719789,0.01108457,-1.4360689,-0.22633831,0.44126037,-0.806826,-0.005012298,0.5608964,-1.2130713,-0.21282646,0.354875,-1.4673284,-0.16335894,0.3469125,-1.2734842,-0.3470807,O,Right,0.96,aug_O_017.jpg
0.0,0.0,0.0,0.4886459,-0.042333025,0.02746196,0.90438807,-0.2031692,0.014075227,1.289863,-0.27530554,-0.049834803,1.643906,-0.3069107,-0.10749607,0.5624902,-0.7775658,0.26484856,1.0377368,-0.8595524,0.1556424,1.435942,-0.87500936,0.011140086,1.7258607,-0.8778755,-0.085292324,0.48775017,-0.86021626,0.14875446,1.0537864,-0.9488247,0.056165487,1.4828954,-0.9686142,-0.060682565,1.8333323,-0.95331764,-0.13933475,0.4554851,-0.8870048,0.0001458752,1.0380591,-0.9979802,-0.08761448,1.4572128,-1.01348,-0.13883919,1.7861263,-0.996144,-0.16302668,0.46933398,-0.857408,-0.16142754,0.9643417,-1.0113416,-0.22030443,1.3002721,-1.0396235,-0.2174094,1.5766617,-1.0238785,-0.20483293,C,Right,0.95,185.jpg
0.0,0.0,0.0,-0.1387271,-0.20409314,0.034996014,-0.26122603,-0.57931304,-0.03703245,-0.12104142,-0.6688347,-0.10272701,0.077406086,-0.79004425,-0.13616,0.0057980353,-0.9167854,-0.050904367,-0.31315148,-1.4710187,0.038724404,-0.25392246,-1.805302,-0.058685403,-0.281761,-2.2103431,-0.1419386,0.051849682,-0.998097,0.033376083,0.18012905,-0.8019514,-0.025430065,0.06570907,-0.5966169,-0.1297113,0.08510071,-0.55519384,-0.05012829,0.28034416,-0.8240362,0.17498983,0.25927347,-0.78980225,-0.117448434,0.26753706,-0.6354413,-0.0794249,0.2670524,-0.54982597,-0.16486774,0.44431323,-0.7458183,0.06763079,0.3571027,-0.65221435,-0.13235648,0.3117977,-0.55709267,-0.14319806,0.36404872,-0.43623233,-0.007701925,Z,Right,0.96,aug_Z_009.jpg
0.0,0.0,0.0,-0.25779876,-0.23013948,-0.14024976,-0.43432483,-0.6046789,-0.06561556,-0.40746656,-0.7465241,-0.2129581,-0.42817107,-0.8605534,-0.19340624,-0.32714933,-0.94441134,-0.0353495,-0.27252457,-1.312755,-0.1608114,-0.40821657,-1.5676267,-0.39599973,-0.4367523,-1.3800613,-0.37245438,-0.100209326,-0.99259377,-0.06867116,-0.11649179,-0.9157172,-0.25557163,-0.13020983,-0.6974419,-0.21227604,-0.04777807,-0.50789315,-0.18855326,0.14775284,-0.88307244,-0.06904708,0.025024453,-0.8383319,-0.19323982,0.14246309,-0.50723976,-0.17791826,0.056153573,-0.44172302,-0.12670138,0.2554674,-0.61125034,0.011260182,0.18701224,-0.73099625,-0.012190838,0.27113345,-0.57554084,-0.20353147,0.21133387,-0.4066237,-0.13446164,Q,Right,0.96,aug_Q_033.jpg
0.0,0.0,0.0,-0.23344107,-0.36726755,-0.17084935,-0.32941282,-0.5682625,-0.17007428,-0.51883084,-1.0047547,-0.2325307,-0.7166483,-1.359459,-0.23924159,-0.2514609,-1.0263227,-0.17566009,-0.25505504,-1.3742384,-0.30093873,-0.35476232,-1.5738115,-0.44531894,-0.57905143,-1.4086264,-0.39769292,-0.09818923,-0.98978144,-0.10340007,-0.03883183,-0.71987593,-0.14963493,-0.04421478,-0.66465783,-0.34751257,0.04603082,-0.4908555,-0.22074474,0.044622462,-0.8781873,-0.1558702,0.1493804,-0.75348955,-0.22132128,0.078150794,-0.62134784,-0.31294537,0.12897997,-0.54468,-0.26522395,0.30702823,-0.7736354,-0.1848877,0.2571935,-0.5623065,-0.17325482,0.2763819,-0.522314,-0.24950139,0.20459467,-0.41620257,-0.31244922,T,Right,0.96,aug_T_021.jpg
0.0,0.0,0.0,-0.1179285,-0.20224805,-0.09341776,-0.395875,-0.5125528,-0.13678893,-0.68458354,-0.6469123,-0.23157024,-1.0425353,-0.81367815,-0.31643876,-0.30599487,-0.9025348,-0.056224827,-0.281547,-1.4407655,-0.1793149,-0.33914703,-1.7584941,-0.25315222,-0.35280743,-2.2453184,-0.31841892,0.05765721,-0.99556327,-0.07436002,-0.082417965,-1.4013009,-0.18817241,0.10970959,-1.7194078,-0.34271365,-0.11655805,-1.4920532,-0.32991526,0.15168408,-0.8577205,-0.11620802,0.22547355,-0.75937307,-0.20434757,0.20935062,-0.63284016,-0.2286555,-0.0027751334,-0.48912203,-0.21019784,0.3407103,-0.75161076,-0.056416843,0.31586567,-0.57290846,-0.1709206,0.32655826,-0.40103567,-0.2138677,0.34245086,-0.32229063,-0.26353523,P,Right,0.96,aug_P_008.jpg
0.0,0.0,0.0,-0.10186087,-0.33105752,-0.057787538,-0.34537748,-0.5998514,-0.09533422,-0.16022135,-0.57985574,-0.12892495,0.11813684,-0.728793,-0.24709955,-0.12546611,-0.9388198,-0.090288356,-0.19458108,-0.795463,-0.17062134,-0.046356626,-0.5734646,-0.13372006,-0.10758855,-0.45059785,-0.23418432,-0.013867718,-0.9999021,0.0018928265,0.03273584,-0.70715874,-0.11825628,0.03153932,-0.54626733,-0.16973484,0.0019502082,-0.3704942,-0.17995115,0.23739648,-0.93177783,0.007983182,0.21899581,-0.7128124,-0.17630664,0.23640566,-0.5599082,-0.23095943,0.06691462,-0.44068956,-0.28066602,0.42788562,-0.7719657,0.010133232,0.44373733,-1.0986735,-0.13088143,0.56606686,-1.366847,-0.20710732,0.5271643,-1.6495619,-0.19055055,I,Right,0.96,aug_I_019.jpg
0.0,0.0,0.0,-0.43237224,-0.1921582,-0.12716751,-0.3375798,-0.53909266,-0.12482807,-0.79713386,-0.8033713,-0.3141892,-0.99782634,-1.0841581,-0.27228576,-0.20181942,-0.95261014,-0.2039492,-0.4020114,-1.4724422,-0.16220976,-0.3274944,-1.7667938,-0.26833954,-0.38626412,-2.1193345,-0.22988644,0.028071284,-0.9971925,-0.06942033,-0.0043701325,-0.81099033,-0.24099474,-0.038471907,-0.69886243,-0.30912185,-0.15371576,-0.47627217,-0.22279166,0.13126715,-0.91287726,-0.11137618,0.046374362,-0.7800585,-0.24376497,-0.04024964,-0.7033719,-0.22689165,-0.05053003,-0.42789105,-0.23243172,0.26009983,-0.8445518,-0.0722257,0.14350514,-0.7051198,-0.23477244,0.17041036,-0.56128544,-0.31790397,0.029016687,-0.5478883,-0.20884207,L,Right,0.96,aug_L_019.jpg
0.0,0.0,0.0,-0.17911547,-0.26495406,-0.09266527,-0.29763266,-0.66720915,-0.041353047,-0.17292342,-0.6424318,-0.18402278,-0.04219358,-0.6786596,-0.16072711,-0.13686939,-0.89285266,-0.041891,-0.18650042,-0.78651786,-0.10868078,-0.09941838,-0.6493995,-0.16365615,-0.052453797,-0.53589016,-0.1621425,-0.13259834,-0.98934615,-0.06009941,-0.04242971,-0.8201492,-0.052915186,-0.05332203,-0.6646637,-0.12988415,-0.06845576,-0.44384044,-0.09992102,0.08295499,-0.8169446,0.0353899,0.045536485,-0.8020597,-0.1267666,0.032879744,-0.6683557,-0.15564254,0.08321297,-0.5125615,-0.14395845,0.26918632,-0.8086774,0.006192059,0.27934635,-0.69940305,-0.14951077,0.2864557,-0.54351294,-0.118700095,0.19611299,-0.5334349,-0.06761198,N,Right,0.96,aug_N_024.jpg
0.0,0.0,0.0,-0.23492284,-0.35493734,0.09037657,-0.31312,-0.57239,-0.033716932,-0.52915037,-0.9921037,-0.04136856,-0.77349156,-1.2867666,-0.084466815,-0.3541402,-0.9449043,0.041807137,-0.2546261,-1.3963342,-0.054214425,-0.3576271,-1.4827251,-0.25181195,-0.50967306,-1.4759854,-0.20292307,-0.07430977,-0.9969627,-0.02330983,-0.11918492,-0.9460437,-0.107364,-0.09013541,-0.6745877,-0.08429297,-0.016880007,-0.5495589,-0.05541904,0.15695961,-0.84332347,0.07436491,0.077132,-0.8293163,-0.023398334,0.053802226,-0.57210773,-0.0760475,0.021783508,-0.44032907,-0.105815575,0.28938365,-0.66899693,0.06276421,0.30469197,-0.60874593,-0.06617744,0.2502202,-0.5743169,0.025074601,0.23473085,-0.43199,-0.026576526,T,Right,0.96,aug_T_025.jpg
0.0,0.0,0.0,-0.1804542,-0.22525977,0.02091358,-0.47930995,-0.5728902,-0.024684034,-0.24807426,-0.6949515,-0.24087958,-0.13861886,-0.6094742,-0.13158277,-0.22938985,-0.92710674,-0.047397453,-0.20167941,-0.7612225,-0.1595589,-0.18802252,-0.7112261,-0.09434267,-0.0975956,-0.4127516,-0.09389353,-0.026712842,-0.9992252,0.02890287,0.032059494,-0.73994595,-0.15887445,-0.12211342,-0.6917587,-0.11575384,0.013173538,-0.515572,-0.15973848,0.1363617,-0.93135977,-0.036977604,0.23311317,-0.69919825,-0.051696215,0.13826443,-0.56235886,-0.1378505,0.096710615,-0.5840501,-0.12828395,0.30628854,-0.80114245,0.013986154,0.3294746,-1.192129,-0.08155233,0.28112426,-1.459621,-0.3157771,0.16594097,-1.3005527,-0.24922508,J,Right,0.96,aug_J_017.jpg
0.0,0.0,0.0,-0.11956105,-0.38279423,-0.020233585,-0.24272071,-0.6689972,0.013574026,-0.11239071,-0.69480234,-0.13072908,0.23769768,-0.67018336,-0.101262696,-0.10399461,-0.9263275,0.007824194,-0.12532951,-1.2332926,0.015593094,-0.2639069,-1.4710389,-0.2067963,-0.30396104,-1.3995414,-0.30498704,0.19962594,-0.9792511,0.034882072,0.07238298,-0.7971769,-0.07429803,0.07443999,-0.63748133,-0.07763254,0.030350534,-0.5132427,-0.113541126,0.29502475,-0.8546972,0.020292817,0.2729596,-0.7974363,-0.026757106,0.21891397,-0.6067183,-0.20848554,0.2040819,-0.51685137,-0.15759607,0.488276,-0.76564515,-0.00607791,0.30880204,-0.72748405,-0.0910805,0.3048122,-0.49341425,-0.15723006,0.24813312,-0.53891414,-0.14915226,X,Right,0.96,aug_X_018.jpg
0.0,0.0,0.0,-0.32385546,-0.3379784,0.021629313,-0.3857009,-0.65684265,-0.10450958,-0.3301062,-0.72254395,-0.12641507,-0.19406463,-0.71960586,-0.15160982,-0.31316656,-0.9254967,-0.045946073,-0.2842132,-1.5172075,-0.11914941,-0.4010445,-1.9475152,-0.20560603,-0.48775476,-2.1152115,-0.23061107,-0.16687627,-0.97553223,-0.14314032,-0.2358631,-0.85694057,-0.22552061,-0.19944395,-0.6219673,-0.14347696,-0.078414075,-0.45487177,-0.12337488,-0.05551992,-0.9039896,-0.08322926,-0.025361646,-0.76030934,-0.24107713,-0.08061473,-0.6186566,-0.1648467,-0.022564016,-0.56434906,-0.1507515,0.28260964,-0.786464,-0.11888585,0.17587389,-0.65328723,-0.072762445,0.13543297,-0.57552946,-0.20060031,0.12266681,-0.50202256,-0.35102424,Z,Right,0.96,aug_Z_013.jpg
0.0,0.0,0.0,-0.32986435,-0.31326464,-0.13230899,-0.45384496,-0.71700966,-0.07871551,-0.586716,-0.75504065,-0.23434575,-0.33484298,-0.8614795,-0.2547931,-0.29143465,-0.88398075,-0.09063454,-0.3858107,-1.387766,-0.20987687,-0.33554408,-1.578608,-0.2848162,-0.49371806,-1.4167663,-0.25525695,-0.059838533,-0.99684423,-0.052161947,-0.052436065,-1.5462264,-0.12989953,-0.12552369,-1.7983209,-0.17366388,-0.13580658,-2.251872,-0.17649934,0.054118786,-0.9003163,-0.06516379,0.17535429,-1.3578851,-0.030095585,0.076676406,-1.7347313,-0.2303308,0.19037399,-1.9159435,-0.1888686,0.2724311,-0.78563255,-0.10892482,0.36370313,-1.2071252,-0.1938658,0.30332044,-1.5786713,-0.12241157,0.34778437,-1.7524865,-0.07569506,F,Right,0.96,aug_F_005.jpg
0.0,0.0,0.0,-0.27522987,-0.23651029,-0.019409167,-0.38703808,-0.5918248,-0.044004686,-0.77361727,-0.7862391,-0.07096555,-1.1174462,-0.8546856,-0.008376655,-0.18355647,-0.99492055,0.027929751,-0.34801066,-1.5168957,-0.10841427,-0.29957753,-1.9885439,-0.13623974,-0.4998226,-2.4315698,-0.14456534,-0.07405378,-0.9947679,-0.070376106,0.008285329,-1.6793602,-0.038861267,-0.11552804,-2.0753293,-0.16746873,0.035064086,-2.4854097,-0.24343038,0.17500049,-1.0053194,0.048212506,0.31874317,-1.5659976,-0.011381636,0.18827973,-1.907159,-0.11275852,0.35269034,-2.3172214,-0.114679076,0.3222913,-0.8787853,-0.009196026,0.44850403,-1.4450103,0.009350672,0.36582786,-1.6409999,-0.03208453,0.6366362,-2.0178165,-0.25590944,5,Right,0.96,aug_5_031.jpg
0.0,0.0,0.0,-0.004333461,-0.29531342,-0.09691381,-0.3280633,-0.5982114,-0.12533845,-0.20672181,-0.853014,-0.24697082,0.15173367,-0.7422118,-0.23934324,-0.14373238,-1.0166796,-0.09853989,-0.18631159,-1.4387777,-0.1331324,-0.22943367,-1.8149873,-0.12253173,-0.17617518,-2.2759588,-0.26286405,-0.080556415,-0.996468,-0.023709446,0.04895263,-1.5268481,-0.17137147,0.053199295,-1.908332,-0.12539627,0.15613446,-2.2344522,-0.106023856,0.2643636,-0.9127684,-0.09388754,0.20238309,-0.77376676,-0.11204009,0.17184846,-0.7117764,-0.23364952,0.084076524,-0.5265822,-0.32781246,0.41530186,-0.84160066,-0.051583555,0.34595022,-0.8063916,-0.20824215,0.31601608,-0.542503,-0.20245402,0.22954084,-0.5106811,-0.23357604,H,Right,0.96,aug_H_011.jpg
0.0,0.0,0.0,-0.118466295,-0.27031675,-0.008257198,-0.39217383,-0.51146275,-0.05749573,-0.62573844,-0.64431405,-0.27279943,-0.9070399,-0.8552482,-0.15441327,-0.17103203,-0.9125282,-0.025638413,-0.18008448,-1.330135,-0.09003791,-0.28395122,-1.7329658,-0.1558709,-0.22280128,-2.161929,-0.13811783,0.035783697,-0.9989725,-0.027811682,0.063767165,-0.80848426,-0.0628929,0.055965655,-0.64927214,-0.23826753,0.004603681,-0.5431006,-0.33511758,0.14899094,-0.76333153,-0.06787516,0.15090898,-0.7080379,-0.13583396,0.112466946,-0.5447709,-0.17638443,0.08060334,-0.43325123,-0.23403597,0.28697094,-0.8333645,-0.013151257,0.30131632,-0.6113825,-0.13086993,0.19131388,-0.5403322,-0.13019331,0.20616242,-0.36734256,-0.20298639,L,Right,0.96,aug_L_013.jpg
0.0,0.0,0.0,-0.09466351,-0.3251398,-0.13602039,-0.26036796,-0.55768234,-0.1309814,-0.39454022,-0.72754264,-0.19648322,-0.30413866,-0.845258,-0.34986925,-0.1892632,-0.9849559,-0.110871255,-0.24658981,-1.4228944,-0.21639302,-0.21226631,-1.7552645,-0.2711564,-0.33080912,-2.0893412,-0.25357157,-0.011508768,-0.99730366,-0.07247816,-0.051047377,-1.3203862,-0.26732874,-0.019760674,-1.5745022,-0.34184042,-0.16266245,-1.4542018,-0.27130586,0.13119008,-0.8136993,-0.10473954,0.20589453,-1.3187912,-0.26577672,0.13254978,-1.5394028,-0.324828,0.04855542,-1.2508361,-0.42056593,0.38773808,-0.757257,-0.14808491,0.418974,-1.1928589,-0.3578106,0.37297028,-1.4540906,-0.3696844,0.28534853,-1.279245,-0.30914128,D,Right,0.96,aug_D_006.jpg
0.0,0.0,0.0,-0.106810406,-0.32767394,0.0046054297,-0.30782068,-0.7057006,-0.07886089,-0.28325614,-0.69481194,-0.2241733,-0.029336458,-0.9124919,-0.22784945,-0.10649538,-1.0377253,-0.09901096,-0.2353118,-1.4546735,-0.083957516,-0.27472618,-1.8610336,-0.12646504,-0.37143773,-2.3183312,-0.13839795,0.05428165,-0.9976527,-0.041744933,-0.025477786,-1.6283041,-0.07886374,0.0148653565,-2.0072205,-0.055022478,0.001728775,-2.42374,-0.20508546,0.25971928,-0.98874074,-0.068768874,0.27519903,-0.8657792,-0.12993105,0.085167006,-0.715909,-0.2256111,0.10712702,-0.6711931,-0.24046889,0.34900534,-0.7973736,-0.12599438,0.38717228,-0.7251248,-0.20639604,0.2541454,-0.6363831,-0.24297778,0.19854634,-0.5412551,-0.20211966,U,Right,0.96,aug_U_025.jpg
0.0,0.0,0.0,-0.29194033,-0.1877546,0.02642054,-0.416061,-0.5945112,-0.018917987,-0.2670807,-0.5950103,-0.03862303,-0.07460361,-0.68272734,-0.20522948,-0.19739227,-0.90091544,-0.10229976,-0.33349505,-1.2502471,-0.092821516,-0.39796963,-1.6977841,-0.15217093,-0.3938593,-2.0326257,-0.15025787,-0.07281135,-0.98883015,-0.13005134,0.0272462,-1.343831,-0.078516066,-0.030359384,-1.7978479,-0.16496341,-0.0707207,-2.186465,-0.089199424,0.10721258,-0.7775009,-0.044125956,0.027900074,-0.6563132,-0.050022565,0.06205232,-0.5845551,-0.15306917,0.024980417,-0.48981833,-0.041114803,0.25776103,-0.7058208,-0.025500642,0.10122338,-0.64066464,-0.13893023,0.16105384,-0.56941277,-0.07257604,0.087340735,-0.43606162,-0.19592008,H,Right,0.96,aug_H_017.jpg
0.0,0.0,0.0,-0.1946702,-0.1711516,-0.1312518,-0.3621867,-0.56901973,-0.073388614,-0.7096788,-0.6793994,-0.23902775,-1.0702564,-0.9340667,-0.18189117,-0.21366197,-0.9273643,-0.0940451,-0.20327419,-1.4425975,-0.15951711,-0.40295058,-1.821986,-0.19675271,-0.29739112,-2.1087246,-0.17328031,0.0146999415,-0.99982536,0.011540257,0.019238362,-0.64861083,-0.0857699,-0.028815173,-0.5882047,-0.35919797,-0.013960157,-0.41811547,-0.26719168,0.13989392,-0.8183846,-0.19482565,0.19446428,-0.65371734,-0.20285136,0.116228424,-0.5416954,-0.18334956,0.18954368,-0.44618773,-0.15169151,0.34809604,-0.72711056,-0.1010599,0.37526557,-0.64104635,-0.17613441,0.23518465,-0.48860857,-0.1524545,0.21610165,-0.4062049,-0.25536862,L,Right,0.96,aug_L_034.jpg
0.0,0.0,0.0,-0.16644,-0.24749142,-0.016600711,-0.34903693,-0.52437234,-0.098180965,-0.22193126,-0.6244261,-0.19664957,-0.02881103,-0.7829469,-0.07737906,-0.27075762,-0.9695987,-0.07275447,-0.28534374,-0.9349637,-0.11336008,-0.14124466,-0.66319305,-0.13583039,-0.14563063,-0.48376113,-0.11029882,-0.030363653,-0.9986279,-0.042667564,0.06384935,-0.7948625,-0.11015773,-0.04579837,-0.68431556,-0.1634373,-0.024106173,-0.6230721,-0.1608715,0.12891223,-0.9234127,-0.009515742,0.09420896,-0.77259064,-0.11182249,0.14370564,-0.6300864,-0.03170745,0.08574618,-0.5732969,-0.1560921,0.28199717,-0.7931496,0.038279314,0.29149425,-1.2112545,-0.121248394,0.22291476,-1.4427868,-0.21448189,0.08609357,-1.2930938,-0.23309109,J,Right,0.96,aug_J_033.jpg
0.0,0.0,0.0,-0.30860654,-0.28461334,-0.17568168,-0.36858052,-0.7093494,-0.1796562,-0.7122118,-0.7354438,-0.26127043,-0.85974264,-0.9715971,-0.34614348,-0.20311071,-0.99212074,-0.045860562,-0.323432,-0.8461735,-0.19326861,-0.22717196,-0.7417647,-0.20440912,-0.19097516,-0.47125715,-0.33441168,-0.07111585,-0.98930216,-0.12737292,-0.104684904,-0.8190531,-0.3571455,-0.11941779,-0.56980324,-0.29306835,-0.014297535,-0.4907057,-0.30262527,0.13545671,-1.0037277,-0.13964984,0.05648202,-0.6878331,-0.27652797,0.111492105,-0.68045115,-0.23919275,-0.036646295,-0.53569466,-0.25130492,0.32459006,-0.77529466,-0.19220816,0.4753737,-1.1688323,-0.14969665,0.70791507,-1.5893064,-0.25561285,0.73225725,-1.8495167,-0.26915672,Y,Right,0.96,aug_Y_001.jpg
0.0,0.0,0.0,0.53287435,-0.07318027,0.13734075,0.92653835,-0.23323342,0.15111597,1.270335,-0.2827178,0.09299786,1.5875556,-0.27236,0.034528248,0.508558,-0.84913427,0.2981901,1.0176089,-0.9165606,0.21009196,1.4184523,-0.89892375,0.08812463,1.7153726,-0.8583657,0.00034674825,0.42782417,-0.89460725,0.12901305,1.0504339,-0.95581305,0.045531236,1.4721639,-0.92473006,-0.052191287,1.7916195,-0.87225974,-0.12206206,0.4267104,-0.87336093,-0.059164792,1.0482384,-0.95068747,-0.13356216,1.4578496,-0.9217233,-0.17636983,1.7548546,-0.865558,-0.20274575,0.49721465,-0.793486,-0.25063798,0.9967328,-0.8991621,-0.30365086,1.3291506,-0.8992335,-0.30549932,1.5924908,-0.8621831,-0.30194646,C,Right,0.95,372.jpg
0.0,0.0,0.0,-0.20319399,-0.28802884,-0.025953691,-0.41965666,-0.6037923,-0.020323211,-0.52555466,-0.95700717,-0.10734581,-0.5519641,-1.2287028,-0.11178235,-0.20014137,-0.88047695,0.006089833,-0.2995857,-1.1606448,-0.12833856,-0.2692737,-1.4732913,-0.18343602,-0.34555084,-1.3903677,-0.22110972,-0.011611948,-0.9963753,0.084269166,-0.052620847,-0.7682574,-0.14310272,-0.060963087,-0.5617906,-0.14031874,0.065319136,-0.5107297,-0.14551154,0.12140139,-0.88703567,0.03193461,0.12212281,-0.7537318,-0.047252983,0.14514658,-0.62825114,-0.04720968,-8.999758e-05,-0.47011077,-0.1289856,0.3496369,-0.7333038,0.014268784,0.19449915,-0.64452076,-0.029764699,0.21195231,-0.48218095,-0.14042684,0.17113431,-0.4771653,-0.17357042,T,Right,0.96,aug_T_034.jpg
0.0,0.0,0.0,-0.16708554,-0.33140785,0.0051783584,-0.3132073,-0.5774474,-0.03590802,-0.16869606,-0.76433796,-0.1906695,0.02042781,-0.8094008,-0.09058191,-0.08065801,-1.0105989,0.0152885765,-0.3261567,-1.4956667,-0.06558704,-0.5861037,-1.9347055,-0.10838276,-0.70140046,-2.1997557,-0.19001043,-0.015526228,-0.99893194,-0.043518294,0.117094696,-1.5934536,-0.09853101,0.39752495,-1.9080684,-0.18135534,0.62661844,-2.4003272,-0.22241509,0.26456535,-0.87410027,-0.02243269,0.0812852,-0.8128766,-0.21107638,0.29154128,-0.6630507,-0.13671549,0.08613088,-0.4392538,-0.20933592,0.33738124,-0.8012935,0.0068894,0.45735127,-0.6355507,-0.06838603,0.25423118,-0.62556136,-0.23024079,0.23759112,-0.5999582,-0.1053074,V,Right,0.96,aug_V_011.jpg
0.0,0.0,0.0,-0.121254966,-0.23573065,-0.05809658,-0.3212739,-0.6620447,-0.11343972,-0.53306264,-0.8189311,-0.19588985,-0.7619863,-0.80092394,-0.20694642,-0.099917606,-0.9423179,-0.013679716,-0.11644305,-1.3742957,-0.08986323,-0.21994655,-1.7099093,-0.19200546,-0.2691158,-2.0377114,-0.28041115,0.027764384,-0.9876424,-0.15424535,0.089110166,-1.3788499,-0.23000094,0.05383879,-1.441647,-0.32212085,-0.011256396,-1.3921087,-0.22325464,0.15513912,-0.92857957,-0.079352394,0.12369938,-0.7899767,-0.14743227,0.19562718,-0.63285166,-0.21234807,0.023015203,-0.4999572,-0.24262103,0.37418655,-0.83365977,-0.053990874,0.37855333,-0.7300642,-0.16097581,0.3914922,-0.54164404,-0.31087136,0.24044491,-0.45976183,-0.10633671,K,Right,0.96,aug_K_008.jpg
0.0,0.0,0.0,-0.21523851,-0.32781535,-0.038023733,-0.37776622,-0.5462893,-0.0944315,-0.5922005,-0.72810614,-0.14855166,-0.9501541,-0.90651155,-0.118545,-0.17817704,-0.83026963,0.017663762,-0.16981702,-1.4813303,-0.13573265,-0.25740725,-1.7543383,-0.043124072,-0.35291785,-2.0209656,-0.14422579,-0.03122147,-0.9993413,-0.018496424,-0.035742324,-1.3630713,-0.24652694,-0.0662186,-1.4908031,-0.24423566,-0.122074,-1.4163364,-0.34728426,0.19322324,-0.88488656,-0.033273943,0.14742607,-0.69739974,-0.12003819,0.15505123,-0.57466966,-0.14031512,0.13568032,-0.43753642,-0.07188957,0.25937116,-0.78670543,-0.061809666,0.22967418,-0.5509474,-0.039974857,0.28214902,-0.49471062,-0.22572564,0.22289509,-0.41683018,-0.12420705,K,Right,0.96,aug_K_025.jpg
0.0,0.0,0.0,-0.11330544,-0.27297175,-0.11906013,-0.3236757,-0.53857064,-0.0192444,-0.08542042,-0.7274758,-0.20695284,0.059599034,-0.75077456,-0.21845816,-0.11132705,-0.9190108,-0.061966516,-0.22987647,-1.469222,-0.124921106,-0.24474482,-1.8362243,-0.15086709,-0.26395002,-2.1593773,-0.17708367,0.049698852,-0.99515074,-0.084882565,0.016347772,-1.5283234,-0.088872135,-0.011800825,-1.8899524,-0.12621765,0.021292156,-2.2551844,-0.2931212,0.18873818,-0.79479456,-0.15976101,0.26771826,-0.735519,-0.18273991,0.16051422,-0.5451841,-0.3241668,0.20366418,-0.46096322,-0.14368345,0.30440554,-0.7623289,-0.18980062,0.42030665,-0.7123261,-0.20821902,0.20275779,-0.49687654,-0.1952736,0.22213683,-0.41538367,-0.24200673,H,Right,0.96,aug_H_018.jpg
0.0,0.0,0.0,-0.03997692,-0.16305257,-0.030909387,-0.24363203,-0.65584755,-0.12443177,-0.11980031,-0.7185461,-0.13038805,0.08062387,-0.7084302,-0.021978986,-0.09644222,-0.901301,0.011680016,-0.21088088,-1.2801138,-0.13653137,-0.19167987,-1.7086499,-0.051930066,-0.26950076,-2.0715907,-0.20789887,0.15590058,-0.9868884,-0.041788477,0.030253503,-1.4608071,-0.14612196,0.113133065,-1.8723938,-0.03446761,-0.0026592053,-2.2409582,-0.12068545,0.28246608,-0.9154215,-0.08196159,0.17618391,-0.68770427,0.0084173065,0.11271693,-0.6552963,-0.24513803,0.12584497,-0.5137638,-0.21591343,0.51838994,-0.6887813,-0.0015016478,0.37650254,-0.6119041,-0.15999007,0.35011783,-0.55734533,-0.02326961,0.21785004,-0.44849616,-0.22130053,U,Right,0.96,aug_U_011.jpg
0.0,0.0,0.0,-0.18072785,-0.34194672,-0.11394572,-0.29690936,-0.61264205,-0.061593607,-0.09760482,-0.62236106,-0.13561378,0.003127704,-0.79296577,-0.19119205,-0.14938748,-0.90923905,-0.08361951,-0.20492788,-0.79548496,-0.020418944,-0.03815341,-0.58982646,-0.19483484,-0.102942206,-0.49002725,-0.11629846,0.0009180202,-0.99659586,-0.08243767,0.023890618,-0.8110307,-0.1361866,0.07342836,-0.60549366,-0.18545891,0.013514939,-0.47788486,-0.15157813,0.25358692,-0.8555368,-0.044120286,0.11030824,-0.8432843,-0.085793644,0.18564843,-0.5814894,-0.23581901,0.11230629,-0.5590828,-0.18195137,0.2595106,-0.80038786,-0.061579224,0.31364468,-0.6512342,-0.060235318,0.24874564,-0.5895643,-0.16021957,0.22904134,-0.5403517,-0.23567784,M,Right,0.96,aug_M_009.jpg
0.0,0.0,0.0,-0.0001577104,-0.30283818,-0.0054743607,-0.3067563,-0.5764842,-0.09088007,-0.2297047,-0.6968092,-0.22743455,0.02816579,-0.7692419,-0.20794159,-0.120446995,-0.9934826,-0.088493526,-0.19288112,-1.3018026,-0.10320642,-0.2610753,-1.6489489,-0.17689173,-0.26111904,-2.0803823,-0.20608258,0.07699285,-0.9969731,-0.010804024,0.07489594,-1.4884375,-0.11917996,-0.03989349,-1.8307614,-0.2619317,-0.05144507,-2.1746712,-0.22582354,0.20870638,-0.9460759,-0.04840188,0.1445442,-0.7594347,-0.33653438,0.15545739,-0.6095382,-0.33088484,0.11500528,-0.56302553,-0.13869016,0.3002959,-0.6662367,-0.025314106,0.32886702,-0.7634191,-0.19740653,0.31573904,-0.55969894,-0.27157673,0.2949935,-0.48616725,-0.20202969,2,Right,0.96,aug_2_024.jpg
0.0,0.0,0.0,-0.2520516,-0.18744098,-0.0319985,-0.41010332,-0.7123976,-0.06626061,-0.61091083,-0.9153729,-0.021582248,-0.75875604,-1.2015367,-0.06877763,-0.1909485,-1.0966234,0.13992761,-0.2949444,-1.5064163,0.024774935,-0.1307936,-1.7056878,-0.0460136,-0.27753967,-2.100041,-0.080986895,0.024889147,-0.9996299,0.0109771285,-0.031827115,-1.52296,-0.12400911,0.004094519,-1.9270141,-0.13737604,0.019339021,-2.207507,-0.07225401,0.10606833,-0.9682437,0.06595157,0.09262707,-0.78935456,-0.046772823,0.093402185,-0.6342977,-0.19566008,0.067850575,-0.48557535,-0.209849,0.39888358,-0.7781228,0.044677597,0.34135988,-0.6109887,-0.07004918,0.25990593,-0.5420539,-0.09280132,0.240452,-0.4552139,-0.16103089,3,Right,0.96,aug_3_019.jpg
0.0,0.0,0.0,-0.035140384,-0.26983786,-0.17703685,-0.32103798,-0.548781,0.0050354702,-0.025045784,-0.6972429,-0.16690561,0.029249644,-0.71554756,-0.18040612,-0.0939067,-0.91889846,-0.055865806,-0.24150488,-0.85575587,-0.18577747,-0.058953505,-0.6356595,-0.17206587,-0.01904672,-0.5282654,-0.31594956,0.13352853,-0.9883301,-0.07330555,0.0626992,-0.90154684,-0.048582163,0.044647574,-0.73427784,-0.20327571,0.07997697,-0.46396163,-0.20155641,0.23767263,-0.95072186,-0.14209749,0.13906345,-0.7528194,-0.12723465,0.2578072,-0.660771,-0.11574401,0.11672782,-0.54501814,-0.19953263,0.41776347,-0.82416636,-0.1160048,0.30185476,-1.0888947,-0.19323342,0.3617897,-1.4271989,-0.27569398,0.2858927,-1.1668293,-0.34882358,J,Right,0.96,aug_J_018.jpg
0.0,0.0,0.0,-0.010970279,-0.24399914,0.09567791,-0.24276255,-0.44225752,0.09018172,-0.5418774,-0.715742,-0.00082388066,-0.85867065,-0.8861944,-0.06881267,-0.20325546,-0.89029187,0.0052670455,-0.16833755,-1.2992532,0.054491058,-0.24458855,-1.4744728,0.07322108,-0.32130122,-1.9434371,-0.06491686,-0.022319235,-0.9937198,0.10964922,-0.0058942772,-1.3319211,0.09624852,0.09545103,-1.7504036,0.029594626,0.05889,-2.1015742,-0.07299204,0.271433,-0.83424175,0.11969604,0.19262376,-1.3164928,0.019166585,0.22704433,-1.6375757,0.005669212,0.14990065,-1.9279664,-0.0018542694,0.38620555,-0.74150914,0.038151603,0.34686333,-1.1104118,0.079026565,0.4843868,-1.4041277,-0.0507233,0.4518227,-1.7078898,-0.060491163,5,Right,0.96,aug_5_012.jpg
0.0,0.0,0.0,-0.20783907,-0.24126346,-0.010767878,-0.32103518,-0.577079,-0.033502523,-0.5639251,-1.0582478,-0.14672695,-0.7315018,-1.3555129,-0.09355015,-0.20195791,-0.9864362,0.026352786,-0.18185246,-0.8967892,-0.18147516,-0.105432026,-0.6610998,-0.11829722,-0.07799489,-0.41442662,-0.03519747,-0.06189308,-0.99806964,0.0051330067,0.0858625,-0.88471025,-0.00083434745,0.032798093,-0.6503795,-0.07832369,-0.019219853,-0.5708561,-0.12000894,0.17186184,-0.92425376,-0.031881187,0.1744363,-0.7594349,-0.106867336,0.10662902,-0.64542204,-0.1590467,0.07149562,-0.44087222,-0.14732935,0.37998036,-0.77995646,-0.08644391,0.3373567,-0.7058752,-0.043471538,0.3708266,-0.5641175,-0.07649639,0.2098987,-0.4520193,-0.10575838,A,Right,0.96,aug_A_003.jpg
0.0,0.0,0.0,-0.35274044,-0.055187494,0.050838333,-0.5059596,-0.54161894,-0.09264062,-0.6759501,-0.9133987,-0.29204315,-1.0223558,-1.2658131,-0.2774289,-0.30241594,-0.8555276,-0.0103895655,-0.2936392,-0.7828005,-0.23257354,-0.16265629,-0.6680353,-0.19202906,-0.2558242,-0.31641516,-0.19720942,-0.17305754,-0.9848848,0.007285579,-0.054646555,-0.71344805,-0.14189003,-0.17896283,-0.5942528,-0.17114565,-0.057919398,-0.4877708,-0.30341855,0.07078924,-0.84050447,-0.036789052,0.065178476,-0.73493695,-0.073234566,0.124901414,-0.5174214,-0.2305846,-0.18837923,-0.43813822,-0.19111028,0.32545468,-0.72386456,-0.053461745,0.33878943,-0.6676654,-0.25017965,0.038766928,-0.39002156,-0.28099164,0.11258465,-0.29668918,-0.10511976,A,Right,0.96,aug_A_013.jpg
0.0,0.0,0.0,-0.24865645,-0.32029784,-0.11927812,-0.38633224,-0.6389761,-0.09092108,-0.2133262,-0.71406573,-0.2992204,0.06279452,-0.7251529,-0.3112135,-0.20283175,-0.90290046,-0.06993521,-0.11960426,-0.81348747,-0.22597116,-0.01210869,-0.55557275,-0.25395,-0.19214131,-0.50277144,-0.30823395,-0.035621557,-0.99130756,-0.12665042,0.011470395,-0.8111548,-0.26367673,-0.0010893346,-0.63102454,-0.3370678,0.038632203,-0.5164086,-0.2548425,0.16519174,-0.8591602,-0.10759762,0.068320274,-0.7163446,-0.21652736,0.18897687,-0.5646993,-0.17442888,0.044729665,-0.4146166,-0.23648287,0.37949958,-0.6980609,-0.0917892,0.24759574,-0.5997108,-0.1813859,0.18607174,-0.54611343,-0.3024998,0.14635238,-0.3944153,-0.31594867,S,Right,0.96,aug_S_019.jpg
0.0,0.0,0.0,-0.073933266,-0.24523208,0.01601432,-0.38344792,-0.5508208,0.013128416,-0.13124171,-0.6657628,-0.03628762,0.049687512,-0.7667321,-0.1304291,-0.15002088,-0.83670205,0.02287836,-0.14964736,-0.7791414,-0.07798815,-0.08360283,-0.6513596,-0.034446005,-0.13094635,-0.40129375,-0.11584333,0.032262158,-0.99915373,-0.025513723,0.048506092,-0.8395181,-0.02875916,-0.036850907,-0.6656238,-0.11490338,0.033780746,-0.50580496,-0.10876334,0.15948153,-0.89617175,0.040982507,0.14205647,-0.679734,-0.027393326,0.23557827,-0.6557087,-0.102085404,0.06559368,-0.5061141,-0.11652956,0.32802495,-0.8813351,0.107049584,0.37586275,-1.0962251,-0.017747404,0.47282693,-1.4731028,-0.03454304,0.38667634,-1.7192806,-0.11867481,I,Right,0.96,aug_I_028.jpg
0.0,0.0,0.0,-0.09083049,-0.36664116,-0.048841957,-0.32410178,-0.6559497,-0.15948145,-0.11851452,-0.67837,-0.23099858,0.03686846,-0.72940004,-0.31106195,-0.037565313,-0.9886447,-0.05030843,-0.04306168,-0.7626146,-0.15609598,-0.0936353,-0.6396169,-0.3123457,-0.10928471,-0.48336613,-0.24165358,-0.030775346,-0.9988698,-0.036223806,0.11980996,-0.79672575,-0.2088391,0.09261646,-0.62240285,-0.2725821,-0.00026173744,-0.4489352,-0.20254004,0.2569712,-0.9174328,-0.044888966,0.16634646,-0.78685874,-0.1310313,0.19736649,-0.680671,-0.25918186,0.15069751,-0.64311767,-0.12127172,0.4210483,-0.75220895,-0.04289383,0.39800805,-0.7626593,-0.23348266,0.25242192,-0.48215997,-0.30752075,0.2519975,-0.37595057,-0.28414974,M,Right,0.96,aug_M_001.jpg
0.0,0.0,0.0,-0.2580489,-0.31956598,-0.09023647,-0.25871623,-0.5412297,-0.059283268,-0.42564774,-0.7573771,-0.19476967,-0.34448078,-0.9478276,-0.35978553,-0.082933076,-1.0366293,-0.03991874,-0.18629743,-1.409408,-0.2112042,-0.27996093,-1.8356472,-0.22046456,-0.43736836,-2.3305624,-0.30878618,-0.012695592,-0.99682647,-0.07858664,0.05731306,-1.3079962,-0.17542756,0.0460232,-1.7549918,-0.3375659,-0.080418855,-1.5463691,-0.29015976,0.2450899,-1.0110137,-0.1563488,0.37510678,-1.3524082,-0.36503634,0.15861806,-1.6771777,-0.28758025,-0.017495565,-1.5067607,-0.38936466,0.5009998,-0.79779494,-0.17151561,0.44699055,-1.2580628,-0.17790549,0.43760246,-1.5049127,-0.29559514,0.3064728,-1.2482766,-0.3466387,D,Right,0.96,aug_D_025.jpg
0.0,0.0,0.0,-0.21046852,-0.34718227,0.034139365,-0.3164197,-0.61411065,-0.024103757,-0.47319987,-0.92733234,-0.10748058,-0.72522694,-1.2059886,-0.14576636,-0.07684696,-0.9269612,0.082053624,-0.17065752,-0.77455604,-0.093387865,-0.13024661,-0.5618091,-0.16007634,-0.09372544,-0.57714736,-0.14474316,0.04060378,-0.9988222,0.026562657,-0.04866748,-0.8212947,-0.15215355,0.009867668,-0.6603381,-0.123379976,0.05090761,-0.5845506,-0.14479998,0.32097661,-0.9088914,-0.0032975802,0.062041152,-0.7679038,-0.16050473,0.033426702,-0.6255396,-0.099469446,0.03517335,-0.5919073,-0.16192506,0.47452122,-0.76215756,0.0362099,0.39512107,-0.61270666,-0.07155812,0.3126708,-0.5616802,-0.22317272,0.26126018,-0.50500304,-0.2720242,A,Right,0.96,aug_A_011.jpg
0.0,0.0,0.0,-0.103418775,-0.26536214,-0.03383137,-0.27970916,-0.5085088,-0.15880984,-0.40874812,-0.705159,-0.091481544,-0.35016868,-0.623544,-0.1301147,-0.22387262,-0.85432196,0.0008481335,-0.18653065,-1.2498204,-0.015890593,-0.27351728,-1.6235572,-0.1374924,-0.26611772,-1.9202565,-0.1472504,0.022353925,-0.9995226,-0.021327721,-0.006475481,-1.1468437,-0.23823199,0.018785415,-1.434809,-0.22068878,-0.058601137,-1.2855611,-0.26678044,0.16135524,-0.83783185,-0.03825339,0.1134714,-1.149179,-0.27859384,0.1290301,-1.3613427,-0.261943,0.03524508,-1.3019418,-0.19034539,0.31074902,-0.6959689,-0.08509257,0.31708395,-0.99428946,-0.11002367,0.3169419,-1.2446178,-0.26305977,0.11840488,-1.1570013,-0.29858825,D,Right,0.96,aug_D_032.jpg
0.0,0.0,0.0,-0.1719503,-0.35443974,-0.008192092,-0.28160894,-0.64219606,0.070842884,-0.6616204,-0.871168,-0.0420667,-0.9467697,-0.9615383,0.013268263,-0.13057208,-0.95308536,0.050526407,-0.23719388,-1.4126613,0.032942284,-0.17497654,-1.704421,0.036509246,-0.16620333,-2.1149335,-0.023473712,0.09278771,-0.98769045,0.12592895,0.03281075,-1.3824679,-0.0722319,-0.024600593,-1.593976,-0.17855003,-0.15959077,-1.5260609,-0.12025361,0.1808299,-0.912869,0.06600646,0.22872782,-0.87929636,-0.022450587,0.13258378,-0.68380666,-0.009149931,0.110757634,-0.5844089,-0.05686553,0.36040553,-0.78962684,-0.05943273,0.31527218,-0.7239515,0.027729953,0.3368626,-0.63160217,-0.078742474,0.15858051,-0.50362796,0.073094286,K,Right,0.96,aug_K_033.jpg
0.0,0.0,0.0,-0.24068892,-0.23525871,-0.15306315,-0.4010853,-0.64772487,-0.17121339,-0.13316613,-0.89462674,-0.18806776,-0.0039711343,-0.84386075,-0.17909059,-0.2391116,-0.97066206,0.15100546,-0.20670997,-0.848899,-0.20320629,-0.16588032,-0.7133097,-0.1502294,-0.21234737,-0.6097592,-0.1271423,-0.02229732,-0.9992935,-0.030254073,-0.0050463104,-0.90146834,-0.15823403,0.021115595,-0.7000872,-0.12693994,-0.0407023,-0.6158665,-0.26816958,0.14755,-0.9268695,-0.08945739,0.15158871,-0.82990825,-0.112208255,0.09280911,-0.6813138,-0.14102626,0.060537532,-0.5781874,-0.2996455,0.3804072,-0.88010913,-0.08113983,0.33557728,-1.2805245,0.021562297,0.4654099,-1.640024,-0.17334945,0.3623617,-2.0036907,-0.26924914,I,Right,0.96,aug_I_016.jpg
0.0,0.0,0.0,-0.28526098,-0.26238814,0.10073504,-0.44960517,-0.6587368,0.027061202,-0.29355228,-0.6804923,-0.13070856,-0.07230914,-0.67961884,-0.19532564,-0.27153718,-1.0776075,0.01553838,-0.3055779,-1.5285809,-0.052961767,-0.39249343,-1.920017,-0.07034349,-0.5073032,-2.3694642,-0.18167475,-0.034200046,-0.9992093,0.020275107,-0.06600208,-1.6833549,0.057162378,-0.13142227,-2.1225178,-0.06412705,-0.106194176,-2.458975,-0.0715372,0.11343839,-0.9430861,-0.033373635,0.083233885,-0.82545304,-0.04935911,0.045220416,-0.7054736,-0.17157362,0.0682337,-0.55969,-0.23209162,0.4066365,-0.9540593,-0.085911654,0.41631538,-0.82282263,-0.13516782,0.19234365,-0.7026286,-0.22105972,0.19729318,-0.41312632,-0.09171676,H,Right,0.96,aug_H_001.jpg
0.0,0.0,0.0,-0.29479855,-0.32475737,-0.005428169,-0.5507677,-0.6028602,-0.04198321,-0.2464825,-0.724974,-0.19084425,-0.03284773,-0.7348968,-0.09395096,-0.3835094,-0.9466628,-0.0976137,-0.29147005,-0.7829936,-0.20001392,-0.12490362,-0.6141601,-0.15877095,-0.24695791,-0.5472101,-0.2104515,-0.17164172,-0.9822863,-0.07518497,-0.11339214,-0.8657322,-0.15656921,-0.07447685,-0.70942694,-0.1345672,-0.13656482,-0.53887594,-0.26271766,0.1390901,-0.8776276,-0.013436893,0.04347861,-0.8148987,-0.23087496,-0.040588796,-0.63373685,-0.20066193,-0.08676972,-0.6147666,-0.15570074,0.31192842,-0.8974567,-0.04451435,0.33106887,-1.258482,-0.030495135,0.33661914,-1.6424811,-0.15549244,0.43102556,-1.888425,-0.24840203,I,Right,0.96,aug_I_018.jpg
0.0,0.0,0.0,-0.1397477,-0.31169122,-0.0009751904,-0.30816028,-0.56907314,0.002455067,-0.43649623,-0.894265,0.013441209,-0.6590715,-1.3640339,-0.15615441,-0.10287794,-0.82726735,-0.02714253,-0.13888076,-1.3388412,-0.15922922,-0.30768389,-1.6032547,-0.15704165,-0.2748787,-1.4112525,-0.21747133,-0.0009183161,-0.99999714,0.0021972621,0.13657008,-0.8020577,-0.0670652,0.04380468,-0.62038875,-0.073142156,-0.017462315,-0.44019693,-0.15192437,0.17190866,-0.9159476,0.061822042,0.17673297,-0.75208825,-0.18237652,0.104950815,-0.6920302,-0.08658406,0.15526085,-0.44214076,-0.07881953,0.3846442,-0.6843496,-0.036204033,0.4340821,-0.6277527,-0.092699274,0.33965907,-0.52831,-0.13453586,0.27071968,-0.4818046,-0.16112441,T,Right,0.96,aug_T_035.jpg
0.0,0.0,0.0,-0.20078051,0.5823308,-0.16751373,-0.6647381,0.9364115,-0.20401089,-1.1248182,0.9953302,-0.2409793,-1.4389688,0.99289566,-0.2302389,-0.981501,0.65835696,0.049167763,-1.2771157,0.59545314,-0.14491594,-0.9032315,0.5478526,-0.20476104,-0.8048725,0.5619929,-0.2121651,-0.9527801,0.29804388,0.058136765,-1.191466,0.23502524,-0.15291099,-0.76373106,0.2656849,-0.1658129,-0.76963633,0.32982147,-0.11964617,-0.90903145,-0.04465814,0.0155339595,-1.1333597,-0.1152947,-0.23548202,-0.7242352,-0.034806337,-0.15146503,-0.682952,0.034473244,-0.02718543,-0.8521789,-0.3711352,-0.040834732,-1.034976,-0.41597226,-0.17073512,-0.74399537,-0.31816128,-0.0915694,-0.65049326,-0.25144947,0.0040882607,A,Right,0.95,314.jpg
0.0,0.0,0.0,-0.25690103,-0.20635268,-0.065093674,-0.41277137,-0.60009795,-0.06583338,-0.17283268,-0.7119959,-0.06992117,0.10547383,-0.7437318,-0.2604572,-0.08788982,-0.93342346,-0.2121307,-0.24128984,-0.88534707,-0.19240397,-0.056360178,-0.7307157,-0.24443607,-0.015999086,-0.5333839,-0.26383656,0.043548897,-0.9954392,-0.08487793,0.019083545,-0.770424,-0.26380533,-0.014492898,-0.6449064,-0.2471096,0.09058043,-0.5528883,-0.17983593,0.3833344,-0.92596346,-0.06668758,0.108943015,-0.8031754,-0.22430514,0.1829092,-0.66916984,-0.26520315,0.09875605,-0.5120492,-0.29368055,0.5249618,-0.7581487,-0.065764375,0.48701617,-0.7281361,-0.16747673,0.44347915,-0.58514374,-0.35178602,0.29082963,-0.37805957,-0.28846645,S,Right,0.96,aug_S_007.jpg
0.0,0.0,0.0,-0.20085867,-0.2896614,-0.07448685,-0.42795417,-0.6512478,-0.0722929,-0.29878372,-0.55554163,-0.20192663,0.058818474,-0.8382043,-0.22697845,-0.10591793,-0.9217528,-0.06467616,-0.10100915,-1.3688861,-0.117779866,-0.31591624,-1.5584279,-0.36661792,-0.47697586,-1.3748969,-0.30297646,-0.026362475,-0.9983155,-0.051682677,-0.011093031,-0.86483663,-0.103778854,0.07920752,-0.61699957,-0.15248646,0.053445075,-0.51743597,-0.20924354,0.08434945,-0.9289596,-0.07703593,0.08985986,-0.7559518,-0.1417298,0.16768222,-0.6959267,-0.2556416,0.13653043,-0.46172035,-0.21969028,0.3457096,-0.7538797,-0.013341605,0.22819304,-0.6287799,-0.2014872,0.20294182,-0.57079786,-0.19821592,0.23441038,-0.45307052,-0.08617096,X,Right,0.96,aug_X_006.jpg
0.0,0.0,0.0,0.035481483,-0.3563072,0.124780014,-0.3359895,-0.580554,-0.0033171535,-0.048326988,-0.67008346,-0.14165777,0.013296994,-0.76626635,-0.104230076,-0.11633004,-0.9655722,0.031122504,-0.18235599,-1.3921998,-0.04314193,-0.21472149,-1.7180033,-0.11288571,-0.24535942,-2.1013274,-0.044447534,0.091272175,-0.995825,-0.0014496269,0.07718549,-0.8527051,-0.057308394,0.065892614,-0.60749507,-0.13518877,-0.0073905066,-0.4048348,-0.13281065,0.3225403,-0.86376554,0.063088164,0.20079559,-0.79200804,-0.13872035,0.31442106,-0.7213089,-0.12899569,0.1729464,-0.55283874,-0.1499208,0.49984482,-0.7575497,0.030728986,0.3634209,-0.66508526,-0.09665736,0.42244193,-0.58475703,-0.05195255,0.29171342,-0.5002727,-0.05217897,1,Right,0.96,aug_1_019.jpg
0.0,0.0,0.0,-0.0568063,-0.19251645,-0.12323321,-0.334311,-0.64789367,-0.12597756,-0.44228703,-0.9238623,-0.16143876,-0.65862286,-1.274077,-0.2450695,-0.0069496552,-1.0163752,-0.060224436,-0.054174144,-1.3692136,-0.123667926,-0.2229762,-1.7291408,-0.08535573,-0.36412203,-1.989237,-0.2759908,0.044364594,-0.99825317,-0.0390184,-0.02555711,-1.4328243,-0.007382433,-0.013218712,-1.7972295,-0.19221392,0.08073286,-2.2000453,-0.23489973,0.25903672,-0.79343283,-0.07995123,0.22745147,-0.8248167,-0.20767705,0.21446207,-0.54767704,-0.18253748,0.12945175,-0.49436575,-0.26687694,0.44021043,-0.71056587,-0.09366731,0.34001845,-0.6554147,-0.18038437,0.31746763,-0.42782456,-0.2141848,0.25836042,-0.48457158,-0.16213146,3,Right,0.96,aug_3_035.jpg
0.0,0.0,0.0,-0.2122922,-0.26630726,0.037056793,-0.4272183,-0.7076721,-0.114600755,-0.8258024,-0.7745069,-0.1679437,-1.2601595,-0.9930631,-0.23968874,-0.32016328,-1.0737936,0.032294262,-0.32800493,-1.5790783,-0.040022045,-0.29376352,-2.086933,-0.20959578,-0.4616362,-2.4177675,-0.14815922,-0.084649645,-0.99142873,-0.099516235,0.0412036,-0.8164503,-0.13042583,-0.07259395,-0.7478967,-0.20794539,0.04643984,-0.6161654,-0.30936018,0.21461071,-0.98399097,0.096301116,0.04880733,-0.8692675,-0.06275403,0.14549497,-0.7123625,-0.14027901,0.045565385,-0.48422244,-0.27171883,0.3079961,-0.8781944,-0.19515815,0.35757527,-0.8648352,-0.11931981,0.31045488,-0.5969602,-0.16301659,0.25805843,-0.5042318,-0.07331335,G,Right,0.96,aug_G_002.jpg
0.0,0.0,0.0,0.02933689,-0.47009006,-0.0316074,0.333711,-0.86684847,-0.07543788,0.75649935,-1.0734284,-0.1668715,1.1441059,-1.156267,-0.24966209,0.47711715,-0.98920214,0.07923513,1.0181484,-1.2113988,-0.11276014,1.184356,-1.2415111,-0.23290797,1.2817,-1.2538798,-0.29261678,0.5855584,-0.81056315,-0.010424628,1.0903611,-0.9474249,-0.29263854,0.80059606,-0.80961937,-0.35826376,0.5130456,-0.7075818,-0.3247485,0.68273187,-0.6109373,-0.12924135,1.1189188,-0.72717947,-0.37003344,0.76994807,-0.5999879,-0.31452787,0.48905814,-0.5236371,-0.20218895,0.7571317,-0.38748476,-0.25562987,1.0773683,-0.49772608,-0.3515803,0.81491965,-0.43651393,-0.26664937,0.58351594,-0.38656136,-0.16772184,G,Right,0.95,139.jpg
0.0,0.0,0.0,-0.052543834,-0.25008845,-0.18044166,-0.38581014,-0.5940896,-0.12901491,-0.11447773,-0.73132294,-0.27517274,0.12384651,-0.77070874,-0.3131549,-0.086111724,-1.1034108,-0.3118972,-0.32098475,-1.4480394,-0.13304341,-0.6352964,-1.9405459,-0.22175226,-0.7846354,-2.3395948,-0.31489888,0.04032425,-0.9954373,-0.08647901,0.239489,-1.5651336,-0.13215157,0.38248342,-1.9499093,-0.22799589,0.47928143,-2.366229,-0.18647972,0.23042916,-0.9998422,-0.1992413,0.17230758,-0.90102065,-0.29216152,0.16611224,-0.7216165,-0.23395537,0.1095967,-0.5671042,-0.35317618,0.36001474,-0.8700371,-0.17991166,0.34201786,-0.79237497,-0.2150984,0.32667318,-0.62832856,-0.22929761,0.18507165,-0.54804325,-0.26061875,V,Right,0.96,aug_V_018.jpg
0.0,0.0,0.0,-0.32777646,0.35121688,-0.1175049,-0.7307022,0.5313578,-0.19424655,-1.0625192,0.33128348,-0.29464486,-1.2145064,-0.06035609,-0.36685008,-1.0385802,0.29581138,0.035092298,-1.3447686,0.23019424,-0.18575023,-1.0677899,0.26184186,-0.31954533,-0.83064157,0.2649498,-0.36510113,-0.9994588,-0.027345026,0.018284446,-1.2696934,-0.16521682,-0.20837542,-0.9293054,-0.054698143,-0.27657053,-0.70010585,0.022205345,-0.2562185,-0.9329417,-0.33905748,-0.03889002,-1.1732336,-0.45114258,-0.26250392,-0.8565712,-0.2877473,-0.239481,-0.6312536,-0.18499924,-0.14667869,-0.83085155,-0.6308016,-0.107390516,-1.0728467,-0.69151264,-0.21861629,-0.88813853,-0.550082,-0.16930756,-0.7217292,-0.45258707,-0.08842266,S,Right,0.95,111.jpg
0.0,0.0,0.0,-0.14958629,-0.14298175,-0.07057227,-0.34126902,-0.44742003,-0.036153536,-0.59543097,-0.96402115,-0.1152203,-0.704339,-1.2973285,-0.14543654,-0.117387265,-0.9821057,-0.10610197,-0.14061487,-0.7899714,-0.07687095,-0.06643178,-0.6974691,-0.22009942,-0.08788557,-0.50939715,-0.19951697,-0.058876075,-0.9945491,-0.08605643,0.03289632,-0.7302881,-0.10255819,0.16027491,-0.5397801,-0.12182107,0.008771476,-0.46887064,-0.10080399,0.18755575,-0.873555,-0.041176796,0.18527494,-0.6837921,-0.06549532,0.1375765,-0.5825596,-0.15404472,0.19041438,-0.5525014,-0.1721312,0.35395268,-0.7642999,-0.07952436,0.37367523,-0.7785206,-0.13349383,0.19310507,-0.5377847,-0.18486206,0.22604007,-0.3659025,-0.10212931,A,Right,0.96,aug_A_012.jpg
0.0,0.0,0.0,-0.099936016,-0.35803348,-0.0309632,-0.29299295,-0.6782862,-0.11686853,-0.6740641,-0.8310643,-0.2137888,-0.8188927,-0.9867406,-0.26275435,-0.10117202,-1.0126152,-0.13301677,-0.10608614,-1.4041338,-0.13979732,-0.27890489,-1.7601444,-0.25425503,-0.13260971,-2.1311815,-0.26411423,0.147319,-0.97973347,-0.13571823,0.006559487,-1.6135924,-0.2215408,0.08476295,-1.8773265,-0.25928316,0.047522042,-2.171589,-0.19541161,0.33357966,-0.9918334,-0.0811943,0.32229465,-1.3142836,-0.1662418,0.24469942,-1.7861596,-0.21105509,0.2896124,-2.0294337,-0.32676455,0.483679,-0.8959097,-0.0559347,0.44276938,-1.1205298,-0.25801003,0.5645259,-1.5753264,-0.26792464,0.5896228,-1.7867861,-0.33104372,HELLO,Right,0.96,aug_HELLO_002.jpg
0.0,0.0,0.0,-0.21522269,-0.1553052,-0.01863175,-0.43076032,-0.4586373,-0.22624823,-0.29902428,-0.50629,-0.2508548,-0.089821056,-0.6779633,-0.24915142,-0.24609694,-0.8468825,-0.17757323,-0.34861374,-1.2085936,-0.06830459,-0.3510299,-1.6193815,-0.2038957,-0.3233586,-2.0057793,-0.27932972,-0.17732722,-0.9764311,-0.123034984,0.000779318,-1.2291512,-0.068359524,-0.17952092,-1.7851951,-0.22853047,-0.10203412,-2.169501,-0.18070638,0.07528086,-0.7486599,-0.049215645,0.11585196,-0.7010444,-0.118807405,0.006060399,-0.53218776,-0.25823426,0.020663189,-0.3258409,-0.1515897,0.2868605,-0.6696995,-0.08182646,0.30466372,-0.61834615,-0.14472267,0.23891748,-0.4411089,-0.16454816,0.2527037,-0.3569053,-0.22737941,2,Right,0.96,aug_2_030.jpg
0.0,0.0,0.0,-0.27292222,-0.14412361,0.06305485,-0.49205035,-0.61643976,-0.065755986,-0.3622514,-0.61708814,-0.23268549,-0.061341472,-0.6594427,-0.15397935,-0.291642,-1.055924,-0.033676576,-0.28512335,-0.6861135,-0.17908016,-0.24959105,-0.7037802,-0.1963609,-0.13605265,-0.5500196,-0.15954064,-0.14012328,-0.98844093,-0.05787774,-0.08686345,-0.7593719,-0.15688267,-0.04330539,-0.6010086,-0.102494836,-0.04745012,-0.5121616,-0.2121689,0.15226519,-0.9899279,0.0021253752,0.09528959,-0.8640724,-0.20454015,0.08817026,-0.6607622,-0.1316953,-0.022118788,-0.44907805,-0.13504072,0.2627347,-0.807279,0.051815692,0.30782038,-0.69954747,-0.079008654,0.2040279,-0.56294656,-0.17062718,0.26893553,-0.4983568,-0.15245041,S,Right,0.96,aug_S_016.jpg
0.0,0.0,0.0,-0.1339281,-0.34016496,0.0172464,-0.32837054,-0.6074811,-0.0069169644,-0.15532783,-0.7481564,-0.15238638,0.008089122,-0.74514693,-0.08481333,-0.1418589,-0.9490001,0.03333248,-0.33578202,-1.2479453,-0.03422114,-0.47133887,-1.7114569,-0.07103367,-0.61102897,-2.078157,-0.097291745,0.008328737,-0.99800795,0.06253492,0.23841065,-1.4412607,0.02254025,0.30132443,-1.6848722,-0.0026855497,0.46745697,-2.0751894,-0.09610247,0.14393622,-0.88913417,-0.017650472,0.11244671,-0.71302074,-0.0311342,0.18313165,-0.57689315,-0.08386195,0.11091779,-0.5422521,-0.11408401,0.29349834,-0.7255601,0.05335296,0.38699445,-0.64017975,-0.0705882,0.29952034,-0.58203125,-0.017581586,0.19681074,-0.538317,-0.11328277,V,Right,0.96,aug_V_002.jpg
0.0,0.0,0.0,-0.12968813,-0.25767803,-0.003906539,-0.3781311,-0.65211433,-0.08778402,-0.16257265,-0.6799249,-0.13219391,-0.019293373,-0.67779255,-0.19668478,-0.16713496,-0.9440932,-0.09813283,-0.35479805,-1.2570559,-0.13644585,-0.5097928,-1.6758988,0.012269787,-0.71038294,-2.1722274,-0.2063373,0.05050126,-0.9979713,-0.03876975,0.025618177,-1.3749505,-0.003410703,0.33207318,-1.8404232,-0.07379316,0.37350082,-2.1371472,-0.136599,0.17774926,-0.84196275,-0.020337716,0.019848444,-0.71484286,-0.0996974,0.073727444,-0.6947371,-0.06873284,0.13984683,-0.4519668,-0.18140665,0.20348123,-0.7031725,-0.001287607,0.27002853,-0.60013413,-0.06154896,0.25566292,-0.52843934,-0.14443368,0.23891227,-0.48908404,-0.12536857,V,Right,0.96,aug_V_014.jpg
0.0,0.0,0.0,-0.21271524,-0.17508891,-0.039782632,-0.39105505,-0.6722071,-0.14011858,-0.50667655,-1.2013248,-0.16496648,-0.78525156,-1.3643068,-0.20072505,-0.124875166,-1.005827,-0.07651604,-0.20483364,-1.3052114,-0.17659874,-0.29678336,-1.6437846,-0.30409417,-0.3650186,-1.4581519,-0.37280372,-0.019011598,-0.99978393,-0.008403444,-0.069062,-0.8476452,-0.16866538,-0.024624161,-0.60153335,-0.2294933,-0.053809363,-0.58123684,-0.22588886,0.12779184,-1.013246,-0.12377297,0.07465453,-0.86424464,-0.14538226,0.010026189,-0.7178106,-0.22163062,0.14022069,-0.5486744,-0.22467442,0.35556906,-0.9250628,-0.03513348,0.34824672,-0.67873335,-0.024828583,0.1909296,-0.6674331,-0.17551036,0.19823655,-0.54331636,-0.23206966,T,Right,0.96,aug_T_027.jpg
0.0,0.0,0.0,-0.120746724,-0.26673535,0.017472364,-0.36067882,-0.46762642,-0.1529126,-0.55281854,-0.6739463,-0.19704255,-0.29344097,-0.8755138,-0.2605339,-0.18229938,-0.95096684,-0.021142067,-0.19013925,-1.3729928,-0.12958165,-0.26745635,-1.8524034,-0.18482988,-0.48426497,-2.1994975,-0.21583313,0.068393685,-0.99644285,-0.04923296,-0.08762386,-1.3635216,-0.30668852,-0.07976725,-1.607887,-0.23337881,-0.084723815,-1.454034,-0.35445997,0.18531823,-0.9173173,-0.044700366,0.14711757,-1.2317814,-0.23327102,0.22545901,-1.4478052,-0.40110502,0.050655115,-1.4089422,-0.45643717,0.3567453,-0.6053778,-0.034342617,0.5244983,-1.123576,-0.25336486,0.3463627,-1.3742162,-0.28107807,0.24045934,-1.3513795,-0.16637793,D,Right,0.96,aug_D_014.jpg
0.0,0.0,0.0,-0.23493661,-0.3321761,0.014561389,-0.30935642,-0.6919216,-0.0676462,-0.73471344,-0.7463241,-0.09428559,-0.9620021,-0.840041,-0.14092463,-0.18630661,-0.9690407,-0.03166253,-0.21703821,-0.8708747,-0.053419136,-0.18046096,-0.69114053,-0.16444452,-0.041127462,-0.48053515,-0.17789643,0.03328307,-0.99670416,-0.0739798,-0.05297974,-0.76376456,-0.0101734735,-0.012660251,-0.6931733,-0.16422282,-0.06748332,-0.56907815,-0.1941164,0.13597271,-0.9116412,-0.038760595,0.086567335,-0.7525913,-0.12729259,0.08941952,-0.67341876,-0.07971845,0.0306823,-0.5076296,-0.19580474,0.32657152,-0.76344484,0.023668736,0.45823246,-1.1852492,-0.113182046,0.6531971,-1.3188604,-0.07341185,0.66704243,-1.679248,-0.20570359,Y,Right,0.96,aug_Y_004.jpg
0.0,0.0,0.0,-0.36082387,-0.37630492,-0.058425475,-0.46104324,-0.64679635,-0.11007201,-0.21061686,-0.66552144,-0.26466873,-0.124988936,-0.78787625,-0.22517312,-0.3155935,-0.98917145,-0.13957855,-0.34429204,-1.4304334,-0.27105325,-0.27365404,-1.6934875,-0.18088421,-0.42399493,-2.1615305,-0.115940265,-0.019668661,-0.9996043,-0.020109188,-0.10995254,-1.5585076,-0.13905537,-0.11222586,-1.8617855,-0.17261882,-0.12393463,-2.2354155,-0.20210631,1.5404328e-05,-0.9580298,-0.14112253,0.15057997,-1.467748,-0.05698148,0.1719991,-1.7227231,-0.29763618,0.0803703,-2.016084,-0.25783136,0.20337474,-0.70913583,-0.0389106,0.22560409,-1.266346,-0.13460903,0.3065784,-1.4624081,-0.18922132,0.34458742,-1.6928031,-0.16208987,B,Right,0.96,aug_B_020.jpg
0.0,0.0,0.0,-0.060767837,-0.19459964,0.016686073,-0.2621287,-0.60011667,-0.058042184,-0.101784386,-0.6763802,-0.2512602,0.10326863,-0.84051,-0.15959628,-0.16646858,-1.0458517,-0.21123116,-0.35512054,-1.5496702,-0.1086838,-0.5832603,-1.9684743,-0.21244304,-0.81101394,-2.4271772,-0.23477437,0.09626494,-0.9927989,-0.07129855,0.073908955,-1.5368187,-0.14123602,0.06361933,-1.9516706,-0.2184344,0.16384882,-2.4318364,-0.1275663,0.2901201,-0.8858001,-0.17002112,0.5204557,-1.400927,-0.16040723,0.6453259,-1.9179014,-0.20148642,0.7422873,-2.2364168,-0.14679053,0.4666357,-0.86899436,-0.13031588,0.4491113,-0.6910946,-0.19205949,0.34388912,-0.44534233,-0.25880083,0.29374012,-0.37426493,-0.23856616,W,Right,0.96,aug_W_010.jpg
0.0,0.0,0.0,-0.3002618,-0.34404188,-0.020273391,-0.38079324,-0.5937953,-0.14881502,-0.7108585,-0.8928213,-0.105354294,-1.0644932,-0.8730283,-0.30202428,-0.1367114,-1.0380006,-0.09333065,-0.27434632,-1.5347531,-0.123482265,-0.375531,-1.9169981,-0.13918993,-0.43267715,-2.3028617,-0.29350626,-0.07562686,-0.98988193,-0.120059654,-0.088674776,-1.4359442,-0.23608942,0.033176538,-1.6951303,-0.2911372,-0.1359265,-1.4895803,-0.34473017,0.13502522,-0.8535534,-0.07730204,0.07119565,-0.86328804,-0.26603994,0.14358643,-0.817573,-0.21516979,0.03701449,-0.41141096,-0.31980008,0.28363082,-0.83407795,-0.08290445,0.2560239,-0.7354159,-0.23926586,0.26023012,-0.72054577,-0.2163185,0.15760823,-0.4337787,-0.11425808,P,Right,0.96,aug_P_020.jpg
0.0,0.0,0.0,-0.027079225,-0.27544975,-0.034962706,-0.15342526,-0.48823106,-0.124838725,-0.5771572,-0.73907274,-0.23441869,-0.8222527,-0.9202068,-0.26634175,0.05376535,-0.9162738,-0.14438751,-0.1682288,-1.3923761,-0.12577166,-0.146252,-1.7528704,-0.18855768,-0.17760071,-2.0745208,-0.21725063,0.113724895,-0.9861242,-0.12093689,0.14905314,-1.280523,-0.2754452,0.06425875,-1.6127285,-0.42926493,-0.08497239,-1.4869667,-0.42947438,0.32508272,-0.9461629,-0.12001875,0.3002879,-0.79689336,-0.23851128,0.18279321,-0.6674504,-0.18251188,0.23679082,-0.36242586,-0.2972316,0.56366915,-0.79139197,-0.14826974,0.5843899,-0.7064289,-0.12533736,0.3890481,-0.5834778,-0.33500242,0.35114348,-0.49526596,-0.2731949,P,Right,0.96,aug_P_007.jpg
0.0,0.0,0.0,-0.30125344,0.39599478,-0.09316543,-0.70749754,0.5777156,-0.1552704,-1.064568,0.36077037,-0.24854776,-1.2594512,-0.0060234624,-0.32060584,-1.0093987,0.3718886,0.086030155,-1.3031307,0.34405178,-0.13714243,-1.0380133,0.3505997,-0.28721005,-0.80696297,0.3349041,-0.34419325,-0.9972314,0.053247828,0.05190559,-1.2690321,-0.051907286,-0.1736457,-0.9086098,0.0207366,-0.25713977,-0.6723127,0.059230577,-0.24591023,-0.95308673,-0.2617311,-0.022744946,-1.2205583,-0.3671846,-0.24094166,-0.87367284,-0.22313967,-0.216369,-0.6352332,-0.13732943,-0.12286137,-0.862248,-0.5675302,-0.107996814,-1.1296636,-0.60545784,-0.2140943,-0.91346365,-0.48167056,-0.15085302,-0.7309592,-0.41191477,-0.05947785,S,Right,0.95,63.jpg
0.0,0.0,0.0,-0.23886174,-0.19474274,-0.19473003,-0.44950956,-0.47305053,-0.22130115,-0.50919634,-0.707484,-0.16190082,-0.24148309,-0.7928626,-0.19500192,-0.27639773,-0.92348236,-0.16337788,-0.37077144,-1.408836,-0.24307261,-0.23020782,-1.8371881,-0.28829414,-0.27767032,-2.1979306,-0.2438105,-0.008718609,-0.9833363,-0.18158665,-0.0042869886,-1.3952453,-0.35576484,-0.08624811,-1.5516392,-0.3743711,-0.13144547,-1.4825523,-0.5626313,0.08734571,-0.92983264,-0.23230813,0.12702696,-1.3247943,-0.34020168,0.19124961,-1.5330895,-0.35167718,0.023894928,-1.3071681,-0.39420187,0.3129554,-0.6594004,-0.19356805,0.35801277,-1.1765459,-0.2822075,0.34451282,-1.4782783,-0.36433372,0.23739606,-1.2928574,-0.46312287,D,Right,0.96,aug_D_011.jpg
0.0,0.0,0.0,0.018236702,-0.23964556,-0.13812502,-0.37201303,-0.68749636,-0.007826045,-0.46859047,-0.71842897,-0.16463833,-0.35051388,-0.91524893,-0.25360358,-0.2166487,-0.885093,-0.04208342,-0.08525103,-1.235573,-0.18302263,-0.24726595,-1.6376352,-0.21067934,-0.36447874,-1.4768432,-0.37541053,0.06332504,-0.9971824,-0.04021514,0.08517337,-1.5587409,-0.07008726,0.08582677,-1.852669,-0.09994478,0.06789217,-2.3185873,-0.25661123,0.31805873,-0.9525222,-0.05864712,0.2662499,-1.4560728,-0.14431743,0.2326152,-1.7939678,-0.09842387,0.29183176,-2.0707357,-0.16497032,0.4082659,-0.72867435,0.004445157,0.526318,-1.1958417,-0.11749765,0.50779927,-1.548312,-0.067855,0.5897402,-1.955065,-0.17740645,F,Right,0.96,aug_F_017.jpg
0.0,0.0,0.0,-0.2679923,-0.32770902,-0.113880284,-0.2881205,-0.645512,-0.14564638,-0.46439722,-1.0746057,-0.18268378,-0.5823014,-1.3534379,-0.20929871,-0.11078041,-1.0377738,-0.10516948,-0.16228668,-1.2240721,-0.23498055,-0.22438678,-1.5406553,-0.28662583,-0.2846578,-1.4604188,-0.33791992,0.08570136,-0.9935698,-0.07398889,0.09727955,-0.8848025,-0.15244067,0.11979207,-0.663759,-0.24818781,0.025567973,-0.49684843,-0.14182083,0.33844596,-0.8184986,-0.10357059,0.14373569,-0.85007,-0.14881168,0.34018672,-0.6303979,-0.19726723,0.14289707,-0.48299938,-0.24715964,0.4205354,-0.78586376,-0.061000727,0.36000997,-0.65730923,-0.21904309,0.37390697,-0.5045712,-0.23044373,0.24526577,-0.5340085,-0.2752296,T,Right,0.96,aug_T_002.jpg
0.0,0.0,0.0,-0.20486107,-0.35535657,0.007925027,-0.4024426,-0.57022053,-0.03341515,-0.7814297,-0.75159436,-0.07693596,-0.9385273,-0.92460495,-0.12958822,-0.21611683,-0.8192519,-0.0017241274,-0.29608324,-1.3209367,0.038799696,-0.3588993,-1.6154027,-0.052920505,-0.3192629,-1.9392456,-0.123227105,-0.09992586,-0.9946895,0.024647232,-0.1178694,-1.2667285,-0.09869185,-0.124608286,-1.3595572,-0.10987763,-0.13900457,-1.2300568,-0.1568504,-0.009792849,-0.82647705,0.018466951,0.04142367,-0.7571488,-0.15801282,0.0024452566,-0.6481785,-0.08191539,-0.024396654,-0.43947765,-0.030605614,0.18650141,-0.78441674,0.026514454,0.21460803,-0.65046227,-0.13021499,0.162527,-0.547715,-0.08177995,0.09650908,-0.4195629,-0.075364955,K,Right,0.96,aug_K_027.jpg
0.0,0.0,0.0,-0.25464755,-0.22937198,-0.06961224,-0.36557513,-0.6351403,-0.14976153,-0.20409736,-0.6681889,-0.20395155,-0.016542492,-0.7399046,-0.1904953,-0.16634199,-0.8470635,0.036132317,-0.29972637,-1.3054413,-0.14180717,-0.37706742,-1.8490072,-0.046942033,-0.41899246,-2.0846596,-0.22816171,-0.026880033,-0.9928291,-0.11648119,-0.04032639,-1.5351717,-0.13589047,-0.17550686,-1.8882674,-0.1262049,-0.16795623,-2.2891164,-0.18000185,0.08421986,-0.7788391,0.05000274,0.11121928,-1.2969666,-0.051729206,0.12556423,-1.7594591,-0.13632679,0.14808778,-2.0126584,-0.15641479,0.25004044,-0.81300026,-0.04148499,0.3545353,-1.2121233,-0.042244855,0.28435433,-1.489788,-0.14935976,0.3445179,-1.7985078,-0.08063049,4,Right,0.96,aug_4_011.jpg
0.0,0.0,0.0,-0.27124485,-0.27400994,0.11110473,-0.3329382,-0.56549054,-0.095011085,-0.06765073,-0.73647326,-0.049935617,-0.00418812,-0.6735399,0.0055313096,-0.16176328,-0.8956676,0.250403,-0.30597812,-1.5100366,-0.1329288,-0.5256271,-1.8746727,0.023394452,-0.89486617,-2.260551,-0.07635153,0.13962026,-0.98470473,0.10422489,-0.0024198403,-1.5383714,0.042308606,0.0015578341,-1.9299929,-0.0012417593,-0.0138092125,-2.304503,-0.1609374,0.2117414,-0.899504,-0.055733707,0.28446475,-1.5157787,0.031309105,0.45314756,-1.7706084,0.054100037,0.6908811,-2.1669524,-0.09834685,0.3608146,-0.8273401,0.114949316,0.44401497,-0.5813144,-0.090897195,0.37946674,-0.5141079,0.014203975,0.28137708,-0.39079812,-0.05089171,W,Right,0.96,aug_W_017.jpg
0.0,0.0,0.0,-0.2673006,-0.25088304,0.062135614,-0.38862172,-0.5624211,-0.0606155,-0.151941,-0.63515663,-0.068888485,0.0064164856,-0.7234038,-0.10997436,-0.12192742,-0.9002191,0.053655155,-0.34723723,-1.3142705,0.03511817,-0.5542318,-1.7008051,-0.0680955,-0.6765284,-2.114552,-0.1733855,-0.06616618,-0.9977712,-0.008652731,0.108800046,-1.3462691,0.04634372,0.25787106,-1.729299,-0.058744393,0.47559884,-2.2074232,-0.16668557,0.19716759,-0.87714195,0.05541982,0.1986027,-0.7631894,-0.06827712,0.20754747,-0.62226456,-0.14022811,0.11210843,-0.5074436,-0.14121665,0.33476225,-0.7087028,-0.030582499,0.22709394,-0.6698423,-0.11278722,0.17969115,-0.53759104,-0.042586934,0.24262923,-0.45814323,-0.033561062,V,Right,0.96,aug_V_009.jpg
0.0,0.0,0.0,-0.18218349,-0.34319103,0.014931828,-0.35564095,-0.6120792,-0.15509382,-0.19067197,-0.69245505,-0.07941397,0.057307683,-0.7642481,-0.21228309,-0.20086032,-0.9416487,-0.030520085,-0.24269123,-1.2842327,-0.032160696,-0.31705815,-1.5659966,-0.15420547,-0.20442022,-1.8519695,-0.16451417,-0.07559698,-0.9971383,0.0005446122,-0.03142076,-1.3325349,0.024084948,-0.06645084,-1.7502425,-0.1105958,0.024210809,-2.091575,-0.1575219,0.19267386,-0.94086796,-0.029672643,0.14169815,-1.2521862,-0.0466612,0.17771913,-1.6214831,-0.14344019,0.23480041,-1.834235,-0.11938078,0.29746357,-0.70691675,-0.059565786,0.28873035,-1.0641123,-0.02689274,0.3212324,-1.4036772,-0.12743855,0.44119537,-1.6259004,-0.22184253,B,Right,0.96,aug_B_029.jpg
0.0,0.0,0.0,0.057046346,-0.23033343,-0.061750982,-0.26739997,-0.5532181,-0.085430674,-0.610051,-0.8002664,-0.08403541,-0.94217193,-0.97409093,-0.21242374,-0.11454163,-1.0067548,0.03536228,-0.039646424,-1.421478,-0.05146627,-0.18516465,-1.9382764,-0.10328062,-0.17746457,-2.2396212,-0.22092834,0.06675016,-0.99770534,-0.011333269,0.20816019,-0.8624672,-0.12802118,0.14070007,-0.6568291,-0.11119744,0.21065782,-0.5454248,-0.18551876,0.40660277,-0.8932968,-0.009310208,0.30251208,-0.7309873,-0.0892247,0.29519793,-0.6247745,-0.08202077,0.21995357,-0.48200718,-0.070345186,0.5403652,-0.7723838,0.020114366,0.4869766,-0.7154218,-0.09747919,0.37986434,-0.42515585,-0.14559,0.32469913,-0.4568267,-0.11574907,L,Right,0.96,aug_L_029.jpg
0.0,0.0,0.0,-0.24392708,-0.14918765,-0.024355983,-0.40575308,-0.53911936,-0.19654778,-0.22423825,-0.5696335,-0.26944336,-0.12702858,-0.62795717,-0.16900882,-0.28918627,-0.88995993,-0.15198806,-0.20866197,-1.3653239,-0.07089493,-0.3264939,-1.5792682,-0.18464917,-0.36517304,-2.0858824,-0.2885258,-0.031000927,-0.997231,-0.06759664,-0.009226337,-0.6894722,-0.17794998,-0.14564666,-0.52700704,-0.116372004,-0.097042315,-0.46471116,-0.21434812,0.14261308,-0.75164455,-0.12066765,-0.009729129,-0.5621381,-0.15238164,0.08216102,-0.5900501,-0.16109475,0.07554068,-0.40682733,-0.095456034,0.27038458,-0.6987201,-0.043478623,0.26820025,-0.58550894,-0.21047452,0.21647318,-0.48592073,-0.21729057,0.15805118,-0.42928538,-0.24638256,Z,Right,0.96,aug_Z_011.jpg
0.0,0.0,0.0,-0.19850439,-0.21884838,-0.05321219,-0.35274518,-0.5482329,-0.025945056,-0.13255575,-0.6981313,-0.11889158,0.04926696,-0.62847835,-0.11863434,-0.1510578,-0.8376439,-0.058685314,-0.10756713,-0.7280473,-0.19341485,-0.054172873,-0.5720486,-0.17902304,-0.08790384,-0.4540152,-0.15302123,-0.029305918,-0.995508,-0.09002767,0.042223316,-0.74790007,-0.063334554,0.01889234,-0.5213039,-0.20120801,-0.0004476744,-0.4342229,-0.17269464,0.18385312,-0.8720614,-0.117248625,0.1858405,-0.6687844,-0.15355256,0.17266959,-0.57400966,-0.10723286,0.04079641,-0.44134015,-0.17580645,0.37895155,-0.61561275,-0.040885024,0.36582336,-0.6165681,-0.06554318,0.3227993,-0.49566358,-0.18618894,0.26537848,-0.42542604,-0.15505864,N,Right,0.96,aug_N_018.jpg
0.0,0.0,0.0,-0.20520613,-0.28276676,-0.061243188,-0.32837072,-0.50517076,-0.10815504,-0.21910486,-0.66677594,-0.26918507,-0.07745184,-0.6316241,-0.22493628,-0.1227494,-0.8674804,-0.03748973,-0.24529338,-1.4025518,-0.11449877,-0.2428691,-1.7292618,-0.08918809,-0.43034124,-2.1014724,-0.08883286,-0.060787845,-0.99808025,0.01185787,0.0037769761,-0.7520419,-0.17292075,-0.07490959,-0.61218834,-0.15079622,-0.0862844,-0.4910781,-0.17271766,0.17700359,-0.84614056,-0.1354567,0.057195954,-0.8042109,-0.11449965,0.11555502,-0.6229727,-0.20020974,0.028932992,-0.48911798,-0.2193058,0.21950307,-0.8617785,0.0069521423,0.26476955,-0.6523572,-0.07871183,0.13205412,-0.6317269,-0.16671939,0.16878106,-0.5459429,-0.16798799,Z,Right,0.96,aug_Z_023.jpg
0.0,0.0,0.0,-0.30211428,-0.17775616,0.045840573,-0.4641757,-0.35491568,-0.046350725,-0.25154313,-0.5912873,-0.19757134,-0.12105659,-0.6733516,-0.19267708,-0.29114118,-0.87514055,-0.009657569,-0.36804673,-1.469508,-0.06532161,-0.4441618,-1.8586363,-0.16261014,-0.2899011,-2.3187003,-0.2296317,-0.11529682,-0.99277663,0.03318577,-0.0968556,-0.8420885,-0.04246508,-0.06513791,-0.53116953,-0.14125085,-0.15671535,-0.40426916,-0.13081695,0.08361081,-0.8442811,0.005248058,-0.01760036,-0.77320206,-0.26996905,0.085672095,-0.4415045,-0.22348113,0.008968514,-0.34180444,-0.16482121,0.2672889,-0.6165352,-0.015948694,0.26166466,-0.6170912,-0.09389929,0.18730313,-0.35864407,-0.10403672,0.17435536,-0.34905258,-0.23290157,Z,Right,0.96,aug_Z_026.jpg
0.0,0.0,0.0,-0.06650835,-0.15615404,-0.0009630713,-0.271957,-0.65051085,-0.10766848,-0.37313235,-0.7693383,-0.14245363,-0.1843473,-0.7510657,-0.22291298,-0.06505094,-0.9626004,-0.07813784,-0.19045475,-1.1891999,-0.24423362,-0.17231867,-1.4730126,-0.24221198,-0.26877093,-1.3988918,-0.32313928,0.18577951,-0.9824815,0.014698689,0.15427929,-1.2794077,-0.21416895,0.09064428,-1.5301126,-0.20494385,-0.077308886,-1.3573825,-0.30432463,0.31045327,-0.8155138,-0.09178962,0.24706955,-1.1886916,-0.1254739,0.23700167,-1.3419454,-0.27805704,0.12617621,-1.2630128,-0.3342511,0.4390834,-0.7092081,0.0029550747,0.4826024,-1.1075083,-0.07555718,0.4597396,-1.3476565,-0.20504338,0.32426232,-1.1684848,-0.2777054,O,Right,0.96,aug_O_015.jpg
0.0,0.0,0.0,-0.16020091,-0.36101952,0.051338635,-0.52268046,-0.5270155,-0.08253992,-0.24428894,-0.78282243,-0.22005552,-0.038394082,-0.73637664,-0.1060579,-0.2109854,-0.9616826,-0.027767077,-0.23333521,-0.8508593,-0.14614859,-0.1337058,-0.70522666,-0.21487637,-0.10231089,-0.57498825,-0.18030354,-0.059687674,-0.997787,0.029296711,-0.059629016,-0.79790944,-0.12900478,-0.050665442,-0.6539683,-0.1142877,-0.038847998,-0.44201016,-0.19332585,0.077805236,-0.9412287,-0.13035609,0.092374936,-0.8135443,-0.038911324,0.19979462,-0.6495776,-0.119115,0.04146227,-0.5945403,-0.15721646,0.36248857,-0.8459536,-0.097077824,0.34826598,-0.79463357,-0.1090726,0.23191111,-0.53024316,-0.13154833,0.15425207,-0.5320865,-0.104904644,M,Right,0.96,aug_M_018.jpg
0.0,0.0,0.0,0.1705572,-0.5110547,-0.22030392,0.67852855,-0.88432497,-0.29113415,1.0845096,-1.0866171,-0.35479,1.3390994,-1.3482825,-0.3711118,1.0206221,-0.5623951,-0.11773907,1.2969373,-0.4475899,-0.30395564,0.94648623,-0.42884928,-0.33404323,0.80761313,-0.47572815,-0.31376696,0.9803649,-0.17677309,-0.08738371,1.1530908,-0.026299186,-0.30833778,0.74601406,-0.14355879,-0.32428885,0.6869517,-0.27012318,-0.27986032,0.893888,0.18190008,-0.099642776,1.0222375,0.31870416,-0.3781509,0.61982,0.16662215,-0.34201726,0.46917754,0.021196209,-0.2313301,0.8078067,0.5165016,-0.123373896,1.1693801,0.68327546,-0.26806992,1.3500824,0.777878,-0.24869601,1.5405236,0.86351955,-0.19161344,Y,Right,0.95,286.jpg
0.0,0.0,0.0,0.5527447,-0.059903894,0.07783034,0.92055446,-0.22327171,0.08163277,1.2626966,-0.26940528,0.027347974,1.5822268,-0.27453667,-0.021353168,0.46323013,-0.85381484,0.24320091,1.0228255,-0.87037647,0.11916906,1.4394088,-0.8433487,-0.025902715,1.7525141,-0.80163383,-0.12504373,0.39656943,-0.912252,0.10261037,1.0642239,-0.93986046,-0.016012914,1.4959072,-0.90702236,-0.13177696,1.8400464,-0.8589442,-0.20692913,0.40805933,-0.88879585,-0.062625475,1.0691346,-0.9340079,-0.17888491,1.4919455,-0.90218234,-0.2395314,1.8114349,-0.85907215,-0.26712707,0.48322558,-0.79912317,-0.23339087,1.0235904,-0.8876378,-0.32150373,1.3612307,-0.8844145,-0.33630982,1.6392307,-0.85941,-0.333918,C,Right,0.95,488.jpg
0.0,0.0,0.0,-0.1963978,-0.22023271,0.06920319,-0.47753224,-0.51780146,-0.016502729,-0.75143516,-0.8387498,-0.099779606,-0.9577493,-0.8841747,-0.06378691,-0.28433558,-0.99046475,-0.085004084,-0.18679108,-1.3348871,-0.04819949,-0.31977856,-1.7355491,-0.12103121,-0.30368516,-1.9760815,-0.20293696,-0.050817978,-0.98761165,-0.14846122,0.018214762,-1.3238524,-0.12406783,-0.10348778,-1.5275102,-0.24070881,-0.15672363,-1.3581055,-0.25783366,0.0689948,-0.89207715,0.050608765,0.093526006,-0.71500427,-0.019376164,0.15046574,-0.5959257,-0.1334719,0.048126478,-0.49603772,-0.071453445,0.36020675,-0.76316833,-0.027582856,0.28479472,-0.649584,-0.11974095,0.17483205,-0.5064511,-0.16644341,0.15986793,-0.46964505,-0.17966366,K,Right,0.96,aug_K_011.jpg
0.0,0.0,0.0,-0.1122042,-0.35522196,0.04405836,-0.34545705,-0.61022586,0.12009567,-0.1490956,-0.67240816,0.03844891,0.09851421,-0.79588825,-0.032680158,-0.082058534,-1.0137607,0.16461189,-0.20491223,-1.4055686,0.13358666,-0.17967515,-1.8407667,-0.04890974,-0.29510954,-2.1216974,-0.016904276,0.048154578,-0.99859583,0.022077817,0.06647487,-1.5763508,0.011362885,0.05280776,-1.7435284,0.07359053,0.019455235,-2.217879,-0.07649872,0.3432908,-0.977621,0.135532,0.32894236,-0.81350845,0.13886394,0.21211696,-0.66390026,-0.053727053,0.24737515,-0.5506627,0.097395584,0.40762478,-0.81918967,0.18395749,0.39062262,-0.6886866,-0.03150675,0.357344,-0.5488572,0.0876034,0.28035626,-0.46043837,0.05977045,R,Right,0.96,aug_R_004.jpg
0.0,0.0,0.0,-0.17590325,-0.3389312,0.09263682,-0.53191704,-0.6760855,0.039559335,-0.54701126,-0.8492646,-0.035164785,-0.4722417,-0.9508106,-0.1215647,-0.1407146,-1.0717955,0.017362095,-0.33465552,-1.5107867,0.019146811,-0.29414693,-1.8642727,-0.09114765,-0.35814455,-2.2857113,-0.06761908,-0.023442676,-0.9996423,0.0128701795,-0.100929074,-1.4508849,-0.042482536,-0.11413457,-1.6443894,-0.16660176,-0.22484931,-1.5400165,-0.27917168,0.13576838,-1.0592328,0.02933609,0.17952003,-1.3366808,-0.074770935,0.09067289,-1.6111163,-0.27910826,-0.03350965,-1.4660928,-0.3188126,0.21297032,-0.78893507,0.03617663,0.32574227,-1.2530303,-0.16692127,0.24257156,-1.4380327,-0.23436114,0.1546739,-1.419267,-0.29676393,D,Right,0.96,aug_D_007.jpg
0.0,0.0,0.0,-0.15867297,-0.30839455,-0.08794028,-0.35463002,-0.60346913,-0.22992373,-0.24716477,-0.67580646,-0.24222066,-0.012086429,-0.8057769,-0.25418118,-0.15073533,-1.1012688,-0.08975415,-0.21826106,-1.5039536,-0.12721244,-0.25149134,-1.9541999,-0.24502745,-0.18617024,-2.331304,-0.249508,0.05288966,-0.990956,-0.12332411,-0.045976683,-0.961762,-0.095552795,-0.048293523,-0.6935866,-0.29625842,-0.07248451,-0.5617861,-0.29392937,0.1686922,-0.8685013,-0.06616058,0.21526162,-0.7907508,-0.19544008,0.13440743,-0.677283,-0.22869846,0.07765667,-0.536889,-0.28028113,0.3959194,-0.8591483,-0.16603614,0.21825142,-0.7964738,-0.08311097,0.28949144,-0.5479283,-0.36390245,0.19915856,-0.57527655,-0.25056034,Z,Right,0.96,aug_Z_033.jpg
0.0,0.0,0.0,-0.1634234,-0.3908225,-0.23298791,-0.41088653,-0.71551514,-0.0951727,-0.633267,-0.7977473,-0.32733536,-0.9639873,-0.9026406,-0.23965743,-0.16688897,-0.96317035,-0.038043175,-0.21440712,-1.4256287,-0.15728945,-0.12117901,-1.8884321,-0.17524068,-0.29614314,-2.0979826,-0.28911242,0.012858939,-0.99914354,0.0393289,0.057749294,-1.5609856,-0.1895746,-0.008326379,-1.9598243,-0.22831865,0.053809896,-2.3253672,-0.19975866,0.21557601,-0.9875661,-0.1311407,0.31739765,-1.347188,-0.1669177,0.22122647,-1.7308031,-0.2378348,0.12342839,-1.9333992,-0.2465428,0.38548318,-0.82118815,-0.16223316,0.39853933,-1.294787,-0.04810259,0.38726458,-1.5706184,-0.23408939,0.51939934,-1.8213569,-0.3194284,5,Right,0.96,aug_5_014.jpg
0.0,0.0,0.0,-0.1902582,-0.3226524,-0.04514022,-0.34343356,-0.47547406,-0.119864516,-0.48595074,-0.961507,-0.16213752,-0.67129606,-1.2548305,-0.29541147,-0.21780957,-0.9013691,-0.098207764,-0.2570246,-1.27488,-0.15025361,-0.2948739,-1.4899151,-0.30046973,-0.42606807,-1.3821566,-0.4799245,-0.04517882,-0.98500913,-0.1664809,0.0039269384,-0.8193995,-0.12137864,0.112544596,-0.6294603,-0.21598773,0.0693181,-0.49389827,-0.21365917,0.10810878,-0.8647904,-0.03528313,0.07847299,-0.84756035,-0.12295698,0.121057674,-0.66797644,-0.23087442,0.0645482,-0.548624,-0.31706047,0.4552454,-0.6707834,-0.11638661,0.45420265,-0.6001697,-0.19433886,0.39143088,-0.64656067,-0.24709849,0.3200183,-0.46742663,-0.17363805,T,Right,0.96,aug_T_012.jpg
0.0,0.0,0.0,-0.27779958,-0.2842926,-0.06347518,-0.41233268,-0.6785187,-0.081698224,-0.28617638,-0.6623748,-0.17317435,-0.027580792,-0.7455978,-0.06778585,-0.22435158,-1.1220832,0.047012947,-0.36112958,-1.463598,-0.102870815,-0.39993843,-1.7190324,-0.25808117,-0.47951946,-1.5758034,-0.27235284,0.045394924,-0.9989279,0.009071147,-0.070749514,-0.9573764,-0.2639929,0.03366248,-0.66938835,-0.19989279,-0.14494038,-0.60181504,-0.28096834,0.25897038,-0.9438709,-0.102778256,0.22042632,-0.8751031,-0.10346727,0.14315176,-0.6867572,-0.1929192,0.07385472,-0.5474394,-0.15967265,0.39023718,-0.863187,0.042154726,0.27227965,-0.70778376,-0.14493026,0.22018217,-0.59745884,-0.21445793,0.26199007,-0.4861017,-0.092232026,X,Right,0.96,aug_X_011.jpg
0.0,0.0,0.0,-0.20001316,-0.25740764,0.00699146,-0.27485418,-0.61060596,-0.14816841,-0.26111585,-0.67445797,-0.23065312,-0.06307957,-0.66456085,-0.056400992,-0.2452325,-1.0067991,-0.07788153,-0.40594676,-1.3404858,-0.07638912,-0.6405865,-1.902698,-0.13124502,-0.8461292,-2.3484552,-0.23144345,-0.08693462,-0.9961238,-0.01340996,-0.086510986,-1.5658629,-0.07429433,-0.011882091,-1.9991996,-0.19277084,0.04126769,-2.3298643,-0.20919488,0.27375358,-0.941245,-0.1857598,0.35243076,-1.5654196,-0.08357564,0.5189001,-1.80422,-0.14733143,0.7136857,-2.227577,-0.19014701,0.3564499,-0.7733649,-0.07373284,0.27850696,-0.62572867,0.03331104,0.31347945,-0.5200653,-0.044578925,0.17181523,-0.43121487,-0.10448401,W,Right,0.96,aug_W_001.jpg
0.0,0.0,0.0,-0.072072044,-0.28507245,-0.098554894,-0.1912373,-0.61679304,-0.05807513,0.043265916,-0.72758037,-0.15079427,0.23886193,-0.766447,-0.15553203,-0.06806868,-0.9301822,-0.08021678,-0.048794862,-1.421242,-0.16723457,-0.17554383,-1.9027252,-0.08521835,-0.25275,-2.2268484,-0.15349664,0.16021861,-0.9736658,-0.16218807,0.18544763,-0.865687,-0.23394197,0.08827531,-0.57341343,-0.15891936,0.1966083,-0.46445608,-0.27335304,0.35638368,-0.8879227,-0.07462492,0.3726872,-0.8425314,-0.14017124,0.31717363,-0.6200436,-0.21184634,0.30458847,-0.4950026,-0.2895753,0.6396809,-0.86239517,0.058941454,0.47700432,-0.7311864,-0.124380045,0.39794037,-0.67607105,-0.20158106,0.4117672,-0.3832131,-0.2638336,Z,Right,0.96,aug_Z_012.jpg
0.0,0.0,0.0,0.088700496,-0.61377287,-0.20875631,0.60062486,-0.9827843,-0.23081674,1.0913626,-1.036922,-0.24158135,1.403524,-1.0655682,-0.20289728,0.9575644,-0.72794753,0.030531473,1.2665379,-0.6450507,-0.20414545,0.8840133,-0.60061795,-0.28848547,0.7741786,-0.62231684,-0.30399507,0.94285816,-0.328767,0.054135513,1.2006894,-0.25706035,-0.20785709,0.7354558,-0.29947275,-0.2422232,0.70056593,-0.36217514,-0.19275294,0.89598197,0.03266363,0.018641084,1.113675,0.110051796,-0.2802227,0.6672259,0.025007498,-0.21049117,0.6083122,-0.03720428,-0.07947383,0.85028744,0.39512348,-0.032921582,1.0173011,0.4426574,-0.20027755,0.69137627,0.3520014,-0.1340601,0.58553714,0.27495784,-0.03582698,A,Right,0.95,459.jpg
0.0,0.0,0.0,-0.16228968,-0.41111147,0.079603694,-0.30245417,-0.5699855,-0.08789549,-0.16124503,-0.7568427,-0.03832266,0.07551901,-0.86030865,-0.12376696,-0.07860494,-0.91164446,0.04565082,-0.15941153,-1.4318372,0.036789145,-0.27024147,-1.800139,-0.048219107,-0.2742344,-2.0172777,-0.076114476,0.12599689,-0.9889561,0.0780422,-0.002284378,-1.4330621,-0.030721301,0.015629753,-1.8481525,0.018685644,0.040046714,-2.218385,-0.066411145,0.18542813,-0.9657135,0.17039324,0.10511684,-0.70688003,-0.09925096,0.19708844,-0.6801477,-0.06348702,0.05466186,-0.6251316,-0.0619567,0.28533664,-0.858952,0.02041881,0.26792717,-0.7753102,-0.07923388,0.18152282,-0.6617323,-0.03322439,0.29722124,-0.39441985,-0.07058876,R,Right,0.96,aug_R_006.jpg
0.0,0.0,0.0,-0.30929175,0.21575959,0.17864801,-0.613169,0.2649338,0.26501298,-0.88278276,0.24810682,0.32138556,-1.0570774,0.1962801,0.38807383,-0.975407,0.15334201,0.21926993,-1.1630346,0.041523546,0.33883208,-1.0421028,0.010741037,0.42521077,-0.92409223,0.020538155,0.48164177,-0.98626566,-0.033780918,0.16167565,-1.087977,-0.13652886,0.320393,-0.9445305,-0.12781811,0.37485605,-0.8257784,-0.096597716,0.3831356,-0.9110499,-0.21169558,0.12293394,-1.0369805,-0.28957033,0.2594952,-0.92844296,-0.2699582,0.29896614,-0.80012184,-0.23155393,0.2921743,-0.7961105,-0.37288806,0.10136533,-0.944174,-0.45098135,0.23603594,-0.8718045,-0.42948726,0.3143532,-0.7666217,-0.38685152,0.35527357,1,Right,0.95,1_020.jpg
0.0,0.0,0.0,-0.1593075,-0.26497585,-0.1698921,-0.48537892,-0.562013,-0.19926816,-0.7593125,-0.7821254,-0.17745778,-1.0612069,-0.88852847,-0.19046746,-0.28531048,-0.91771424,-0.13134986,-0.27858162,-1.4095837,-0.110168435,-0.31494662,-1.7119461,-0.17888665,-0.4080129,-2.106494,-0.20582512,0.007414332,-0.98754436,-0.15716617,0.08432181,-0.8263131,-0.2430736,-0.0020397645,-0.6571538,-0.24673943,-0.03554642,-0.4704045,-0.24509977,0.23585078,-0.8927978,-0.13401796,0.15406178,-0.78596133,-0.18358134,0.047640987,-0.59173816,-0.22229542,0.05003264,-0.45381352,-0.17829104,0.37423667,-0.80388314,-0.12130496,0.33961907,-0.69510615,-0.1495912,0.28768498,-0.602278,-0.2475276,0.23916955,-0.42347848,-0.24740523,L,Right,0.96,aug_L_003.jpg
0.0,0.0,0.0,-0.13559866,-0.23875175,-0.10132383,-0.31530014,-0.52974373,-0.21845904,-0.72735566,-0.8760976,-0.1899325,-0.959427,-0.92844707,-0.26448128,-0.1325044,-1.0005962,-0.010628363,-0.23945352,-1.5699532,-0.15849528,-0.099148005,-1.9750574,-0.21104386,-0.3215525,-2.28383,-0.382612,0.015604318,-0.99371237,-0.11087039,0.032883987,-1.4684908,-0.26372358,0.06097682,-1.8366671,-0.4205827,-0.128104,-1.5273974,-0.4088765,0.3608144,-0.92137617,-0.1319763,0.22276358,-0.74522465,-0.12529486,0.2200225,-0.73208904,-0.38478667,0.051356643,-0.49697486,-0.23310769,0.4331431,-0.7447728,-0.12371982,0.3887992,-0.6534906,-0.14874344,0.3711807,-0.5437874,-0.22171633,0.45397797,-0.483296,-0.3300655,P,Right,0.96,aug_P_025.jpg
0.0,0.0,0.0,-0.1220784,-0.15369816,-0.08548818,-0.26779103,-0.59578,-0.021227702,-0.52111435,-1.0246233,-0.11612606,-0.7396967,-1.4316845,-0.16928583,-0.03852647,-0.98588514,-0.042699076,-0.09454053,-1.3407278,-0.12549064,-0.10282525,-1.5929946,-0.26936674,-0.31896725,-1.3421675,-0.31171793,0.11107757,-0.9932003,-0.034856714,0.047958206,-0.862742,0.045908593,-0.0135657815,-0.72569394,-0.15470739,0.08219948,-0.48563027,-0.21615766,0.19768968,-0.9364715,0.018938586,0.15241803,-0.7752474,-0.15051658,0.124596894,-0.71664166,-0.11816466,0.12939069,-0.44075072,-0.1701889,0.3619531,-0.7573451,-0.07488534,0.37060818,-0.62985396,-0.19319794,0.3208621,-0.6142759,-0.23349483,0.27381665,-0.51036835,-0.18318182,T,Right,0.96,aug_T_003.jpg
0.0,0.0,0.0,-0.09475678,-0.34358355,-0.020496832,-0.294913,-0.6101329,-0.08957937,-0.05240902,-0.6039509,-0.10784829,0.0053652185,-0.75302196,-0.08068091,-0.16962555,-0.8891851,-0.097592026,-0.10718373,-1.2600805,-0.079052694,-0.18512501,-1.6162077,-0.14219074,-0.31214964,-1.983858,-0.10147522,0.08820137,-0.99549204,-0.034872428,0.032019064,-1.3880498,-0.11207676,0.03181783,-1.7125596,-0.111411005,-0.025296926,-2.0696383,-0.16661455,0.17190011,-0.7775614,-0.05908934,0.19333325,-0.8559599,-0.11286111,0.04650725,-0.5316528,-0.0553692,0.105736,-0.38716406,-0.19176425,0.39666456,-0.67123085,-0.039807834,0.30845675,-0.61549485,-0.10300935,0.28524253,-0.4072901,-0.05633195,0.26933965,-0.33017975,-0.20620348,H,Right,0.96,aug_H_007.jpg
0.0,0.0,0.0,-0.13128765,-0.16924186,0.134332,-0.467892,-0.59782934,0.07623473,-0.07250893,-0.62239206,0.020359723,-0.045343082,-0.6525874,-0.051929336,-0.104147606,-0.91258377,0.18362355,-0.22736353,-1.3815739,-0.0040417314,-0.2881106,-1.6581117,-0.025577782,-0.34268454,-1.9833925,-0.20731245,-0.013355574,-0.99871296,0.048929084,0.022288322,-1.4240123,0.03515336,0.07233165,-1.766629,0.1022628,0.047075085,-2.2139103,0.06494311,0.20048434,-0.74088436,0.0808072,0.15607867,-0.68477696,-0.0021971709,0.20897543,-0.4730987,-0.158749,0.14069445,-0.49040583,-0.17459032,0.38950375,-0.6801649,0.130875,0.33768442,-0.57315224,-0.02521104,0.28789154,-0.45022693,0.034193266,0.23218298,-0.41029322,-0.040319037,U,Right,0.96,aug_U_010.jpg
0.0,0.0,0.0,-0.25194594,-0.15926626,-0.055061292,-0.34464267,-0.45796016,-0.092386544,-0.76802164,-0.7879188,-0.2586103,-1.189302,-0.87474424,-0.12741292,-0.2709741,-0.9988504,-0.077914864,-0.33655626,-1.349878,-0.13369058,-0.27019954,-2.02472,-0.08825546,-0.262514,-2.271724,-0.16810678,0.023945982,-0.99721956,-0.070567384,-0.08387113,-1.3881645,-0.28505397,-0.044872712,-1.747998,-0.38015935,-0.31155044,-1.5661703,-0.2987187,0.20542619,-0.9578697,-0.11283874,0.21577512,-0.91107017,-0.16288732,0.048166804,-0.6183198,-0.20383699,0.12404497,-0.40335336,-0.3294368,0.3215733,-0.77395266,0.0052692364,0.3524663,-0.7521654,-0.14866747,0.31629214,-0.58096534,-0.25615197,0.18218929,-0.46898544,-0.22521657,K,Right,0.96,aug_K_001.jpg
0.0,0.0,0.0,-0.23217176,-0.33971107,0.08125833,-0.28303635,-0.71609014,-0.017589623,-0.1506344,-0.7905537,-0.022261858,-0.079455644,-0.7964063,-0.08084844,-0.12949462,-1.0835288,0.082643725,-0.2636424,-1.6356517,-0.077771686,-0.3852478,-2.0142667,-0.05223554,-0.36123785,-2.3761146,-0.046828996,-0.029608957,-0.9967842,0.07446235,-0.010364295,-1.7007816,-0.08142938,-8.5839056e-05,-2.2175977,0.004453611,-0.16763556,-2.5355787,-0.18964294,0.1594781,-1.0715739,0.1447256,0.18536839,-1.4826248,0.048757147,0.11121512,-1.9746838,0.018183058,0.17266972,-2.2160044,-0.12203685,0.39801913,-0.8829671,0.049687877,0.39434478,-1.3530312,0.0013417626,0.5123642,-1.6666325,-0.114081524,0.53970456,-2.0302057,-0.21586066,4,Right,0.96,aug_4_030.jpg
0.0,0.0,0.0,-0.11120707,-0.2976229,-0.14020333,-0.27627304,-0.5850311,-0.17144473,-0.13029046,-0.65047145,-0.27325162,0.053146087,-0.618586,-0.2872206,-0.10415564,-0.9881379,-0.13346542,-0.31703076,-1.3693435,-0.251202,-0.16767581,-1.6783102,-0.24350078,-0.30230206,-2.0700507,-0.2684117,0.0043695047,-0.9960522,-0.088661775,0.06802093,-1.4769433,-0.23374008,0.024060475,-1.7708141,-0.25195968,-0.050355814,-2.1731853,-0.3087819,0.17386815,-0.86213297,-0.1985526,0.06815353,-0.809104,-0.19159962,0.2319495,-0.6003707,-0.41118732,0.112366274,-0.43750867,-0.3152446,0.37809592,-0.6933598,-0.09319759,0.26307988,-0.65982646,-0.23197281,0.31666544,-0.55900204,-0.23564307,0.22264719,-0.40710133,-0.24483217,2,Right,0.96,aug_2_008.jpg
0.0,0.0,0.0,-0.2964616,-0.31209016,-0.14295562,-0.46845487,-0.7144095,-0.22542305,-0.30718702,-1.040752,-0.34335148,0.06209363,-1.1529722,-0.45284206,-0.33549845,-1.037417,0.063013226,-0.49782172,-1.4480561,-0.10529339,-0.6090109,-1.6659112,-0.21533552,-0.64466125,-1.8327286,-0.28083482,-0.045076344,-0.9987419,0.021971436,0.05100477,-1.2606813,-0.29800868,-0.027866865,-0.9900261,-0.40181074,-0.0721929,-0.76816314,-0.36892748,0.24124816,-0.930034,-0.054218095,0.3222362,-1.1555578,-0.3620037,0.16975017,-0.87694037,-0.332607,0.09648673,-0.6542992,-0.20091835,0.5136029,-0.827739,-0.14576204,0.5696656,-1.0482743,-0.29157707,0.4362008,-0.87807703,-0.22206214,0.3657584,-0.7057288,-0.1124725,S,Right,0.95,18.jpg
0.0,0.0,0.0,-0.018266225,0.68590367,-0.5571413,-0.434811,1.1048794,-0.79651344,-0.896983,1.1782793,-0.914541,-1.2996321,1.3887197,-0.97697335,-0.82308155,0.59585476,-0.7754229,-0.3780849,0.5429788,-1.1145065,-0.20325947,0.5399251,-1.2550596,-0.34959567,0.60622704,-1.3354989,-0.78496534,-0.06380948,-0.61624485,-0.026008328,-0.024574041,-0.93965846,0.050556168,0.09347354,-0.98276806,-0.198968,0.2312139,-1.002458,-0.6483839,-0.6067539,-0.49558067,0.084084734,-0.4886958,-0.7998265,0.13422294,-0.39648548,-0.6812415,-0.10540059,-0.3090033,-0.5784141,-0.49272096,-0.99530065,-0.42299157,0.107111946,-0.90675914,-0.6951794,0.1649375,-0.81445026,-0.67670953,-0.044153206,-0.7814705,-0.6218879,A,Right,0.95,545.jpg
0.0,0.0,0.0,-0.15738916,-0.306088,0.024107616,-0.39002746,-0.465562,-0.08166435,-0.13338752,-0.58873534,-0.14759405,0.067407176,-0.6550002,-0.14982887,-0.16672699,-0.88872725,-0.0072326283,-0.39604118,-1.3269163,-0.07856687,-0.5552475,-1.6423208,-0.15534265,-0.7472361,-2.1316848,-0.13859549,-0.07679789,-0.996363,-0.036917802,-0.090364516,-1.373794,-0.20550728,-0.0018221027,-1.735817,-0.06417036,-0.1216299,-2.1337242,-0.16050886,0.13703138,-0.8911732,-0.14994997,0.28372067,-1.1663771,-0.14017475,0.39020452,-1.5903083,-0.16466983,0.5490584,-2.0294528,-0.25460774,0.37839732,-0.7490471,-0.035449494,0.2846068,-0.7077697,-0.20940235,0.1912823,-0.5261118,-0.2269745,0.15747508,-0.55403465,-0.1880222,W,Right,0.96,aug_W_011.jpg
0.0,0.0,0.0,-0.098217145,-0.2829062,-0.14772443,-0.4391529,-0.5932842,-0.070013426,-0.058342014,-0.71023005,-0.23006277,0.14856155,-0.78880465,-0.25909942,-0.20939198,-0.95336366,-0.124783374,-0.3097044,-1.3977731,-0.18420501,-0.448595,-1.8156838,-0.20842588,-0.6124084,-2.3076997,-0.19512859,0.03795,-0.99242467,-0.11684634,0.09005064,-1.5070292,-0.16487184,0.048257325,-1.9030206,-0.18474454,0.10311244,-2.2890613,-0.3984766,0.30104634,-0.9111299,-0.032923136,0.4375575,-1.4126416,-0.20693226,0.6269063,-1.6842506,-0.1478063,0.6668983,-2.2364767,-0.25809318,0.48379883,-0.9280988,-0.13719268,0.5377139,-0.72456986,-0.18662043,0.34404674,-0.4737603,-0.2519802,0.20146845,-0.42049453,-0.29283845,W,Right,0.96,aug_W_009.jpg
0.0,0.0,0.0,-0.3159643,-0.37006086,-0.04635639,-0.5174746,-0.66402906,-0.08332181,-0.30778366,-0.6374693,-0.13658376,-0.1528917,-0.82774067,-0.3346811,-0.29651028,-0.967036,-0.087920696,-0.27336574,-1.5665724,-0.0665551,-0.3777415,-1.8562449,-0.16387248,-0.46521476,-2.2982988,-0.15104109,-0.04167655,-0.9980609,-0.04623484,-0.056125883,-1.6721394,-0.1268551,-0.06574235,-1.8407645,-0.11985679,0.022502681,-2.3405957,-0.24581373,0.13055626,-0.94992405,-0.11756779,0.14928518,-1.4452263,-0.020969532,0.053538542,-1.7418369,-0.21150556,0.09353723,-2.072546,-0.16435567,0.38289568,-0.77695686,0.05170362,0.39065862,-1.2543023,-0.092239246,0.47634292,-1.6187087,-0.1954247,0.3887197,-2.0227554,-0.19787239,4,Right,0.96,aug_4_015.jpg
0.0,0.0,0.0,-0.12668246,-0.23040636,-0.06284729,-0.3316328,-0.44463682,-0.09991036,-0.20609422,-0.5451606,-0.16418825,0.01279465,-0.64490116,-0.10160104,-0.19124934,-0.7901365,-0.025586516,-0.10000551,-0.7444364,0.0074004144,-0.109519705,-0.56480384,-0.20601492,-0.070142396,-0.48272276,-0.057778865,-0.07030486,-0.9951687,-0.06853045,0.03407897,-0.6571429,-0.1154127,0.00036206396,-0.5614845,-0.124897316,-0.04000462,-0.3937781,-0.2519606,0.16530289,-0.80765194,-0.11041292,0.13857965,-0.7034764,-0.11025895,0.15083411,-0.54389036,-0.18660828,0.10407323,-0.38286367,-0.12371294,0.35244167,-0.7289533,-0.16656886,0.2420013,-1.0131425,-0.20083855,0.23594885,-1.2764322,-0.24906765,0.22135437,-1.1596959,-0.23856336,J,Right,0.96,aug_J_028.jpg
0.0,0.0,0.0,-0.21040978,-0.28353733,0.024942363,-0.3855333,-0.6272565,0.014713855,-0.15254939,-0.7003529,-0.09028288,-0.0153234545,-0.71298635,-0.06465018,-0.20582843,-1.0083827,0.010800201,-0.292939,-1.4151219,-0.042176995,-0.39866802,-1.7354767,-0.0823888,-0.24489067,-2.1172488,-0.07774282,0.07452836,-0.9970437,0.018691331,-0.076587506,-0.73979074,-0.08036604,-0.045538906,-0.58485025,-0.23716001,-0.014017565,-0.43892875,-0.14190201,0.15246977,-0.9214614,-0.09116914,0.18528226,-0.7687222,-0.08729015,0.13146771,-0.6245293,-0.08223605,0.09774429,-0.5630524,-0.08649688,0.40125987,-0.7507641,0.077531904,0.33009094,-0.61009556,0.004548982,0.31470358,-0.5750619,-0.12511837,0.30503684,-0.5249206,-0.13939936,1,Right,0.96,aug_1_025.jpg
0.0,0.0,0.0,-0.26387697,-0.3594429,-0.074442446,-0.37693608,-0.65681237,-0.079906315,-0.16802867,-0.7847907,-0.2734111,-0.0736641,-0.7636112,-0.2564747,-0.17347325,-0.9832216,-0.09033815,-0.36983514,-1.5294099,-0.12242508,-0.45279542,-1.764636,-0.19142221,-0.20650035,-2.0558827,-0.2378702,-0.071818545,-0.9974177,-0.00012784149,-0.15486982,-1.6452945,-0.17138982,-0.034455534,-1.8829715,-0.12484181,-0.1311026,-2.4421628,-0.18150859,0.06978042,-1.0704764,-0.084611416,0.20287909,-1.4194974,-0.16248733,0.15123065,-1.794452,-0.25594044,0.1211204,-2.062388,-0.21058969,0.30453873,-0.87943447,-0.10231847,0.22256655,-1.2224622,-0.06018659,0.30586606,-1.5802039,-0.16500205,0.45372775,-1.8890315,-0.2655668,B,Right,0.96,aug_B_024.jpg
0.0,0.0,0.0,-0.11279698,-0.295915,-0.13254482,-0.2721758,-0.5539752,-0.13235147,-0.587041,-0.6890595,-0.23530857,-0.7888722,-0.8255039,-0.24269529,-0.08841508,-0.8118815,-0.104367755,-0.2172085,-1.3531908,-0.21767737,-0.10880752,-1.6481602,-0.14143129,-0.29939488,-2.0033257,-0.36182293,-0.038810894,-0.995904,-0.08166289,-0.007573518,-0.80241555,-0.1853609,0.08824785,-0.51238555,-0.29054934,0.021135174,-0.55462503,-0.30989942,0.16032489,-0.98198277,-0.05816294,0.17695488,-0.62309283,-0.29103532,0.15206392,-0.66825837,-0.32411122,0.1765051,-0.46808967,-0.2451124,0.46144643,-0.7004213,-0.21301088,0.32079455,-0.664949,-0.053068474,0.3449131,-0.5354591,-0.25564453,0.22982259,-0.44050404,-0.24098301,G,Right,0.96,aug_G_018.jpg
0.0,0.0,0.0,-0.1574345,-0.28461874,0.047958482,-0.28187135,-0.628445,-0.06296759,-0.6253576,-0.7274584,-0.1552703,-0.94514996,-0.9957324,-0.12669653,-0.08967191,-0.93061566,-0.017620118,-0.105010614,-1.4973326,-0.09404498,-0.31703052,-1.7911278,-0.12610134,-0.2828586,-2.0375369,-0.20555529,0.012983237,-0.9938838,-0.1096656,0.007179112,-0.7623583,-0.09002388,0.06364508,-0.5980673,-0.07555769,0.05187396,-0.542188,-0.16038328,0.2828056,-0.8535649,0.009440087,0.24600169,-0.7395817,-0.109384574,0.21408638,-0.71824104,-0.28353986,0.08857493,-0.45003912,-0.21356402,0.42672524,-0.68258524,0.006134778,0.25504115,-0.6370454,-0.14105807,0.29239917,-0.5582473,-0.20678385,0.21104158,-0.43593937,-0.07073955,G,Right,0.96,aug_G_021.jpg
0.0,0.0,0.0,-0.18220499,-0.18839003,-0.044730134,-0.39373136,-0.5038842,-0.021936946,-0.23363636,-0.71675324,-0.25083506,-0.029387979,-0.74866164,-0.11634741,-0.29634455,-0.8233048,-0.051057186,-0.29198122,-1.2779068,-0.20709968,-0.25865084,-1.4301311,-0.2434334,-0.48458728,-1.3387449,-0.33108222,-0.17167844,-0.98514986,-0.002510614,-0.05805647,-0.7850986,-0.06594405,0.008323748,-0.50479466,-0.27557665,-0.07950212,-0.430214,-0.14030364,0.14080879,-0.89468366,-0.022030963,0.10144144,-0.83012205,-0.10858096,0.06609358,-0.56250465,-0.14477362,0.15058856,-0.47701776,-0.2187743,0.17921217,-0.78303504,-0.014254537,0.29713142,-0.679981,-0.14175647,0.22517644,-0.5003729,-0.10996646,0.14834765,-0.4723396,-0.05819003,X,Right,0.96,aug_X_009.jpg
0.0,0.0,0.0,-0.100833274,-0.121598616,-0.1021991,-0.37092444,-0.45525932,-0.10513417,-0.31627473,-0.5529932,-0.19078757,-0.07035376,-0.61812615,-0.15768144,-0.19985501,-0.8558112,-0.035524804,-0.28834662,-0.6687887,-0.25330588,-0.1718689,-0.4692917,-0.2045336,-0.07877593,-0.33078274,-0.31834355,-0.03834116,-0.99880326,-0.03036206,-0.031043032,-0.81018454,-0.011311723,-0.01620345,-0.5587891,-0.07674589,-0.12156425,-0.45149377,-0.2673015,0.22919461,-0.75206774,0.008996375,0.11109159,-0.6133116,-0.10478478,0.10956913,-0.51036996,-0.18171911,0.05131759,-0.37543184,-0.14532009,0.23195384,-0.71042883,0.030428609,0.333391,-0.9923665,-0.12183504,0.31654593,-1.3599125,-0.120001696,0.35744274,-1.5469742,-0.141829,I,Right,0.96,aug_I_013.jpg
0.0,0.0,0.0,-0.18832132,-0.31790155,-0.10881092,-0.31847838,-0.49482003,-0.16035981,-0.14672726,-0.59552056,-0.16869082,0.016489776,-0.6846076,-0.22761384,-0.13284974,-0.96412235,-0.21267517,-0.23452996,-1.3850312,-0.11424559,-0.19820604,-1.6032652,-0.23398013,-0.15919836,-1.8986696,-0.21421155,0.004643797,-0.9964225,-0.08438281,0.12989628,-1.4170645,-0.21181275,0.13051927,-1.757014,-0.104422785,0.06861597,-2.1104167,-0.1688418,0.16480707,-0.8984077,-0.11992134,0.15021506,-0.7356181,-0.1489642,0.08416508,-0.66654146,-0.23363334,0.14794789,-0.5868109,-0.1814932,0.30822325,-0.7502164,-0.039705362,0.26270708,-0.66927415,-0.18435119,0.23423713,-0.61889297,-0.25043756,0.20174547,-0.48792642,-0.23674087,R,Right,0.96,aug_R_022.jpg
0.0,0.0,0.0,-0.20593393,-0.21693687,-0.08476437,-0.3952653,-0.5154528,-0.038386337,-0.19978131,-0.5873373,-0.16906637,-0.039098743,-0.7766031,-0.2304228,-0.28269073,-0.8684786,-0.12275455,-0.39363095,-1.3431717,-0.048482746,-0.51250154,-1.7887635,-0.16389154,-0.79709953,-2.1355202,-0.1936573,-0.14292596,-0.98005986,-0.13803972,-0.104911946,-1.435566,-0.09556926,-0.06446366,-1.8022349,-0.19747171,-0.19994305,-2.043131,-0.22337626,0.1500031,-0.80061054,-0.09554311,0.10429657,-1.3067678,-0.11873055,0.3626125,-1.5716661,-0.18086894,0.6299424,-2.0734115,-0.19726406,0.21856415,-0.6636285,-0.13301894,0.13697955,-0.70197695,-0.20543903,0.2666955,-0.4548831,-0.20096417,0.13827837,-0.4653904,-0.27307376,W,Right,0.96,aug_W_002.jpg
0.0,0.0,0.0,-0.34232262,-0.19290172,0.020876339,-0.434574,-0.69782376,-0.022254877,-0.25837874,-0.62498045,-0.116211444,-0.10344678,-0.77683413,-0.1505646,-0.2124619,-1.057776,-0.0114062615,-0.35667977,-1.531079,-0.09147155,-0.33548638,-1.8774987,-0.17435712,-0.51363766,-2.2616048,-0.12100492,0.012056967,-0.9976375,0.06763148,-0.20919392,-1.6095235,-0.110407315,0.058531698,-2.0919092,-0.20269276,-0.10407241,-2.5167804,-0.19437927,0.19868359,-0.8357528,0.04503707,0.24482988,-0.6924733,-0.15847376,0.08357098,-0.5675468,-0.24293514,0.01929859,-0.4206638,-0.05193646,0.35199666,-0.76037407,0.016796192,0.1901134,-0.69111073,-0.17228657,0.29457134,-0.5403356,-0.09525476,0.2214469,-0.41921237,-0.20594965,H,Right,0.96,aug_H_029.jpg
0.0,0.0,0.0,-0.12607436,-0.391266,-0.044142302,-0.4947849,-0.5600322,-0.027310757,-0.53061146,-0.77335596,-0.24954753,-0.3198119,-0.8604667,-0.21797611,-0.20843439,-0.9842879,0.037469227,-0.21882813,-1.3546369,-0.19582097,-0.37019768,-1.4395046,-0.20954674,-0.419796,-1.2886617,-0.21452814,-0.021551466,-0.99884295,-0.042991817,-0.060431324,-1.2423484,-0.2122911,-0.007245173,-1.5228993,-0.26426044,-0.04628067,-1.509418,-0.2970083,0.14403,-0.83526325,-0.004440755,0.07735305,-1.1792297,-0.13195734,0.069731906,-1.4891667,-0.3178398,0.026545508,-1.3276349,-0.31073704,0.32559898,-0.8392125,-0.0053197863,0.24622807,-1.1545529,-0.25497836,0.30770206,-1.3809209,-0.22612503,0.2616685,-1.1895628,-0.37941396,O,Right,0.96,aug_O_012.jpg
0.0,0.0,0.0,-0.257191,-0.19870186,-0.09890392,-0.32187796,-0.60198855,-0.1637795,-0.57766503,-0.9133663,-0.12919413,-0.3003968,-0.9546356,-0.14581996,-0.21081467,-1.0135207,0.0073803873,-0.274671,-1.4505334,-0.18033034,-0.28891775,-1.7851561,-0.24038054,-0.53278166,-1.7060647,-0.3067565,-0.1251391,-0.99156475,-0.03375762,-0.015235236,-0.93591094,-0.10835881,0.011374852,-0.7574195,-0.33299178,-0.08036761,-0.5756726,-0.15253668,0.21362795,-0.9743282,-0.11580965,0.09204502,-0.89118993,-0.020284984,0.32209325,-0.7897992,-0.10087684,0.10136104,-0.50936747,-0.25469878,0.50043887,-1.0045273,-0.09491274,0.34393346,-0.7947733,-0.11567718,0.26446036,-0.6205405,-0.18211824,0.24077778,-0.48226172,-0.11332632,Q,Right,0.96,aug_Q_021.jpg
0.0,0.0,0.0,-0.14675649,-0.19652513,-0.041911416,-0.27741978,-0.64042574,-0.11552119,-0.12608837,-0.6695813,-0.1360461,0.1876455,-0.792027,-0.2522702,-0.1510141,-1.1218294,-0.007170909,-0.20890217,-1.7251686,0.043895517,-0.2572844,-1.972868,-0.05224591,-0.3442869,-2.265845,-0.23514779,-0.006103382,-0.99997926,0.002058972,0.12660785,-1.6212902,-0.06639222,-0.0006835002,-2.0307403,-0.20604727,-0.009956511,-2.456629,-0.13190328,0.24667183,-1.0148287,-0.11985527,0.2204849,-0.8094687,-0.104299225,0.2523027,-0.7431371,-0.23885545,0.21781471,-0.5106687,-0.2105758,0.4412926,-0.7853865,-0.07382786,0.4613297,-0.7639416,-0.21307202,0.46328434,-0.6008818,-0.24244055,0.23637427,-0.58570486,-0.22245918,R,Right,0.96,aug_R_001.jpg
0.0,0.0,0.0,-0.04326788,-0.3737233,-0.051440373,-0.26637635,-0.537513,-0.09251518,-0.10780202,-0.57231295,-0.17793535,-0.0059606824,-0.7094177,-0.014357628,-0.08221403,-0.90383744,0.033014245,-0.22403476,-1.1765633,-0.11781295,-0.16518661,-1.4279925,-0.14154638,-0.24566723,-1.1857225,-0.2938949,0.13123609,-0.98910546,-0.06668972,0.05976858,-0.76701057,-0.14728923,0.1601099,-0.67453265,-0.20369986,0.06654007,-0.4843269,-0.19113457,0.30471805,-0.8214438,-0.035328742,0.16633838,-0.7836245,-0.035765696,0.17834567,-0.6080205,-0.124052875,0.08734886,-0.42968512,-0.15398864,0.3321533,-0.7022738,-0.10129693,0.34471044,-0.6361779,-0.061304756,0.27007642,-0.55876005,-0.11873269,0.28848374,-0.46901852,-0.0858783,X,Right,0.96,aug_X_004.jpg
0.0,0.0,0.0,-0.13812225,-0.4216238,-0.17556293,-0.3537841,-0.70812106,-0.10790936,-0.18281275,-0.72207654,-0.26714796,0.005750349,-0.891,-0.29290092,-0.11322029,-1.102615,0.045990534,-0.2680638,-0.9453307,-0.1844494,-0.06939477,-0.80871785,-0.27671394,-0.17547901,-0.52746916,-0.34203136,0.010342753,-0.9994645,-0.031042527,0.0747764,-0.8515325,-0.18372361,0.012994404,-0.757718,-0.24660283,-0.03222202,-0.53225,-0.2726931,0.18035385,-1.1245345,-0.048884608,0.240798,-1.0320712,-0.10396839,0.19121775,-0.68382967,-0.22046083,0.13487494,-0.59320545,-0.30011317,0.38313657,-0.9310315,-0.034050234,0.326172,-0.7775526,-0.2569027,0.40038952,-0.6456872,-0.3206784,0.30371907,-0.5495647,-0.1962194,M,Right,0.96,aug_M_019.jpg
0.0,0.0,0.0,-0.22398148,-0.21614175,-0.15358505,-0.3968645,-0.62745386,-0.18189035,-0.20379335,-0.6811575,-0.290752,-0.0057771015,-0.8349757,-0.2245384,-0.13207838,-0.96301526,-0.08925601,-0.2401456,-0.7547221,-0.21130824,-0.23654413,-0.5883988,-0.22808763,-4.2393473e-05,-0.426611,-0.19384329,0.014718769,-0.98177457,-0.1894786,-0.026488906,-0.6742447,-0.31654432,0.005734098,-0.65725344,-0.22064643,-0.00039069093,-0.4512651,-0.2666397,0.21410106,-0.90938085,-0.14629325,0.10207311,-0.7221499,-0.18745275,0.18055257,-0.5862364,-0.29588255,0.06530242,-0.5366108,-0.21089117,0.359507,-0.7822123,-0.18816748,0.39973688,-1.1567714,-0.2366873,0.3177284,-1.3751911,-0.36161253,0.29523697,-1.2560307,-0.4739097,J,Right,0.96,aug_J_023.jpg
0.0,0.0,0.0,-0.26567978,-0.15421857,-0.034824513,-0.4397169,-0.44348004,-0.07842531,-0.52616096,-0.6924765,-0.11823791,-0.5797839,-0.89885986,-0.16342619,-0.4098639,-0.863095,-0.13098602,-0.5008464,-1.3579216,-0.21055067,-0.54797447,-1.6786056,-0.2592638,-0.578748,-1.9216819,-0.28894275,-0.2317845,-0.9591151,-0.16240126,-0.31032848,-1.5003121,-0.23767233,-0.35804814,-1.8608409,-0.29660594,-0.39147678,-2.1417885,-0.33575407,-0.03473393,-0.981344,-0.19122109,-0.09862942,-1.4986888,-0.2623372,-0.13971703,-1.8329663,-0.30407533,-0.1712338,-2.0973582,-0.32823735,0.1659541,-0.93504524,-0.21750279,0.13753079,-1.3474213,-0.2641339,0.11487235,-1.6134541,-0.27205765,0.091357745,-1.8331946,-0.27250925,HELLO,Right,0.95,HELLO_012.jpg
0.0,0.0,0.0,-0.3483622,-0.14177948,0.118393965,-0.46211103,-0.56013376,-0.0953671,-0.17795338,-0.6970558,-0.10999825,-0.097615555,-0.78295094,-0.05918279,-0.26626712,-0.9364933,0.0093476735,-0.40564033,-1.4824215,-0.15706266,-0.49628738,-1.7767231,-0.1927127,-0.5957335,-1.5417194,-0.3017942,-0.12789601,-0.98881257,-0.07676165,-0.07458058,-1.4826646,-0.1669267,-0.22464742,-1.704889,-0.22144192,-0.29023144,-1.5582856,-0.2968519,0.037793733,-1.0288451,0.064744525,0.13755271,-1.4289434,-0.21738386,0.03351996,-1.6828438,-0.32116613,-0.14799036,-1.4265813,-0.25947583,0.24738969,-0.8098661,-0.06327851,0.31086382,-1.310602,-0.19036523,0.40065682,-1.5780158,-0.31880093,0.12257879,-1.3280517,-0.42402735,E,Right,0.96,aug_E_025.jpg
0.0,0.0,0.0,-0.21229365,-0.16520603,-0.019546166,-0.3032492,-0.67015386,-0.023108095,-0.8022905,-0.8506645,-0.22162889,-1.1761979,-0.99117774,-0.15040745,-0.19067575,-1.0088242,0.00014415642,-0.34608796,-1.4907776,-0.12438646,-0.37588036,-2.0700629,-0.04331882,-0.30692843,-2.4528728,-0.12958997,0.009081493,-0.9951595,-0.097852126,0.029240178,-1.6721663,-0.06146523,0.0025285431,-2.0749118,-0.05375401,0.11961818,-2.5933862,-0.14255425,0.18310884,-0.96859807,0.013437455,0.2487917,-1.5353285,-0.04636914,0.2090511,-1.9357753,-0.109236024,0.28716406,-2.3281882,-0.16897725,0.50770587,-0.85071415,0.055286918,0.41622892,-1.4528948,-0.07400058,0.37762263,-1.7113643,0.0028318788,0.45636252,-2.2035847,-0.048401356,HELLO,Right,0.96,aug_HELLO_027.jpg
0.0,0.0,0.0,-0.28820717,-0.3344611,-0.0988467,-0.43951413,-0.62592834,-0.042474713,-0.32796144,-0.69849306,-0.18973441,-0.07980834,-0.8034075,-0.07294956,-0.2862041,-0.91690814,0.007960368,-0.27136597,-1.4409068,-0.09153019,-0.31762815,-1.8329846,-0.07315231,-0.35232767,-2.0694165,-0.110289246,-0.014521374,-0.99982524,-0.011769185,-0.029676229,-1.543254,-0.06753819,-0.1262748,-1.8648763,-0.12152223,-0.032442193,-2.309823,-0.15152176,0.06810759,-0.87384886,-0.02092445,0.15639888,-0.8530433,-0.008165408,0.07434275,-0.6248399,-0.20702301,-0.04703047,-0.52123404,-0.19136828,0.36986512,-0.78848493,-0.03466031,0.20154372,-0.7331059,-0.12150425,0.23332538,-0.5850203,-0.07220032,0.1952966,-0.53716046,-0.15924154,R,Right,0.96,aug_R_008.jpg
0.0,0.0,0.0,-0.24603179,-0.20569083,-0.07226181,-0.39302006,-0.6173457,-0.14525418,-0.29363507,-0.7165624,-0.24020585,-0.0269366,-0.70131034,-0.18031709,-0.023308909,-0.96920353,-0.108516775,-0.27600333,-1.5536128,-0.16032161,-0.26504144,-2.0200024,-0.13125484,-0.3165071,-2.2979436,-0.29000708,0.04571144,-0.9915204,-0.12164583,-0.022908485,-1.5814592,-0.17861284,0.016681572,-1.9384805,-0.22324593,0.12420266,-2.5016634,-0.2886193,0.26891306,-0.9627765,-0.06880308,0.23630762,-1.4672383,-0.2450576,0.29603273,-1.7980694,-0.2771817,0.25819856,-2.282245,-0.31219855,0.30984458,-0.8895076,-0.084259786,0.55391186,-1.3638033,-0.10219669,0.5480962,-1.5233957,-0.13586694,0.57283074,-1.9350387,-0.27670613,4,Right,0.96,aug_4_024.jpg
0.0,0.0,0.0,-0.2795505,-0.31796595,-0.06982119,-0.4021025,-0.57098585,-0.12546729,-0.14960617,-0.6519785,0.001375852,-0.038262885,-0.58282745,-0.09103464,-0.30692923,-1.0000609,0.022859674,-0.34109706,-1.3503386,-0.21957038,-0.2190854,-1.4697195,-0.24228983,-0.34512842,-1.323541,-0.19743554,-0.046740852,-0.99739736,-0.054896645,-0.022245608,-0.84185296,-0.14527723,0.046208277,-0.5770387,-0.18054643,0.035975903,-0.45955825,-0.14937615,0.25467858,-0.8720159,0.10309109,0.15253541,-0.7155471,-0.14537191,0.09080435,-0.5338412,-0.068170115,0.05592303,-0.55090344,-0.04080439,0.40909898,-0.814288,-0.05753273,0.40544772,-0.6876678,-0.11315901,0.2214431,-0.5028013,-0.20901288,0.22610387,-0.50805336,-0.20898144,X,Right,0.96,aug_X_007.jpg
0.0,0.0,0.0,-0.18847564,0.20872791,0.033867504,-0.41957015,0.48622447,0.04396581,-0.6037869,0.6418379,0.034933086,-0.719598,0.72365814,0.022437597,-0.5010411,0.8077075,0.0068544922,-0.65394187,1.2958553,-0.060123853,-0.70228,1.6576948,-0.10431163,-0.71219003,1.9621704,-0.1320511,-0.5494937,0.8332605,-0.06110296,-0.68589556,1.3639443,-0.14178814,-0.73317736,1.7536097,-0.1897684,-0.7173955,2.0778143,-0.21145786,-0.5475303,0.8328002,-0.13027214,-0.67125547,1.3530599,-0.202595,-0.7148823,1.7156466,-0.23115979,-0.71528023,2.019139,-0.23950689,-0.5213312,0.8161698,-0.19672021,-0.6340758,1.2590775,-0.2603465,-0.6891474,1.573038,-0.27470577,-0.71283007,1.8338131,-0.2733087,L,Right,0.95,185.jpg
0.0,0.0,0.0,-0.19695176,-0.22769472,-0.049322248,-0.24430329,-0.6889448,0.00410434,-0.12202088,-0.63547957,-0.06788388,0.08855216,-0.67340994,-0.06456801,-0.06637045,-0.8381334,0.042567395,-0.3314901,-1.321847,-0.028630612,-0.48191267,-1.7337365,-0.019253986,-0.5973718,-2.1191697,-0.10368536,0.056833193,-0.9981402,-0.022043634,0.026668224,-1.3988907,-0.10202478,0.078673474,-1.7168496,-0.0768314,0.0070052985,-2.1360724,-0.10475725,0.2133529,-0.7631348,0.11816716,0.30206734,-1.3156701,-0.08588112,0.45524365,-1.6569425,-0.13233165,0.5784504,-1.9936162,-0.14185825,0.289802,-0.7415737,0.011778369,0.39391202,-0.71627975,-0.038814437,0.37496516,-0.6041436,-0.15903725,0.18478869,-0.428976,-0.085538924,W,Right,0.96,aug_W_007.jpg
0.0,0.0,0.0,-0.1399205,-0.28556305,0.026039017,-0.3858615,-0.5831526,-0.015191894,-0.5582638,-0.6298509,-0.01747546,-0.80427736,-0.77876234,-0.11157573,-0.065296106,-0.82649,0.0026143452,-0.087733105,-1.2626145,0.0900514,-0.20658009,-1.634324,-0.09367589,-0.27884683,-1.9576293,-0.03529172,0.019473312,-0.9992142,0.03452256,0.026954727,-1.3876654,-0.0031903845,0.018740444,-1.6571319,-0.028660811,0.03854805,-2.1139328,0.0057570464,0.10694983,-0.8465704,-0.02879377,0.24185283,-1.2371997,-0.02432224,0.2961614,-1.5130725,-0.07234725,0.26160154,-1.773476,-0.04352655,0.33713177,-0.79628277,0.03992921,0.41646418,-1.119747,-0.01505745,0.4204274,-1.2977681,0.03327047,0.48135474,-1.6516105,-0.04128089,HELLO,Right,0.96,aug_HELLO_015.jpg
0.0,0.0,0.0,-0.13066489,-0.2535244,-0.06874653,-0.33634794,-0.55647814,-0.093848534,-0.69004685,-0.75990975,-0.25213766,-1.0207732,-0.91957855,-0.22222652,-0.20068154,-0.9676836,-0.0384175,-0.15715615,-0.89086497,-0.23910531,-0.08968644,-0.6958813,-0.2521914,-0.13998967,-0.44267,-0.19320008,0.02777936,-0.9975774,-0.063777305,0.0664035,-0.91418225,-0.21995953,-0.057708636,-0.6287905,-0.17623319,-0.019198408,-0.52240473,-0.1323362,0.16012849,-0.9242356,-0.1008558,0.21528834,-0.76095915,-0.2380171,0.13709208,-0.7729142,-0.15352327,0.22208923,-0.6346756,-0.28766927,0.4019076,-0.7982416,-0.08501393,0.48423138,-1.1627623,-0.05821269,0.89254487,-1.4422573,-0.23224182,0.8718615,-1.8196753,-0.24508722,Y,Right,0.96,aug_Y_014.jpg
0.0,0.0,0.0,-0.060675886,-0.27028352,-0.11505069,-0.4113952,-0.54757035,-0.14232127,-0.8258994,-0.8592305,-0.30153012,-0.899719,-0.93383604,-0.32654133,-0.2563699,-0.9733693,-0.088145964,-0.21821298,-1.5432932,-0.173503,-0.308821,-1.9709913,-0.29659593,-0.3405396,-2.3007584,-0.25807038,0.029655583,-0.98166263,-0.18830599,0.02007424,-1.5726061,-0.21032797,-0.010219465,-2.0315921,-0.11573582,-0.011233071,-2.4345345,-0.3067753,0.15257044,-1.0492802,-0.07652901,0.27660063,-1.4862183,-0.24538104,0.24153033,-1.8951992,-0.2546178,0.15551445,-2.2002134,-0.2769215,0.44501853,-0.83170253,-0.1619469,0.3366752,-1.2040371,-0.138525,0.48081332,-1.6964592,-0.31375974,0.44649854,-1.9073403,-0.27374336,HELLO,Right,0.96,aug_HELLO_003.jpg
0.0,0.0,0.0,-0.2366589,-0.3112618,-0.14547047,-0.4572638,-0.566693,-0.25813454,-0.7652118,-0.7855104,-0.21445346,-1.0331677,-0.95802325,-0.2540481,-0.26532492,-1.0260603,-0.13322324,-0.22897644,-1.4278876,-0.17438336,-0.2612379,-1.8651257,-0.21926396,-0.30677733,-2.3421316,-0.23789936,-0.053081434,-0.98625016,-0.1565025,-0.03126757,-1.6706047,-0.14534767,-0.037496205,-1.9984815,-0.21356426,-0.11031342,-2.44363,-0.27444154,0.265761,-0.939069,-0.09522346,0.23265292,-1.2360084,-0.11444259,0.11084013,-1.8089621,-0.15176354,0.14469303,-2.1549575,-0.29489467,0.32471797,-0.72669494,-0.15680617,0.38484153,-1.2928538,-0.22997968,0.43954214,-1.6142732,-0.28422394,0.4697246,-2.0658853,-0.25770468,HELLO,Right,0.96,aug_HELLO_030.jpg
0.0,0.0,0.0,-0.018875754,-0.4002648,-0.06904491,-0.2743932,-0.5706866,-0.006987172,-0.12778823,-0.7754982,-0.18006879,0.13119332,-0.77382505,-0.1631957,-0.043063574,-0.94443876,0.006242689,-0.0683,-0.79287636,-0.1952575,0.059973694,-0.63431156,-0.18371509,0.04401005,-0.5773734,-0.1506043,0.1039058,-0.9921914,-0.068991646,0.11909778,-0.8864011,-0.09380743,0.07211309,-0.78467697,-0.21376663,0.117259465,-0.5750902,-0.11209322,0.18356714,-0.9139593,-0.047505833,0.19050963,-0.88134784,-0.12096578,0.15077922,-0.7227495,-0.1826912,0.14086585,-0.5056796,-0.3103878,0.4112927,-0.83883274,-0.04547158,0.3487742,-0.6796569,-0.14534965,0.34063596,-0.5561885,-0.1726469,0.22409528,-0.5380558,-0.18182836,S,Right,0.96,aug_S_009.jpg
0.0,0.0,0.0,-0.1747913,-0.21976729,-0.056862887,-0.36200783,-0.47109628,-0.12247848,-0.16578245,-0.70474714,-0.0943593,-0.06497248,-0.7301353,-0.09577437,-0.16752052,-0.9512073,-0.015987096,-0.289772,-1.4503359,-0.057626244,-0.31567067,-1.7752676,-0.042399377,-0.3906415,-2.076292,-0.099514924,-0.040365666,-0.99916196,-0.0067904363,-0.0019470545,-1.4070119,0.033159796,-0.0512279,-1.8036046,-0.18133499,0.009424793,-2.2090907,-0.16745102,0.12001922,-0.8883777,-0.01010548,0.05624765,-0.7512042,-0.11192437,0.025294393,-0.65642935,-0.19343121,0.14806728,-0.50957996,-0.16081731,0.2771383,-0.77653515,-0.100644134,0.3245054,-0.716214,-0.06386644,0.26859877,-0.51379055,-0.10706561,0.3658649,-0.39398247,-0.21826386,U,Right,0.96,aug_U_018.jpg
0.0,0.0,0.0,-0.3008311,-0.24287751,-0.087440826,-0.45885044,-0.45089358,-0.06668954,-0.38023478,-0.7837585,-0.16318896,-0.05905894,-0.7121548,-0.17884582,-0.36130577,-1.0569457,0.021820353,-0.32103556,-1.5853099,0.017115375,-0.39157104,-1.8090774,-0.20929557,-0.5583278,-2.3030667,-0.14846839,-0.017419118,-0.9989247,-0.042966653,-0.18715255,-1.5186206,-0.13649172,-0.027514726,-2.0105548,-0.032949038,-0.08461131,-2.4526742,-0.20993306,0.054501228,-0.91540825,-0.023734517,0.08940313,-1.452214,-0.07375819,-0.002893128,-1.8155773,-0.18750371,0.055758618,-2.2953525,-0.28656968,0.19393243,-0.8334706,0.08907725,0.2939239,-1.2311296,-0.05440179,0.38353625,-1.5972384,-0.20046629,0.4629005,-1.8346771,-0.2798811,B,Right,0.96,aug_B_018.jpg
0.0,0.0,0.0,-0.14777286,-0.20938021,-0.030734288,-0.33435395,-0.4528932,-0.008166326,-0.16760443,-0.5738302,-0.059806604,0.042838912,-0.68411374,-0.098822564,-0.21521635,-0.89204586,0.005263254,-0.3146297,-1.2884644,-0.0951672,-0.343245,-1.6011994,-0.11534725,-0.31454116,-1.986979,-0.17494309,-0.02733862,-0.99934816,-0.02357672,0.06603309,-0.8241423,-0.03080672,0.07134839,-0.6363476,-0.12762223,-0.09836596,-0.5443305,-0.13566257,0.1543241,-0.87596583,-0.07543304,0.052769605,-0.67761177,-0.05727895,0.12425473,-0.6163063,-0.19794157,0.11608229,-0.3894492,-0.17034575,0.29290345,-0.79578924,0.00800431,0.36313167,-0.59145486,0.008575325,0.1977784,-0.5789885,-0.06865243,0.18419026,-0.47468874,-0.05020962,1,Right,0.96,aug_1_024.jpg
0.0,0.0,0.0,0.53575075,-0.067996256,0.14376815,0.90214634,-0.23759954,0.18273127,1.2388916,-0.3083641,0.14880887,1.560373,-0.3130896,0.11864983,0.49830773,-0.82134837,0.3677568,0.9871752,-0.8946438,0.2951125,1.366015,-0.90397316,0.17931613,1.6487511,-0.89216137,0.09431594,0.4201394,-0.88542336,0.19876716,1.0341831,-0.97144467,0.11529282,1.4461876,-0.9612571,0.009588266,1.7641914,-0.9208556,-0.059253816,0.40813643,-0.88688254,0.0063663856,1.0209626,-0.9935818,-0.07529425,1.4417716,-0.9860436,-0.13275267,1.752741,-0.95589316,-0.16267957,0.4635724,-0.829305,-0.18808399,0.9685712,-0.96177846,-0.24573886,1.3003261,-0.97843677,-0.2559628,1.5701259,-0.9602453,-0.25700262,C,Right,0.95,79.jpg
0.0,0.0,0.0,-0.2003103,-0.34683716,-0.111033954,-0.33162975,-0.6115115,-0.17871818,-0.31392857,-0.5822433,-0.2426284,-0.079584174,-0.6689032,-0.25363532,-0.18418026,-0.84553546,0.034215298,-0.27377227,-1.3481929,-0.13108446,-0.2937373,-1.6130029,-0.22186637,-0.3020145,-2.016442,-0.1262287,0.019374646,-0.9969374,-0.07576601,-0.0015206881,-1.3813814,-0.23372385,-0.0016795596,-1.6781853,-0.14004962,0.0013176738,-2.0671535,-0.18293001,0.1593914,-0.8937848,-0.07286829,0.04523274,-0.76226205,-0.059403304,0.033320576,-0.6167225,-0.17801772,0.10965289,-0.44141284,-0.23958008,0.25554362,-0.7965036,-0.09422723,0.22303468,-0.6712604,-0.1947778,0.16639432,-0.60390806,-0.16953066,0.15718341,-0.49435478,-0.23550647,U,Right,0.96,aug_U_032.jpg
0.0,0.0,0.0,-0.2504739,-0.32495,-0.037980527,-0.48011953,-0.6453986,-0.18608293,-0.585232,-0.7236081,-0.1917899,-0.31118464,-1.0009847,-0.27188012,-0.22459249,-1.0797695,-0.13465033,-0.2547949,-1.5476401,-0.20467484,-0.5285824,-1.7879049,-0.31650403,-0.46426833,-1.6678777,-0.41677624,0.08173686,-0.9965428,-0.014885131,0.051330984,-1.7197075,-0.058470514,0.008884105,-2.1722577,-0.1394111,-0.047480013,-2.5606394,-0.237591,0.08890021,-1.0141909,0.004934153,0.28457633,-1.6495229,-0.08801248,0.27565545,-1.9477425,-0.09749291,0.14396095,-2.3941445,-0.16704631,0.36745062,-0.78483903,-0.027928619,0.3854068,-1.3882984,-0.21720178,0.53699464,-1.7022561,-0.09425092,0.5100339,-2.0537183,-0.15286432,F,Right,0.96,aug_F_003.jpg
0.0,0.0,0.0,-0.33630398,-0.16276023,-0.11997257,-0.3499835,-0.41473132,0.05025405,-0.292992,-0.69791204,-0.1638322,-0.0024644793,-0.5794304,-0.09452021,-0.19786192,-0.73902756,-0.022531629,-0.3113139,-1.3692312,-0.01841227,-0.32377172,-1.6159656,-0.10946014,-0.3250975,-2.0336187,-0.13838848,-0.05269539,-0.9986,-0.004603676,-0.019278321,-0.78405774,0.015730953,-0.048830695,-0.58812356,-0.16461542,0.023590943,-0.4660444,-0.113951266,0.17451273,-0.79065186,-0.027019894,0.12799558,-0.6792019,-0.17677854,0.14836226,-0.5874226,-0.13907252,0.055708386,-0.45051032,-0.089619614,0.24591775,-0.71792346,0.06782251,0.26160374,-0.65512156,-0.081391506,0.23737063,-0.55060625,-0.042029973,0.2667725,-0.37174615,-0.14037065,1,Right,0.96,aug_1_032.jpg
0.0,0.0,0.0,-0.20315175,-0.2360047,-0.00015590082,-0.32436916,-0.6747358,-0.016997537,-0.121002264,-0.7591666,-0.052433763,0.094893165,-0.75807273,-0.14290883,-0.25308478,-0.93164676,0.103377,-0.31667963,-1.4850699,0.0420177,-0.5931678,-1.9629227,-0.00072832033,-0.687627,-2.4476802,-0.17223243,-0.015821215,-0.9992772,-0.034567963,0.1379479,-1.612356,0.022733672,0.2700512,-1.9159099,-0.074114956,0.45283723,-2.3856304,-0.22365278,0.14065067,-0.93930703,-0.07107471,-0.022180032,-0.94942325,0.010885878,0.120563984,-0.7029544,-0.058661755,0.054123197,-0.5140544,-0.11127566,0.33644632,-0.79871696,0.07456735,0.30512977,-0.74652827,-0.08466163,0.13652171,-0.56090784,-0.18194261,0.2563708,-0.48690376,-0.10673383,V,Right,0.96,aug_V_026.jpg
0.0,0.0,0.0,-0.2622889,-0.32579997,0.051704664,-0.3652946,-0.5380621,-0.042572625,-0.518091,-0.7591446,-0.08407946,-0.32940078,-0.8616798,-0.18212979,-0.17066601,-0.9052556,-0.014664443,-0.26832846,-1.3120128,-0.13869238,-0.36758256,-1.5006253,-0.2547523,-0.5089807,-1.3183764,-0.24011862,-0.06301175,-0.99463034,-0.08209752,0.0062352265,-1.3894525,-0.05778558,-0.03220714,-1.8528491,-0.09210067,-0.08498863,-2.2271225,-0.15490733,0.102103114,-0.89787555,0.04509357,0.057666313,-1.3523788,-0.02034961,0.17764296,-1.7119498,0.012943998,0.30775902,-1.9756058,-0.19146404,0.284485,-0.8198081,0.010973339,0.3708267,-1.1000178,-0.032434147,0.3961324,-1.5070789,-0.16013743,0.27912882,-1.7538733,-0.09499593,F,Right,0.96,aug_F_033.jpg
0.0,0.0,0.0,-0.07417407,-0.23977496,0.12187027,-0.28909063,-0.6142392,0.018733013,-0.4359217,-0.736742,-0.017966447,-0.11811889,-0.78178036,-0.12120977,-0.045507804,-0.8439952,-0.006782475,-0.095978156,-1.2864822,-0.0021022947,-0.21681984,-1.5867544,-0.049893636,-0.34127387,-1.4534014,-0.18713212,0.13161862,-0.9865395,0.09703823,0.08021571,-1.4180727,-0.11897315,-0.05494638,-1.5337008,-0.18108852,-0.26958933,-1.4535455,-0.19469996,0.16036443,-0.9435393,0.02322579,0.22573854,-1.2122627,-0.07984373,0.19560084,-1.4597948,-0.13929498,0.02230115,-1.4155461,-0.19783199,0.40841728,-0.6317619,0.08074228,0.4189136,-1.2511654,-0.017254729,0.37659347,-1.4060557,-0.23505427,0.32143578,-1.3197558,-0.23489198,O,Right,0.96,aug_O_026.jpg
0.0,0.0,0.0,-0.17686586,-0.41693547,-0.09023877,-0.18654752,-0.67845404,-0.13268183,-0.4520211,-0.89616185,-0.19168168,-0.5995776,-1.2844309,-0.22976613,-0.15938212,-0.91968864,-0.109150484,-0.075155206,-0.7230036,-0.16369489,-0.050725505,-0.70545024,-0.17884172,-0.0067844214,-0.47185996,-0.16258092,0.09310121,-0.9947561,-0.04233734,0.036616962,-0.77368075,-0.098899804,-0.029711109,-0.5966316,-0.2291255,0.07936171,-0.42093924,-0.19441779,0.15190545,-0.7945606,-0.04997447,0.09090303,-0.79861224,-0.17129861,0.21643974,-0.68007094,-0.28504753,0.113631465,-0.4926367,-0.14159574,0.22877432,-0.7624159,-0.06785698,0.34190717,-0.76908576,-0.12132397,0.28915197,-0.49230146,-0.15233661,0.27343357,-0.52708054,-0.17504574,A,Right,0.96,aug_A_017.jpg
0.0,0.0,0.0,-0.10015059,-0.28068665,-0.064498045,-0.4017561,-0.48916337,-0.23027189,-0.40038154,-0.74162215,-0.21701047,-0.26660028,-0.7606343,-0.2544335,-0.21146636,-0.9818601,0.013180937,-0.27118072,-1.3311882,-0.20693734,-0.2725767,-1.5996029,-0.33376172,-0.44885802,-1.4827006,-0.44078794,0.06314377,-0.98738784,-0.14518295,0.0082942,-0.816049,-0.19246925,0.02548553,-0.6053614,-0.15357713,0.032416556,-0.4128036,-0.29106513,0.16937739,-0.9823984,-0.08078431,0.18645212,-0.64900154,-0.20716427,0.23420511,-0.6490019,-0.20594719,0.12380832,-0.5040992,-0.25825885,0.5299007,-0.78141725,0.003106349,0.42448488,-0.68582827,-0.15745236,0.34077868,-0.46935818,-0.23175387,0.19272603,-0.44052356,-0.13726014,Q,Right,0.96,aug_Q_031.jpg
0.0,0.0,0.0,-0.1286316,-0.17336403,-0.023543458,-0.4180359,-0.59427786,-0.1022623,-0.6493012,-0.70297354,-0.09017098,-1.0161119,-0.9348764,-0.17685087,-0.22559743,-0.91933155,0.04281358,-0.13029404,-0.8406502,-0.12863429,-0.15939508,-0.54401886,-0.2175535,-0.08102462,-0.50969183,-0.1528271,0.052851763,-0.99767435,-0.043042265,0.055898912,-0.78319895,-0.06745781,0.028541135,-0.67055494,-0.06805038,0.002282529,-0.41241586,-0.16181175,0.23440783,-0.8277079,0.049614873,0.16112846,-0.76258653,-0.17455013,0.08504561,-0.53850645,-0.18864137,0.15351014,-0.40834224,-0.11618807,0.41333547,-0.8093735,-0.07680477,0.54267585,-1.0273588,0.030298918,0.72370386,-1.3780845,-0.1477365,0.8422817,-1.6919177,-0.022904152,Y,Right,0.96,aug_Y_025.jpg
0.0,0.0,0.0,-0.17726628,-0.2775512,-0.08156695,-0.34575796,-0.6198026,-0.09847348,-0.119206175,-0.79193574,-0.0836676,0.00087222585,-0.8150614,-0.251895,-0.22942702,-1.06765,-0.09425774,-0.27927223,-1.483759,-0.044412214,-0.24428442,-2.035063,-0.18218845,-0.24293858,-2.302909,-0.17734143,-0.042610586,-0.99621934,-0.075705536,0.05665742,-1.6192523,-0.21285109,0.044593368,-2.0567052,-0.17505293,0.122213915,-2.1930976,-0.16948615,0.15426673,-0.9746747,-0.10461271,0.13400559,-0.74783754,-0.11257848,0.078349195,-0.67527336,-0.26585066,0.0066892058,-0.51616496,-0.21310434,0.47691318,-0.8956743,0.036813933,0.4343304,-0.7356016,-0.14107254,0.2632007,-0.6350774,-0.25974566,0.28589493,-0.4787044,-0.18337305,U,Right,0.96,aug_U_007.jpg
0.0,0.0,0.0,-0.12656902,-0.25698432,-0.14839245,-0.34769085,-0.6908692,-0.13472083,-0.10121463,-0.7719744,-0.33505586,0.14099225,-0.78359467,-0.17512487,-0.16267812,-1.0063602,-0.0670965,-0.2563745,-1.48816,-0.16618098,-0.3324799,-1.8754323,-0.20904265,-0.31269377,-2.3677459,-0.14782791,0.098875135,-0.98881316,-0.11167861,-0.057305846,-1.4789447,-0.14697872,0.0014521679,-1.970568,-0.1233118,0.04494901,-2.3684213,-0.1782982,0.18159801,-0.9870915,-0.035983462,0.13347729,-1.4551134,-0.22907192,0.26749274,-1.8636235,-0.21473256,0.26295507,-2.261083,-0.10584371,0.5578122,-0.86652166,0.0014498988,0.4718916,-1.2386345,-0.14710917,0.5062367,-1.5370245,-0.18571682,0.51721656,-2.0237923,-0.29676285,4,Right,0.96,aug_4_001.jpg
0.0,0.0,0.0,-0.17383793,-0.29432726,0.028049137,-0.3410438,-0.6669214,-0.021253286,-0.21565816,-0.7335626,-0.14251736,0.0072608897,-0.6190583,-0.26247424,-0.30402508,-1.013062,-0.0053148335,-0.30581433,-1.595597,-0.09183704,-0.39086193,-1.9078726,-0.17893389,-0.32102853,-2.4267213,-0.12892805,-0.00093291467,-0.99998564,0.0052800113,-0.06142858,-0.7856667,-0.24626066,-0.07463333,-0.5115604,-0.14049493,0.13917209,-0.50126773,-0.2031642,0.25011814,-0.9446714,-0.100636244,0.11000782,-0.77542675,-0.22402169,0.09766722,-0.60905886,-0.21543127,0.17208984,-0.50466347,-0.24561016,0.45062086,-0.8391179,-0.09517231,0.3341918,-0.6982497,-0.047746405,0.23537458,-0.4495897,-0.16371854,0.36639905,-0.23180825,-0.120652854,1,Right,0.96,aug_1_031.jpg
0.0,0.0,0.0,-0.22074197,-0.21599604,-0.0007120764,-0.36937004,-0.652446,-0.07242772,-0.5449861,-0.71389997,-0.19475831,-0.2871114,-0.8857205,-0.17643896,-0.10356117,-0.918964,-0.029434072,-0.20706218,-1.3952377,-0.21028775,-0.27726954,-1.5925535,-0.20263112,-0.4051704,-1.5331442,-0.31068942,0.08695097,-0.9961796,-0.0081146415,0.091673315,-0.823978,-0.22320206,0.082162745,-0.63059586,-0.18415058,-0.035297945,-0.5498896,-0.28183302,0.19313626,-0.9648539,-0.04204858,0.26507714,-0.7342117,-0.1276958,0.13339244,-0.7119347,-0.11628703,0.0560748,-0.57085717,-0.031260345,0.40179774,-0.6706494,-0.055067133,0.4365907,-0.6786463,-0.16926078,0.2676445,-0.6781987,-0.23374762,0.31003296,-0.46146762,-0.20943184,Q,Right,0.96,aug_Q_004.jpg
0.0,0.0,0.0,-0.08774105,0.625402,-0.19345142,-0.59481114,1.0240397,-0.21516101,-1.1014745,1.0757197,-0.22902001,-1.4124521,1.0703958,-0.19654456,-0.95248437,0.7552014,0.026599696,-1.2837272,0.6470991,-0.20675224,-0.9002923,0.58672774,-0.2869818,-0.7908869,0.61891246,-0.3003144,-0.9350439,0.3522577,0.04009342,-1.20726,0.25004986,-0.21561223,-0.7428141,0.26768383,-0.24397418,-0.7162791,0.3497312,-0.19190666,-0.89437807,-0.018635064,-0.0033086727,-1.1140935,-0.117017075,-0.30133024,-0.66803,-0.06366636,-0.22915843,-0.6309317,0.025841834,-0.098880224,-0.85410386,-0.38933632,-0.060521815,-1.026469,-0.4474913,-0.22400019,-0.6944522,-0.4044145,-0.1489085,-0.6073196,-0.3376566,-0.047253884,A,Right,0.95,444.jpg
0.0,0.0,0.0,-0.2113937,-0.28370172,0.019103132,-0.34647703,-0.59623873,-0.051695537,-0.714811,-0.83785343,-0.10307161,-1.0995343,-0.8927026,-0.25813022,-0.21704978,-1.0448631,-0.021572864,-0.28126144,-1.5506727,-0.07536864,-0.35796204,-1.7840475,-0.1451293,-0.35016516,-2.2576942,-0.22442839,-0.072879836,-0.9964968,0.041019686,-0.09217757,-1.4947098,-0.21962133,-0.11384116,-1.9793223,-0.22052151,-0.13552596,-2.32059,-0.20353068,0.15941532,-0.91294026,-0.037598286,0.22132315,-1.4193295,-0.16489771,0.24360122,-1.8195167,-0.19730452,0.17478578,-2.1623888,-0.21485554,0.34307298,-0.7927734,-0.10238822,0.34316057,-1.1700037,-0.071153045,0.5322827,-1.4889584,-0.08147983,0.3394393,-1.8369855,-0.19456713,5,Right,0.96,aug_5_006.jpg
0.0,0.0,0.0,-0.16733554,-0.28660744,-0.12888148,-0.44935936,-0.57756114,-0.08111385,-0.5784084,-0.6709164,-0.13624166,-0.90991557,-0.7948093,-0.19286197,-0.08259043,-0.88252354,-0.010066769,-0.17323282,-1.2679511,-0.22529699,-0.21323079,-1.6549298,-0.18756177,-0.38002723,-1.9912915,-0.20585065,-0.07098144,-0.99601054,-0.054080162,0.040785767,-1.2531408,-0.1484288,-0.051282864,-1.479856,-0.3403619,-0.21268749,-1.2532585,-0.27791828,0.09573218,-0.8266306,-0.08423136,0.11038885,-0.7271712,-0.1451515,0.16651985,-0.5569838,-0.21376896,0.0735616,-0.4010323,-0.18375663,0.34234884,-0.7079952,-0.061344676,0.27171412,-0.5782706,-0.22003938,0.23180968,-0.46060017,-0.2657986,0.12928435,-0.40310887,-0.2947631,P,Right,0.96,aug_P_024.jpg
0.0,0.0,0.0,-0.18936083,-0.21332626,-0.10659842,-0.41963503,-0.5044589,0.02227498,-0.06558729,-0.6794816,-0.14300689,-0.018320441,-0.6939936,-0.23693168,-0.09801064,-0.8975184,0.058766797,-0.23091751,-1.2534677,-0.17444997,-0.30897036,-1.5634329,-0.20167834,-0.41636622,-1.4441197,-0.46512878,0.012582501,-0.9945096,-0.103886604,-0.036749236,-1.4978088,-0.23698026,0.054698136,-1.7154258,-0.2537716,-0.07186784,-1.3466612,-0.2872396,0.2667439,-0.8930731,-0.060154114,0.26087666,-1.2246413,-0.19370386,0.23831715,-1.3697555,-0.29492828,0.07444038,-1.396996,-0.33908165,0.4731615,-0.76588476,-0.049361713,0.38875985,-1.1726611,-0.23231225,0.28504092,-1.4138186,-0.18555334,0.24317941,-1.3558726,-0.2369635,E,Right,0.96,aug_E_006.jpg
0.0,0.0,0.0,-0.20950793,-0.29333496,0.11223472,-0.3011482,-0.53610563,-0.01875314,-0.21388349,-0.6729118,-0.16105388,-0.10774593,-0.72289526,-0.10184976,-0.2383758,-0.9998645,0.12879515,-0.27601755,-1.1225863,-0.14267296,-0.36288816,-1.3901485,-0.22029781,-0.4134624,-1.3284087,-0.2705575,0.015250505,-0.9995978,-0.023909623,0.02962678,-0.79055077,-0.1543662,-0.030504785,-0.6104566,-0.10038035,-0.05777288,-0.5394434,-0.1108406,0.1673758,-0.8818271,-0.04255147,0.054482087,-0.7432022,-0.09727504,0.12442584,-0.5966599,-0.040407203,0.032992017,-0.46665296,-0.014477617,0.28700396,-0.7454965,-0.045324598,0.18617398,-0.67077583,-0.09372868,0.08477675,-0.52674115,-0.25814268,0.20923217,-0.5369417,-0.11352916,X,Right,0.96,aug_X_014.jpg
0.0,0.0,0.0,-0.08588995,-0.34623927,-0.115033455,-0.32575548,-0.6273353,-0.19211726,-0.58457214,-0.7637799,-0.19115971,-0.8119987,-0.856416,-0.23583603,-0.11615227,-0.9502737,-0.13247775,-0.15296234,-1.3433596,-0.27940175,-0.17425686,-1.6932105,-0.18274765,-0.16188218,-2.0557792,-0.21334718,0.10994627,-0.973763,-0.19924259,0.13439599,-1.3219612,-0.26856342,-0.022559382,-1.6636679,-0.24371904,-0.03289297,-1.4681776,-0.44731644,0.23446506,-0.86114746,-0.09620035,0.2409503,-0.8201571,-0.22237878,0.2126812,-0.65047073,-0.22791313,0.24392565,-0.50949717,-0.28552106,0.3444687,-0.7659889,-0.16196504,0.39786473,-0.6714596,-0.13361141,0.34446684,-0.5394593,-0.2891064,0.21815345,-0.42301896,-0.19425488,K,Right,0.96,aug_K_034.jpg
0.0,0.0,0.0,-0.0037613946,-0.3432317,-0.082300015,-0.30087936,-0.60704213,-0.04922586,-0.6085552,-0.75397706,-0.15660669,-0.88083553,-0.9670413,-0.12510255,-0.10409315,-0.94109106,-0.075860806,-0.2665874,-1.4941002,-0.13018519,-0.24265595,-1.7855746,-0.23387337,-0.24080668,-2.2755358,-0.18292214,0.109054476,-0.98947704,-0.09509059,0.044964824,-1.4408764,-0.04352026,0.07989155,-1.9330037,-0.279552,0.09644819,-2.3570921,-0.25635812,0.3237665,-0.97794163,0.017084999,0.25969735,-1.5036713,-0.17328249,0.33638844,-1.7539277,-0.17285039,0.30100542,-2.115157,-0.29877868,0.46325442,-0.7256751,-0.08923874,0.46007615,-1.1951844,-0.054833997,0.53767514,-1.5979915,-0.1707954,0.5819772,-1.8061807,-0.19066378,HELLO,Right,0.96,aug_HELLO_010.jpg
0.0,0.0,0.0,-0.23291914,-0.11691481,0.027582984,-0.5085604,-0.5521546,-0.03680333,-0.27377146,-0.6658177,-0.16499315,-0.07879649,-0.7284755,-0.09364446,-0.28916067,-0.90502316,0.049109787,-0.31819338,-1.3125079,-0.11306853,-0.33360645,-1.6935359,-0.14855364,-0.41446418,-2.122472,-0.13701405,-0.051413804,-0.99860317,-0.01218353,0.011077865,-1.4016767,-0.01103248,-0.08877819,-1.7146456,-0.044466965,-0.07589409,-2.241236,-0.17442943,0.13059574,-0.82112455,0.030502815,0.051823907,-0.796877,-0.08857288,0.101496145,-0.6292383,-0.15383148,0.0903773,-0.5019019,-0.16462822,0.3783813,-0.7055665,-0.038263198,0.2481105,-0.5748837,-0.113496035,0.23530899,-0.46803254,-0.13100065,0.19224705,-0.40440306,-0.20161195,U,Right,0.96,aug_U_004.jpg
0.0,0.0,0.0,-0.1787544,-0.3202977,0.020387137,-0.31984645,-0.589179,-0.13852835,-0.12712356,-0.6927665,-0.20331782,0.13302541,-0.7323847,-0.2648295,-0.114674315,-0.99017674,-0.120260924,-0.22768216,-1.3698357,-0.16704527,-0.28820392,-1.794673,-0.17442434,-0.3343783,-2.1154737,-0.2256361,-0.029632503,-0.9993746,-0.019295042,0.067847475,-1.4856956,-0.07485857,0.0271065,-1.9157934,-0.19338621,0.041497905,-2.3946476,-0.26609772,0.29930258,-0.8743129,-0.0557121,0.2642859,-0.76467246,-0.15478191,0.1051543,-0.6630609,-0.1482439,0.16485438,-0.4016033,-0.20098905,0.26868036,-0.7645352,-0.19949543,0.3375497,-0.6444298,-0.06332113,0.26083943,-0.5336863,-0.1153126,0.27727455,-0.497681,-0.10033161,H,Right,0.96,aug_H_013.jpg
0.0,0.0,0.0,0.539418,-0.073131636,0.16469814,0.9175353,-0.23467658,0.19599056,1.2606287,-0.28038657,0.1525985,1.5695574,-0.2679019,0.10542631,0.5185271,-0.8346785,0.3232351,1.0368001,-0.88512695,0.2546333,1.4239149,-0.86485803,0.15039566,1.7094787,-0.82748187,0.073985584,0.4385756,-0.8867819,0.14583986,1.0774537,-0.938363,0.0762823,1.4842837,-0.89719826,-0.011147605,1.789334,-0.84484583,-0.07278317,0.4290742,-0.8675018,-0.047273837,1.0600343,-0.9460519,-0.10930112,1.4685168,-0.909314,-0.14588833,1.7612032,-0.86211926,-0.1694302,0.48708174,-0.7890458,-0.23999044,0.98708725,-0.91659296,-0.2805134,1.3113774,-0.9140433,-0.27173063,1.5646992,-0.8816944,-0.2626102,C,Right,0.95,400.jpg
0.0,0.0,0.0,-0.11311421,-0.26044813,-0.049436945,-0.3309815,-0.6279926,-0.013855302,-0.5500146,-0.7850408,-0.14050113,-0.93696135,-0.9475598,-0.2876987,-0.1170866,-0.94420826,-0.030350143,-0.18799472,-1.3471723,-0.09770053,-0.09008233,-1.6703348,-0.097385675,-0.2209681,-2.1619399,-0.20567384,0.16500701,-0.97743726,-0.13186772,0.06317078,-0.8795864,-0.22248976,0.067269154,-0.60989183,-0.2637797,0.015463192,-0.5920945,-0.22815979,0.11917884,-0.9315919,-0.08384967,0.08491877,-0.83613276,-0.18007886,0.16798306,-0.65730006,-0.20592855,0.04500527,-0.4783543,-0.2382515,0.36866552,-0.88181955,-0.10234366,0.38330996,-0.68614227,-0.16777784,0.29357633,-0.56372684,-0.28026983,0.26699,-0.49787524,-0.2811935,L,Right,0.96,aug_L_021.jpg
0.0,0.0,0.0,-0.22305979,-0.24711366,0.028995324,-0.37866607,-0.608922,-0.15714173,-0.23500839,-0.64264876,-0.044657126,0.07761485,-0.6917815,-0.04905535,-0.061716244,-0.9286406,0.070088886,-0.10324214,-1.40539,0.053277027,-0.26639667,-1.8123193,-0.09131353,-0.3712026,-2.2900226,-0.08641722,0.12350134,-0.985395,0.11723489,-0.0033139165,-1.5131786,0.13609104,0.09117262,-1.9299487,-0.12270402,-0.028706316,-2.2971272,-0.06135274,0.33700517,-0.9118004,-0.01625498,0.17480636,-0.771165,-0.048443615,0.18754536,-0.61052275,-0.1888958,0.10233227,-0.4181657,0.017634979,0.3517666,-0.8459277,0.11134101,0.49195978,-0.66651124,-0.020413151,0.2893942,-0.4796116,-0.09107156,0.37142277,-0.42202923,-0.059185095,2,Right,0.96,aug_2_020.jpg
0.0,0.0,0.0,-0.18911889,-0.33570543,0.017571962,-0.37827122,-0.50024664,-0.0026348731,-0.55394256,-0.6264127,-0.07717166,-0.7752517,-0.8145263,-0.02803406,-0.12004241,-0.9045955,0.036757205,-0.22165035,-1.292579,-0.022715807,-0.23907216,-1.6245114,-0.16727103,-0.255502,-1.8774406,-0.0830498,0.09277969,-0.99164736,0.08959543,0.12020389,-1.1491909,-0.11641649,-0.014204432,-1.4627903,-0.2096931,-0.032752395,-1.2770033,-0.18149306,0.107023105,-0.91071564,0.066272065,0.1403094,-0.7387514,0.020179424,0.14834046,-0.6475816,-0.19076006,0.10957658,-0.5127826,-0.10656536,0.3051783,-0.6578325,0.05635437,0.27205372,-0.6525623,-0.04759355,0.29924026,-0.5259307,-0.12695755,0.1421869,-0.45582986,-0.15614241,K,Right,0.96,aug_K_006.jpg
0.0,0.0,0.0,0.5426444,-0.082320616,0.12791191,0.93166345,-0.25225016,0.15230657,1.2866759,-0.31029847,0.10613672,1.6022524,-0.30756143,0.062427245,0.5477146,-0.8082972,0.31395134,1.0570575,-0.88240504,0.2282497,1.4388158,-0.8789354,0.11259273,1.7265664,-0.8532212,0.03227901,0.45852688,-0.8750328,0.15514763,1.0844578,-0.9693586,0.07005914,1.4975238,-0.9497304,-0.026291056,1.8181535,-0.90109897,-0.09088993,0.43073493,-0.87857157,-0.026033232,1.0677764,-0.9785817,-0.105872385,1.4849961,-0.9576036,-0.16533917,1.7910669,-0.9082287,-0.19958584,0.47168154,-0.8307235,-0.21004716,0.99046457,-0.94641995,-0.26182318,1.3272535,-0.9454741,-0.27142188,1.5964385,-0.90770906,-0.27359435,C,Right,0.95,271.jpg
0.0,0.0,0.0,-0.28341603,-0.31856596,0.08094542,-0.44611877,-0.7046866,-0.19178522,-0.28339577,-0.7786412,-0.22627479,-0.11888842,-0.8441072,-0.28054255,-0.23966162,-1.1646559,-0.19564162,-0.32189688,-0.9856989,-0.13295479,-0.21464267,-0.85513824,-0.21152288,-0.22320503,-0.64187616,-0.28117514,-0.08955112,-0.9946378,0.051732536,-0.14847709,-0.97804755,-0.18682505,-0.07755596,-0.71794116,-0.22715378,-0.13066648,-0.54758066,-0.29583514,0.13262136,-1.1781595,-0.12747751,0.11534699,-0.97257674,-0.28397262,0.024111375,-0.8264974,-0.2975967,0.05143232,-0.7156484,-0.25566652,0.33638397,-0.9516497,-0.0888142,0.23134859,-0.9024926,-0.20689245,0.26535216,-0.6982756,-0.2087359,0.24211423,-0.5303804,-0.29846174,M,Right,0.96,aug_M_010.jpg
0.0,0.0,0.0,-0.34247082,-0.2193148,-0.03158686,-0.50498277,-0.68599033,-0.13473797,-0.31074575,-0.7129125,-0.2608503,-0.26128635,-0.8094175,-0.18712099,-0.35127294,-1.0242536,-0.019039106,-0.45259178,-1.4195724,0.058709174,-0.49858642,-1.8516402,-0.1154298,-0.51619536,-2.2302256,-0.15932791,-0.21164168,-0.9768951,-0.029728077,-0.20661281,-1.4456564,-0.096847914,-0.16931336,-1.9665658,-0.1462319,-0.15801896,-2.463338,-0.15246429,-0.09235043,-1.0321639,0.06496035,-0.111658454,-0.9249955,-0.21045458,0.063032754,-0.7694354,-0.2429723,-0.17202292,-0.5351876,-0.2126665,0.17648306,-0.7025036,-0.11139632,0.1499686,-0.6938086,-0.1958083,0.13571009,-0.59110135,-0.16542134,0.05245746,-0.59017193,-0.11109465,R,Right,0.96,aug_R_019.jpg
0.0,0.0,0.0,-0.069109134,-0.39518952,-0.04888182,-0.19229184,-0.5442132,-0.013408399,-0.27784637,-0.66073406,-0.13494617,-0.26095638,-0.82771033,-0.1690284,-0.05977402,-0.87955606,-0.017522357,-0.084072426,-1.1873915,-0.06890355,-0.21444869,-1.376998,-0.15664706,-0.24347906,-1.2175632,-0.20476858,0.049918164,-0.99647737,0.067387275,0.09516369,-1.1788256,-0.19807403,0.08202698,-1.4649487,-0.19763461,-0.0747936,-1.2931805,-0.19136003,0.18120216,-0.8584305,0.04759451,0.24315767,-1.1270009,-0.11645238,0.08992406,-1.3657308,-0.17257132,0.1321013,-1.205245,-0.3117621,0.3800219,-0.792157,-0.042221203,0.3878195,-1.0678486,-0.08872209,0.31985015,-1.303114,-0.13741396,0.30596077,-1.20492,-0.24912262,O,Right,0.96,aug_O_024.jpg
0.0,0.0,0.0,-0.20901981,-0.34593078,-0.051942356,-0.35898826,-0.5966955,-0.11889981,-0.24116233,-0.6166259,-0.27668417,-0.044376593,-0.7178545,-0.29001155,-0.23784901,-0.96823364,-0.12465298,-0.25734305,-0.7389524,-0.1580205,-0.1436822,-0.6963128,-0.22508042,-0.15990482,-0.5104459,-0.16968405,-0.04618731,-0.9981579,-0.039337676,-0.08854575,-0.7860589,-0.22129697,-0.07154461,-0.61355126,-0.19033016,-0.098584525,-0.49205184,-0.23270686,0.017096702,-0.82936496,-0.12325454,0.09907558,-0.7701736,-0.12410452,0.023307858,-0.59730786,-0.22151121,0.0078073833,-0.6218741,-0.27325463,0.29809994,-0.79084677,-0.1693631,0.191478,-0.6526538,-0.21274991,0.23127404,-0.58474773,-0.21380523,0.104003266,-0.56850624,-0.21022515,S,Right,0.96,aug_S_006.jpg
0.0,0.0,0.0,-0.054267816,-0.39299,-0.008959732,-0.38769326,-0.526344,-0.014385449,-0.715613,-0.8430719,0.0105891265,-1.0236024,-1.0747619,-0.12916607,-0.12663133,-0.9818971,0.038384244,-0.09036481,-1.6050608,-0.11911542,-0.20327185,-1.9570768,-0.18232538,-0.18174045,-2.3746114,-0.16651106,0.045495406,-0.9929577,-0.109385885,0.07310486,-1.6538385,-0.012686864,-0.003778572,-1.8982772,-0.15001923,-0.09420336,-2.4716492,-0.1612797,0.30569556,-1.0453391,-0.07274573,0.3470686,-1.5366687,-0.059585918,0.28199124,-1.8316858,-0.14123233,0.23731633,-2.1640408,-0.19818377,0.35750258,-0.7554181,0.027654812,0.58780146,-1.217308,-0.12291462,0.53908855,-1.6611212,-0.19366479,0.5074829,-1.8841736,-0.13010186,5,Right,0.96,aug_5_027.jpg
0.0,0.0,0.0,-0.19890684,-0.2945725,-0.12787792,-0.5612901,-0.54322565,-0.21302073,-0.2372987,-0.65941405,-0.2323132,0.11321043,-0.804577,-0.0912704,-0.11277123,-0.9008926,0.0024150657,-0.21244584,-1.5038897,-0.09442171,-0.36221448,-1.8064313,-0.17299467,-0.3767428,-2.0924723,-0.22637731,0.017354477,-0.99740124,-0.06992537,-0.05405192,-1.5665518,-0.13125597,-0.05841766,-1.7923694,-0.2445209,0.123550884,-2.2656763,-0.21078221,0.1486757,-0.8688762,-0.08813007,0.14908324,-0.72096556,-0.13182093,0.20083427,-0.5999866,-0.2670067,-0.027953392,-0.48026577,-0.20218065,0.4681712,-0.7737229,-0.056245808,0.35897806,-0.64724106,-0.12220032,0.22518036,-0.59158784,-0.2300575,0.10457804,-0.4481636,-0.25093782,U,Right,0.96,aug_U_020.jpg
0.0,0.0,0.0,-0.15119216,-0.2520358,-0.1258289,-0.24535614,-0.6463555,-0.20463587,-0.14814691,-0.6436606,-0.21056719,0.08392134,-0.6873553,-0.27972582,-0.152084,-0.93760973,-0.11312316,-0.23486857,-1.4424437,-0.20380406,-0.2602817,-1.8439019,-0.2461178,-0.26701424,-2.2528691,-0.33668014,0.078601226,-0.9768946,-0.1987431,0.08245878,-0.9084504,-0.18029213,0.11577963,-0.68264544,-0.15925021,0.12139535,-0.4714983,-0.25168455,0.31175458,-1.0171196,-0.13049577,0.22672768,-0.833587,-0.21329315,0.27703592,-0.68664396,-0.29348618,0.10594735,-0.61936307,-0.24407637,0.449525,-0.80704176,-0.20053999,0.3906437,-0.64602906,-0.24080224,0.3539642,-0.55051625,-0.36356458,0.33987713,-0.5384249,-0.34596926,1,Right,0.96,aug_1_009.jpg
0.0,0.0,0.0,-0.09240997,-0.35285127,0.016894717,-0.30400765,-0.7041549,-0.15124327,-0.12914705,-0.7473694,-0.14363298,0.051629916,-0.7671076,-0.2076767,-0.1670901,-1.1714325,0.008538988,-0.23540786,-1.4808193,-0.09059055,-0.28445697,-2.057717,-0.046259582,-0.31227404,-2.2447424,-0.20664378,0.039147936,-0.9992202,0.005134785,0.053162348,-1.6492627,-0.035195354,-0.06813942,-1.927736,-0.068372265,-0.05078717,-2.4331987,-0.12020245,0.25374153,-0.91617477,0.007958891,0.17282374,-1.448574,0.0683295,0.15847181,-1.8856262,-0.04328682,0.25724828,-2.1872227,-0.11135948,0.44208124,-0.86489785,0.005073895,0.46681577,-1.2915212,0.032610144,0.59310144,-1.6505039,-0.14677006,0.5010712,-1.9967045,-0.19603108,4,Right,0.96,aug_4_022.jpg
0.0,0.0,0.0,-0.13979967,-0.18186457,-0.05834154,-0.21074453,-0.59485626,-0.08620784,-0.2245492,-0.5008995,-0.18295294,0.047300823,-0.72542673,-0.24161737,-0.02015617,-0.8950001,-0.11179078,-0.19366658,-0.73734206,-0.13347638,-0.037081696,-0.6216169,-0.24458134,0.06504515,-0.37579307,-0.19162165,0.11865532,-0.9792959,-0.16401364,0.008785294,-0.7401555,-0.10895288,0.123405375,-0.5973952,-0.16619548,0.060722984,-0.44098982,-0.23923121,0.19229555,-0.8499519,-0.014946981,0.3443096,-0.7429069,-0.23978317,0.18637873,-0.62455565,-0.21932757,0.18446179,-0.45555356,-0.18390334,0.45082918,-0.8831942,-0.07400708,0.39762786,-0.6328502,-0.2011048,0.3583741,-0.49162415,-0.23671551,0.33690342,-0.42509365,-0.21886764,N,Right,0.96,aug_N_006.jpg
0.0,0.0,0.0,-0.10896209,-0.38941592,-0.0027142675,-0.34295866,-0.7504655,-0.080052525,-0.650061,-0.86647856,-0.15901186,-0.8101143,-0.98985595,-0.13381292,-0.12077153,-0.9392276,-0.054311775,-0.17504616,-1.5171387,-0.06578064,-0.2290745,-1.8153933,-0.068831526,-0.2297048,-2.187604,-0.12633035,0.105409354,-0.99438876,0.008938534,0.14153616,-1.6761152,-0.07418033,0.08243687,-1.9549581,-0.21774185,0.18477617,-2.5204735,-0.17637208,0.28110653,-1.0597662,0.01071274,0.34581792,-1.5483093,-0.068155855,0.30601844,-1.9248601,-0.21128136,0.32017663,-2.2014432,-0.17089692,0.59468704,-0.7352776,-0.05576385,0.4901306,-1.2527455,-0.05771705,0.651571,-1.6308848,-0.13622719,0.57526946,-1.9649599,-0.18519679,HELLO,Right,0.96,aug_HELLO_011.jpg
0.0,0.0,0.0,-0.23291418,-0.20355888,-0.00698161,-0.4148808,-0.65179926,-0.1249376,-0.2260845,-0.6443602,-0.14334366,0.0037864156,-0.7624374,-0.12705915,-0.28613847,-0.86973757,-0.058069382,-0.20131418,-1.3470517,-0.13289632,-0.334004,-1.6851304,-0.08352389,-0.3760577,-1.9209799,-0.19231157,-0.099984474,-0.99365836,-0.051441893,-0.08271313,-0.77332705,-0.13945812,-0.12663275,-0.6599627,-0.20608838,-0.035158288,-0.41246998,-0.19051276,0.030140983,-0.8793055,0.053332504,0.08797161,-0.71572393,-0.09268577,0.11625944,-0.67412794,-0.20696932,-0.03534607,-0.4526711,-0.17813018,0.29292506,-0.7709645,0.015741456,0.20627548,-0.62116224,-0.0805306,0.22461489,-0.5080159,-0.14369789,0.21381406,-0.41298544,-0.22460273,1,Right,0.96,aug_1_033.jpg
0.0,0.0,0.0,0.47357374,-0.04599446,0.05931106,0.8243916,-0.240239,0.06470622,0.9757061,-0.4762012,0.041061733,0.9892699,-0.6799321,0.012491493,1.0474521,-0.26606268,0.052452873,1.2037628,-0.5940345,-0.052165564,1.1734637,-0.75744385,-0.13100213,1.1076442,-0.82478905,-0.16832957,0.9312267,-0.36421502,-0.012818889,1.0074434,-0.7443991,-0.10572414,0.83668435,-0.75565106,-0.14058582,0.7137267,-0.6626447,-0.14480536,0.7482957,-0.4644463,-0.08051625,0.8465363,-0.79255044,-0.15013836,0.6945863,-0.77078134,-0.110012345,0.58470994,-0.6650117,-0.063799135,0.5319957,-0.5555796,-0.14448926,0.6533484,-0.77644736,-0.17958061,0.5759624,-0.7598411,-0.13075496,0.49342382,-0.67425174,-0.07550312,E,Right,0.95,247.jpg
0.0,0.0,0.0,-0.10663404,-0.2056908,0.029443812,-0.3303942,-0.6201444,0.023537567,-0.49176106,-0.74939686,-0.08002253,-0.26502082,-0.8916029,-0.18128762,-0.20561352,-0.8760992,-0.0060586026,-0.24697286,-1.2085437,-0.1912101,-0.3492031,-1.6253519,-0.32206237,-0.43589032,-1.4551973,-0.31165335,-0.12082128,-0.99153745,0.047494583,-0.01665989,-0.7528793,-0.14205994,0.077092916,-0.6329756,-0.18153144,-0.018993039,-0.47823936,-0.07582091,0.22603136,-0.88281393,0.009368896,0.13432103,-0.6921347,-0.112041935,0.07216564,-0.6327064,-0.05910651,0.045525637,-0.4594314,-0.09541319,0.31057376,-0.78900987,0.030754773,0.22901893,-0.60078496,0.0048283497,0.23788138,-0.43980986,-0.10460941,0.1768335,-0.47438553,-0.12756157,Q,Right,0.96,aug_Q_030.jpg
0.0,0.0,0.0,-0.16704257,-0.11376311,-0.10861563,-0.29286942,-0.56985974,-0.16085945,-0.13110076,-0.6571801,-0.21912694,0.03715136,-0.7771069,-0.27089527,-0.13349232,-1.0050347,-0.07588735,-0.21237709,-1.3761864,-0.30715704,-0.2520451,-1.6351857,-0.33359268,-0.40357608,-1.47805,-0.32539853,0.05347486,-0.9985182,0.010094402,0.07424146,-1.4518359,-0.28874645,0.07128809,-1.7068176,-0.349842,-0.23339865,-1.5219941,-0.36253968,0.13039374,-0.91427803,-0.10100812,0.38306388,-1.3762658,-0.24742767,0.11879808,-1.5156212,-0.34381396,0.027665922,-1.3997185,-0.45441926,0.45925507,-0.6842771,-0.03703297,0.4600236,-1.189646,-0.11855803,0.44432202,-1.4658457,-0.26710942,0.21826427,-1.295416,-0.43190074,E,Right,0.96,aug_E_011.jpg
0.0,0.0,0.0,-0.20479359,-0.26684645,0.0173047,-0.24392109,-0.6428483,-0.100588426,-0.20983218,-0.5460381,-0.18681292,0.082870096,-0.66791993,-0.2095306,-0.19650902,-0.9085268,-0.011762328,-0.29030305,-1.5730336,-0.13747483,-0.21668112,-1.8538159,-0.030160265,-0.3863977,-2.35644,-0.24285221,0.0131738605,-0.9978937,-0.06351862,0.10730421,-1.6646854,-0.06641112,-0.0031873847,-2.166536,-0.22952832,0.032429345,-2.4015958,-0.24658334,0.22342995,-0.9208363,-0.09829701,0.15130807,-0.78999895,-0.19277965,0.06967893,-0.6783077,-0.17907336,0.16993272,-0.39643252,-0.13882424,0.38693097,-0.84136355,-0.10469673,0.38157758,-0.7289748,-0.17631602,0.28397542,-0.48346028,-0.27727368,0.2237408,-0.39534357,-0.1723268,2,Right,0.96,aug_2_021.jpg
0.0,0.0,0.0,-0.15777192,-0.2727903,-0.0440507,-0.45487103,-0.58272165,-0.11251516,-0.39257023,-0.66014194,-0.032668415,-0.2969874,-0.74140346,-0.27212974,-0.22409041,-0.9400277,-0.056445435,-0.28364274,-1.2315701,-0.12793021,-0.3607287,-1.4034514,-0.33526856,-0.41083208,-1.3395046,-0.28885382,0.0037637143,-0.9993177,0.03673976,-0.05158314,-0.6516611,-0.12380153,0.027753273,-0.571454,-0.1571758,-0.035351116,-0.45512593,-0.18465474,0.14498752,-0.8077766,-0.027980933,0.11671497,-0.78506714,-0.08016763,0.050620124,-0.66088116,-0.07439476,0.119736806,-0.4441755,-0.1151434,0.2904316,-0.73013157,-0.07134858,0.23061803,-0.6318087,-0.1649204,0.071261875,-0.49688756,-0.22194408,0.1923962,-0.41253644,-0.13792053,Q,Right,0.96,aug_Q_009.jpg
0.0,0.0,0.0,-0.21862216,-0.3957923,-0.07529845,-0.4198375,-0.5796954,-0.040112626,-0.13650016,-0.6540251,-0.18649794,-0.035317853,-0.78030753,-0.26072973,-0.1336214,-0.9744956,-0.11155235,-0.276884,-1.3720772,-0.17695944,-0.26460406,-1.5691508,-0.39102697,-0.42254218,-1.4237208,-0.3265035,-0.041018017,-0.9983314,-0.040642794,-0.008459675,-1.3479657,-0.20250656,-0.07842942,-1.5208086,-0.23910876,-0.097508505,-1.3940619,-0.28593647,0.22313046,-1.0053611,-0.033186365,0.16310067,-1.1895744,-0.12916595,0.0938884,-1.4851865,-0.26026976,0.06245058,-1.4253048,-0.29490104,0.34073597,-0.7697062,-0.08335263,0.32145303,-1.1267499,-0.23609601,0.2552147,-1.418069,-0.31103212,0.17017928,-1.2745377,-0.39566603,E,Right,0.96,aug_E_009.jpg
0.0,0.0,0.0,-0.24105643,-0.2773492,-0.090804696,-0.3665881,-0.55176276,-0.198949,-0.5028586,-1.0726393,-0.3324262,-0.7459724,-1.456294,-0.27657953,-0.20609297,-1.029132,-0.04121397,-0.12390112,-0.9074266,-0.22693573,-0.099620245,-0.744194,-0.25242358,0.012797898,-0.50260913,-0.28970274,0.021926196,-0.9896906,-0.14153351,0.04218125,-0.86507213,-0.105162494,0.039268255,-0.5828281,-0.25721297,-0.09476501,-0.4995704,-0.33987215,0.30556524,-0.98882616,-0.09816065,0.25815383,-0.7530011,-0.22390053,0.17701207,-0.63085157,-0.3507767,0.16188693,-0.41669306,-0.32352114,0.44396615,-0.7753707,-0.10877688,0.36307237,-0.760127,-0.2894021,0.21066713,-0.4813057,-0.24950951,0.2963613,-0.47002715,-0.28212732,A,Right,0.96,aug_A_002.jpg
0.0,0.0,0.0,-0.11327052,-0.27837694,-0.19283228,-0.33665583,-0.5539662,-0.15614916,-0.10890213,-0.54573053,-0.20309527,0.08604505,-0.58772165,-0.2583407,-0.14573084,-0.8257566,-0.09162903,-0.28882408,-1.3054163,-0.16600633,-0.45791522,-1.676632,-0.21383183,-0.59143907,-2.054919,-0.26872754,0.09094116,-0.9917142,-0.09073497,0.1982386,-1.3897048,-0.15456598,0.32523766,-1.7433807,-0.19896968,0.47589937,-2.0353167,-0.34543523,0.20547162,-0.939975,-0.16892661,0.14184673,-0.6536485,-0.14144972,0.17424351,-0.59258235,-0.18881172,0.18548301,-0.49973932,-0.20700413,0.33074197,-0.73989326,-0.08622354,0.30407754,-0.655041,-0.28173202,0.31780347,-0.5566567,-0.281519,0.3213493,-0.4637864,-0.2030275,V,Right,0.96,aug_V_015.jpg
0.0,0.0,0.0,-0.23649189,-0.1490375,0.055397533,-0.4774165,-0.49644756,-0.18481147,-0.19985911,-0.6159957,-0.13896264,-0.04677833,-0.66781306,-0.11462439,-0.12077751,-0.9776198,-0.0045323847,-0.18547675,-0.76240885,-0.077886626,-0.20247102,-0.51865256,-0.258715,-0.17778547,-0.30892184,-0.20420378,-0.07452243,-0.99701816,-0.020030772,-0.025254821,-0.6965849,-0.057476003,-0.037780844,-0.4652822,-0.15731144,-0.020813083,-0.41500947,-0.08426958,0.10194022,-0.914368,0.065698355,0.22341675,-0.73181367,-0.1579543,0.05154091,-0.5064714,-0.23064798,0.07584043,-0.43208173,-0.17222852,0.31143865,-0.67055714,0.056148406,0.3803275,-0.5865023,-0.08462196,0.2741709,-0.41280058,-0.23185965,0.24224211,-0.40716308,-0.11147356,S,Right,0.96,aug_S_002.jpg
0.0,0.0,0.0,-0.2412343,-0.26480174,-0.15252915,-0.27575862,-0.5747192,-0.025102548,-0.23239645,-0.7460027,-0.23655887,-0.03790184,-0.7405352,-0.10784256,-0.2646492,-0.9951588,-0.03391789,-0.35021564,-1.3289638,-0.20191896,-0.33088735,-1.5355836,-0.1921084,-0.4941566,-1.4531622,-0.31308538,-0.02312176,-0.9884486,-0.14978229,0.08380112,-0.80062705,-0.25062877,-0.0020663363,-0.7033447,-0.15884714,-0.10746879,-0.45120743,-0.27644855,0.093534015,-0.90896255,-0.10637767,0.07091867,-0.8634244,-0.18212524,0.14959331,-0.54024225,-0.16440316,0.09312146,-0.59860134,-0.21124388,0.29352164,-0.86237806,-0.14250468,0.32012054,-0.71906155,-0.24477251,0.20319211,-0.535989,-0.2465531,0.12622146,-0.510991,-0.16129063,X,Right,0.96,aug_X_035.jpg
0.0,0.0,0.0,-0.22987992,-0.11985297,-0.07456611,-0.58581823,-0.57262015,-0.17342095,-0.19377083,-0.6474631,-0.3134828,0.040894713,-0.7474417,-0.29266343,-0.12611344,-1.0556914,-0.16239315,-0.2520916,-0.8839657,-0.1001604,-0.16349873,-0.6790018,-0.2106769,-0.16401638,-0.5884471,-0.25222853,-0.052138913,-0.9936009,-0.100194,0.028584577,-0.9943995,-0.1487922,-0.026081456,-0.70971674,-0.31189921,-0.1198934,-0.53358555,-0.26392043,0.10856889,-0.9956364,-0.13887073,0.1795535,-1.0517015,-0.22592282,0.08400437,-0.7265528,-0.4207342,0.034142435,-0.5271331,-0.3246031,0.5361535,-1.0245517,-0.122773424,0.40135118,-0.7962695,-0.31036723,0.42864868,-0.42490146,-0.43161038,0.21648316,-0.5276873,-0.3253279,M,Right,0.96,aug_M_014.jpg
0.0,0.0,0.0,-0.08954933,-0.14650135,-0.17165221,-0.3985335,-0.51363826,-0.14786673,-0.123582095,-0.5305707,-0.34451398,0.07795361,-0.70998216,-0.20819747,-0.16777816,-0.91444415,-0.1537466,-0.21887532,-0.73786205,-0.25005183,-0.057514943,-0.530823,-0.16437715,-0.03575472,-0.40550247,-0.17954104,-0.00034357392,-0.99380845,-0.11110678,-0.04219243,-0.6108101,-0.13275644,0.14661372,-0.5612295,-0.22426179,0.008510128,-0.38643304,-0.31723368,0.074297644,-0.86935115,-0.19825912,0.24210359,-0.6005412,-0.2832297,0.23230118,-0.51443416,-0.3358812,0.09989003,-0.46345282,-0.21386911,0.31895888,-0.7013267,-0.15774907,0.45243004,-1.1023489,-0.19368483,0.4601527,-1.2908336,-0.23132317,0.4165806,-1.6743801,-0.26080048,I,Right,0.96,aug_I_029.jpg
0.0,0.0,0.0,-0.1622385,-0.35758418,-0.084669895,-0.38528082,-0.71810615,-0.10073546,-0.73590064,-0.87244153,-0.12776025,-1.1072018,-1.0028512,-0.06059296,-0.246985,-0.96352416,-0.046893988,-0.26720026,-1.5950376,-0.09009225,-0.19659768,-1.9261209,-0.15093617,-0.2702793,-2.2688277,-0.28513333,0.013849227,-0.9985416,-0.052181713,-0.15012014,-1.448282,-0.20582555,-0.14555602,-1.8081633,-0.23429137,-0.17845832,-1.619294,-0.3407463,0.16337869,-0.98385084,-0.061751787,0.08318699,-0.87481713,-0.12070318,0.15487994,-0.7057171,-0.082527824,0.14655487,-0.50745714,-0.20395009,0.405702,-0.87019324,-0.0051628156,0.33851388,-0.736256,-0.13699068,0.29573178,-0.43515795,-0.23285164,0.20966625,-0.4684916,-0.22872697,P,Right,0.96,aug_P_026.jpg
0.0,0.0,0.0,-0.1471455,-0.31835014,-0.08954351,-0.3365173,-0.7122502,-0.1798668,-0.52589005,-1.0886357,-0.12633584,-0.714321,-1.4961648,-0.23402812,-0.25282738,-1.0795102,-0.019181442,-0.12130317,-1.4448495,-0.17073023,-0.41256538,-1.6987196,-0.3913326,-0.29683053,-1.6330411,-0.35126927,-0.008666918,-0.9996394,-0.025416076,-0.08023292,-0.9279579,-0.12925112,-0.037147,-0.7637722,-0.22626296,-0.045132566,-0.63260746,-0.23087305,0.16912419,-0.96378994,-0.11130043,0.094355375,-0.86135453,-0.10403809,0.22443154,-0.6826541,-0.17228174,0.09133986,-0.5879142,-0.24724396,0.399081,-0.8894485,-0.030680526,0.27636123,-0.7753869,-0.18653972,0.31232613,-0.64288336,-0.17124237,0.20984355,-0.49467608,-0.16104123,T,Right,0.96,aug_T_010.jpg
0.0,0.0,0.0,-0.16735551,-0.25546345,-0.07717394,-0.26539582,-0.6093678,-0.047752984,-0.37947336,-0.73523086,-0.25802281,-0.29107025,-0.9213682,-0.123943835,-0.10540591,-0.96036613,0.09055108,-0.2639298,-1.2369832,-0.13773316,-0.28481287,-1.5583704,-0.25212234,-0.25388086,-1.3863381,-0.2336609,0.022433052,-0.9989147,0.040817462,0.12062032,-1.4255229,-0.09585967,0.009976133,-1.5548854,-0.25369075,0.01023927,-1.4290301,-0.30063856,0.21092018,-0.8720028,0.030949615,0.240849,-1.2878536,-0.08815772,0.1651682,-1.5167931,-0.09318763,0.12513307,-1.359435,-0.29308808,0.40074256,-0.72020435,0.036575597,0.37768942,-1.1972805,-0.20748386,0.38182998,-1.6074258,-0.30693102,0.2852604,-1.4054557,-0.14969474,O,Right,0.96,aug_O_009.jpg
0.0,0.0,0.0,-0.28113925,-0.2400075,-0.11814411,-0.340696,-0.50090784,-0.16022877,-0.14853558,-0.57300746,-0.29437864,-0.04742019,-0.6617996,-0.16713692,-0.26020297,-1.0573964,-0.08210507,-0.18844527,-1.4297974,-0.014722639,-0.36609665,-1.8710743,-0.2619348,-0.36077443,-2.21144,-0.3115363,0.041354276,-0.9826672,-0.1807069,0.0115234945,-1.5595467,-0.16296633,0.027538093,-1.8667057,-0.16404021,-0.021494038,-2.4212866,-0.28512615,0.17208056,-0.8102712,-0.15092608,0.13375133,-0.8266118,-0.19775985,0.11928205,-0.61565745,-0.21691558,0.033017535,-0.3797444,-0.3109412,0.44581372,-0.8478728,-0.10222761,0.35279202,-0.6779332,-0.2014331,0.24700144,-0.48431912,-0.2518196,0.3492779,-0.49366605,-0.25471348,R,Right,0.96,aug_R_034.jpg
0.0,0.0,0.0,-0.06913082,-0.35396937,-0.051014774,-0.27761462,-0.5892534,-0.14599411,-0.07689906,-0.6917651,-0.073805094,0.032787066,-0.67951787,-0.19560654,-0.15121043,-0.9380985,-0.13371876,-0.42508143,-1.4468595,-0.1567722,-0.61617476,-1.7723424,-0.17416264,-0.6922613,-2.2507155,-0.14941658,0.0550018,-0.9983334,-0.017469864,0.013108685,-1.5379856,-0.21123503,0.07402669,-1.893395,-0.025639806,0.079355344,-2.2073088,-0.13864546,0.24669667,-0.89445627,-0.01213807,0.36147797,-1.3990103,-0.15030189,0.5085695,-1.6537395,-0.13852848,0.67247105,-2.194871,-0.20072423,0.3309405,-0.8481743,-0.037314955,0.34902978,-0.65473497,-0.09080125,0.26072153,-0.66668475,-0.22719386,0.22486007,-0.4443085,-0.14364089,W,Right,0.96,aug_W_032.jpg
0.0,0.0,0.0,-0.21675096,-0.26916248,-0.15311302,-0.39635503,-0.45714805,-0.1486124,-0.6613728,-0.84715176,-0.1524292,-1.0193768,-0.8824812,-0.3070967,-0.17318647,-0.8420981,-0.18421972,-0.27136338,-1.375066,-0.09118473,-0.3008943,-1.787208,-0.21387862,-0.32287705,-2.1693783,-0.29072267,-0.111510836,-0.9734692,-0.19980787,0.13157913,-0.75877774,-0.20895498,0.025180724,-0.63346976,-0.2763052,0.023999268,-0.523046,-0.23108965,0.29438218,-0.9615702,-0.102355435,0.08843898,-0.70566374,-0.20429079,0.23625998,-0.513325,-0.3478537,0.12949456,-0.42864823,-0.20337696,0.38744643,-0.71083695,-0.18811941,0.33902535,-0.66407186,-0.18540382,0.26507172,-0.49073443,-0.23475881,0.25938323,-0.46467346,-0.1359958,G,Right,0.96,aug_G_017.jpg
0.0,0.0,0.0,-0.16884564,-0.28290334,-0.12546466,-0.18669793,-0.70206475,-0.17109661,-0.13881701,-0.6892953,-0.32507762,-0.0607334,-0.8073985,-0.2046867,-0.13879083,-1.0362132,-0.04452342,-0.0789471,-1.363541,-0.14043643,-0.22023802,-1.7598559,-0.30171412,-0.32485187,-2.0778408,-0.21966109,0.023924299,-0.992851,-0.11693801,0.041562147,-1.4968499,-0.14117225,-0.022008952,-1.7981073,-0.28543478,-0.026271686,-2.2428994,-0.23953992,0.22227351,-0.9453179,-0.19326474,0.22941396,-0.76699454,-0.21336664,0.18548015,-0.68980134,-0.19380894,0.15305646,-0.5243558,-0.2529367,0.371395,-0.7009066,-0.09673335,0.36872298,-0.679898,-0.20621878,0.39498997,-0.5719785,-0.23824629,0.3610164,-0.39684042,-0.22989878,U,Right,0.96,aug_U_027.jpg
0.0,0.0,0.0,-0.22554468,-0.27652788,0.020197213,-0.4086542,-0.6143259,0.018697549,-0.56582713,-0.83403873,-0.19135264,-0.8890955,-0.87715024,-0.1275286,-0.17160237,-0.9402377,-0.059769515,-0.2721114,-1.3305825,-0.115436584,-0.36541516,-1.6966447,-0.10756364,-0.22763489,-2.0352383,-0.22973704,0.028618982,-0.99850595,-0.046549175,-0.090424426,-0.8040438,-0.114025615,-0.028330771,-0.6161148,-0.11056863,-0.01628252,-0.51115364,-0.14613338,0.21777128,-0.9580736,-0.092807226,0.033225108,-0.7620228,-0.12749779,0.03733128,-0.67263055,-0.055681154,0.07232485,-0.46436915,-0.22858274,0.3153659,-0.76225245,-0.0039898953,0.2464971,-0.6553053,-0.09726047,0.2219092,-0.6010983,-0.23767762,0.0801104,-0.53005683,-0.17117894,L,Right,0.96,aug_L_026.jpg
0.0,0.0,0.0,-0.21902399,-0.31640205,0.021152409,-0.24719745,-0.6763282,-0.07423751,-0.7895598,-0.7841558,-0.07152119,-1.0556587,-0.96437174,-0.14308788,-0.05900457,-1.05212,0.14131479,-0.17536616,-1.5313965,-0.024541747,-0.21773575,-1.9203967,-0.113881685,-0.24721658,-2.2420058,-0.047294557,0.052691966,-0.99686193,0.059074257,0.044815224,-0.8969062,-0.0040625064,-0.03787364,-0.58266485,-0.100897186,0.026714403,-0.55908734,-0.13475645,0.3024813,-0.94413745,0.013009712,0.1787552,-0.7952905,0.104369126,0.37351292,-0.6027429,-0.15445733,0.20621175,-0.56082857,-0.1220051,0.5399908,-0.82848775,0.02348698,0.37911275,-0.7634374,-0.07439993,0.4036687,-0.5258735,-0.090914786,0.38003224,-0.56957656,-0.10526445,G,Right,0.96,aug_G_007.jpg
0.0,0.0,0.0,-0.17740454,-0.3818293,-0.079521134,-0.36566448,-0.6569094,-0.054886147,-0.20797586,-0.7438947,-0.10470287,0.061645467,-0.7831704,-0.2711938,-0.24905503,-0.9874053,-0.007178804,-0.28116408,-0.84340066,-0.17401034,-0.1478037,-0.64544225,-0.14809443,-0.08373777,-0.5162234,-0.20968165,-0.028912008,-0.9992501,0.025751889,-0.020692345,-0.9127254,-0.09232859,-0.023497455,-0.650393,-0.24682549,-0.0006339148,-0.4999052,-0.24371287,0.16976431,-0.9552481,-0.14981143,0.16006675,-0.77063525,-0.093819164,0.15318306,-0.69423854,-0.10541428,0.18616503,-0.5602162,-0.22463731,0.43831378,-0.77235913,0.028728414,0.42293295,-1.2774012,-0.28310055,0.4522311,-1.4014728,-0.3260216,0.26035416,-1.3634608,-0.32602844,J,Right,0.96,aug_J_001.jpg
0.0,0.0,0.0,-0.036284085,-0.34817827,-0.017082987,-0.26566648,-0.58881974,-0.19652471,-0.51321816,-0.7705862,-0.14448078,-0.8250969,-0.94233465,-0.16411349,-0.043092445,-0.99524903,-0.13858467,0.019831873,-0.81171834,-0.15622133,-0.0030687852,-0.63365126,-0.15373708,-0.044302173,-0.52302897,-0.12415656,-0.023320828,-0.99894595,-0.039536115,0.07504451,-0.8426913,-0.07810521,0.05140136,-0.68003094,-0.16248418,0.053047936,-0.6247215,-0.16751279,0.23811847,-0.94560623,-0.060856465,0.028195819,-0.7438603,-0.092222154,0.11942405,-0.71334594,-0.10637869,0.08721504,-0.53238297,-0.2024852,0.41235068,-0.8012242,-0.068330735,0.5763659,-1.1582971,-0.18394026,0.6349922,-1.4746746,-0.21629144,0.8230473,-1.7202349,-0.16058855,Y,Right,0.96,aug_Y_026.jpg
0.0,0.0,0.0,-0.2539085,-0.24357674,-0.031673618,-0.44233423,-0.61781466,-0.18131724,-0.17690566,-0.6343488,-0.33649698,-0.107054085,-0.69936574,-0.1319038,-0.3271896,-0.91766375,-0.10942412,-0.37590757,-1.3070674,-0.18283652,-0.30582452,-1.8116196,-0.2017008,-0.3705347,-2.0403643,-0.19678685,-0.042451043,-0.9989814,-0.01530039,-0.07547614,-1.426673,-0.11310117,-0.06839542,-1.8679867,-0.22542137,-0.12262964,-2.1823,-0.25064683,0.06531363,-0.900104,-0.013961958,0.068754934,-0.84173554,-0.1675778,0.021159945,-0.6456757,-0.21969846,0.05245908,-0.5451075,-0.20902415,0.2711979,-0.7766133,-0.12195522,0.17249505,-0.6995438,-0.13722406,0.14957844,-0.5513558,-0.28049752,0.09971788,-0.4465683,-0.30729643,H,Right,0.96,aug_H_028.jpg
0.0,0.0,0.0,-0.14037666,-0.18176602,-0.021754846,-0.5183894,-0.6417064,-0.10490444,-0.16525444,-0.6938205,-0.21518986,0.06699471,-0.68397903,-0.11354254,-0.13482761,-0.9550075,-0.0046801264,-0.039964754,-0.794649,-0.0058968524,-0.029974457,-0.7298884,-0.10241012,0.035498988,-0.41879597,-0.2670607,0.14962967,-0.9817405,-0.1174586,0.12574917,-0.8181182,-0.13346493,0.07659521,-0.7476624,-0.1899805,0.12992427,-0.5256252,-0.18924236,0.25697812,-0.9662351,-0.14459233,0.27778786,-0.78340334,-0.18471727,0.3110843,-0.57643914,-0.1898634,0.2626516,-0.37634376,-0.24405205,0.42606166,-0.9230197,-0.07463188,0.41952258,-0.7824017,-0.18603377,0.4377285,-0.50985587,-0.23285653,0.4170428,-0.5063922,-0.1546837,M,Right,0.96,aug_M_033.jpg
0.0,0.0,0.0,-0.05425023,-0.2866278,-0.18443762,-0.46084753,-0.4929441,-0.22404961,-0.7179675,-0.81979924,-0.24836887,-0.993284,-0.8740942,-0.42975986,-0.18707657,-0.9266371,-0.17570424,-0.14380181,-0.8222634,-0.27018225,-0.23120406,-0.61868316,-0.25887385,-0.1249674,-0.4595521,-0.3036775,0.06697706,-0.99625605,-0.054661926,0.029532023,-0.8256919,-0.33525333,0.012280291,-0.6546969,-0.18654834,0.021192119,-0.45829034,-0.19833107,0.26989135,-0.92505646,-0.0184713,0.120486826,-0.70657897,-0.27178696,0.19667517,-0.6951063,-0.24211888,0.054613397,-0.55974966,-0.3305166,0.4088579,-0.7532023,-0.10986295,0.5793288,-1.1795737,-0.22390942,0.64868516,-1.5389692,-0.16250034,0.78678274,-1.855212,-0.33229327,Y,Right,0.96,aug_Y_031.jpg
0.0,0.0,0.0,-0.1462512,-0.24006687,-0.038550973,-0.37250605,-0.59015554,-0.10152838,-0.8014755,-0.71380883,-0.11683842,-1.0162237,-0.83110064,-0.21357825,-0.20466073,-0.8968522,-0.03771376,-0.17226186,-1.4126855,-0.003833145,-0.3288081,-1.67817,-0.25830233,-0.39021087,-2.0865393,-0.2035084,-0.025808603,-0.9932959,-0.1126815,-0.08112581,-1.4701952,-0.12908593,0.049411245,-1.8469213,-0.09977176,0.0016913457,-2.2671325,-0.2874466,0.21821599,-0.9589683,-0.07086103,0.19152102,-1.3524145,-0.04257584,0.19984467,-1.7106663,-0.08384863,0.2314474,-2.0529015,-0.24318063,0.28859583,-0.77675116,-0.115611665,0.38145465,-1.1794705,-0.22876647,0.34619847,-1.6358458,-0.1562299,0.4779694,-1.8928982,-0.25248525,HELLO,Right,0.96,aug_HELLO_031.jpg
0.0,0.0,0.0,-0.23270899,-0.15555963,-0.095886104,-0.34451517,-0.5528809,-0.21219382,-0.5971872,-0.7554945,-0.1784646,-0.83726627,-0.86397195,-0.30628935,-0.16288854,-0.87537646,-0.0941944,-0.23499644,-1.2994326,-0.1527267,-0.24785943,-1.5511566,-0.22011068,-0.25641364,-1.8665849,-0.19664381,0.06778637,-0.99763644,-0.011250356,-0.049389824,-0.7459971,-0.17981328,-0.08168231,-0.5751899,-0.180456,0.001363108,-0.5518795,-0.27970663,0.1057989,-0.7759742,-0.098733805,0.0050013,-0.6206982,-0.11111901,0.04811489,-0.61945295,-0.23470998,0.08474842,-0.47282898,-0.25334257,0.35778895,-0.63581026,-0.10560095,0.2295632,-0.5642091,-0.28541267,0.17512539,-0.47532192,-0.15555844,0.16293092,-0.33532834,-0.33652353,G,Right,0.96,aug_G_003.jpg
0.0,0.0,0.0,-0.29967076,-0.16800345,-0.007900477,-0.45335624,-0.5631819,-0.09376823,-0.3143071,-0.6343482,-0.1901942,-0.11113227,-0.6449745,-0.18110737,-0.28983662,-0.9443324,0.015026119,-0.4542208,-1.4110489,-0.08476173,-0.6741754,-1.8135307,-0.19448356,-0.80832523,-2.2557929,-0.11948251,-0.101454474,-0.99417657,-0.03633131,-0.1764862,-1.4566234,-0.06074724,-0.1392517,-1.9254171,-0.111797415,-0.11298951,-2.1612015,-0.14330529,0.13563813,-0.91858447,-0.025989372,0.15171827,-1.3441852,-0.0121584125,0.3847197,-1.6741823,-0.17265315,0.44201,-2.0998247,-0.18154658,0.28545296,-0.7262114,0.0066056703,0.17501006,-0.65462655,-0.08297257,0.1427079,-0.5417912,-0.12910971,0.05807209,-0.47088078,-0.18045774,W,Right,0.96,aug_W_019.jpg
0.0,0.0,0.0,-0.23785575,-0.20666485,-0.006026089,-0.3124457,-0.6071795,-0.14577259,-0.6201869,-0.7062279,-0.16941136,-0.8486901,-0.84618956,-0.19828258,-0.19197972,-0.899058,-0.11713569,-0.11642986,-1.218547,-0.1025591,-0.18615054,-1.5772121,-0.1616194,-0.36539298,-1.9552082,-0.22763991,-0.061822243,-0.99597776,-0.06485587,0.0094781695,-1.3064982,-0.247737,0.009643919,-1.4961479,-0.28442428,-0.13797161,-1.3061513,-0.37542167,0.16106799,-0.8334972,-0.077698484,0.119765185,-0.7026009,-0.06327172,0.24118786,-0.628434,-0.32465243,0.10426272,-0.46576175,-0.15934782,0.3336538,-0.7165912,-0.033735484,0.34101862,-0.70575607,-0.21043259,0.23302427,-0.51082164,-0.22230527,0.2186654,-0.3853822,-0.12698099,P,Right,0.96,aug_P_032.jpg
0.0,0.0,0.0,-0.04311178,-0.11474854,-0.067841485,-0.34417722,-0.5814921,-0.011560019,-0.5498394,-1.0524341,-0.085092075,-0.70998544,-1.2919188,-0.1892143,-0.1508106,-0.9133747,-0.0095255,-0.28363535,-1.2483279,-0.15478715,-0.28675342,-1.4362321,-0.1242593,-0.3241806,-1.500327,-0.2146786,-0.04912043,-0.9982557,-0.032752246,0.012469444,-0.80086017,-0.06667659,0.098121375,-0.6270189,-0.1620242,0.102022104,-0.42786327,-0.14199543,0.19490626,-1.0074637,0.0319351,0.25276002,-0.77791196,-0.0804833,0.27274993,-0.50657445,-0.17269485,0.14375395,-0.45227554,-0.21987031,0.31318074,-0.8430561,-0.021863423,0.34696144,-0.717242,-0.099026024,0.33982125,-0.569915,-0.24286486,0.31618768,-0.36978894,-0.1855373,T,Right,0.96,aug_T_018.jpg
0.0,0.0,0.0,-0.106603004,-0.2346379,-0.015914848,-0.20977344,-0.651733,-0.10676942,-0.58317703,-0.75899374,-0.109781116,-0.802221,-1.0625153,-0.2552019,-0.19529235,-0.9894106,-0.09831512,-0.03705498,-1.408683,-0.057256717,-0.22698085,-1.8169601,-0.030907467,-0.11979622,-2.0866394,-0.2630759,0.07079531,-0.9968109,-0.03682367,-0.018295368,-0.7408141,-0.15637934,0.022657925,-0.6644321,-0.094008885,0.12013259,-0.60054666,-0.2341014,0.1531856,-0.9409917,-0.049710006,0.25160387,-0.83027303,-0.0612686,0.2590061,-0.70112664,-0.13570148,0.25064516,-0.58188766,-0.16748051,0.4313957,-0.813041,0.017316787,0.4461433,-0.68523896,-0.09358753,0.3264601,-0.5578155,-0.22382784,0.44250536,-0.41658956,-0.10598008,L,Right,0.96,aug_L_033.jpg
0.0,0.0,0.0,-0.14718519,-0.2627832,-0.033854183,-0.45585,-0.587147,0.01307352,-0.62411195,-0.5592277,-0.119647965,-0.39804405,-0.8729903,-0.23050834,-0.18802525,-1.0097907,0.032854434,-0.27661613,-1.3222489,-0.0216356,-0.38870016,-1.6069907,-0.18304613,-0.37294954,-1.4335731,-0.31620675,-0.072161116,-0.99530745,0.06446605,0.030016927,-0.77540535,-0.14969155,-0.034600545,-0.62555283,-0.10898561,0.015631009,-0.44787192,-0.24009071,0.11843222,-0.9095644,0.033682093,0.13808627,-0.7404977,-0.035171844,0.08159542,-0.71859396,-0.1470668,0.13756171,-0.45290792,-0.14033522,0.4673028,-0.63835084,0.06775218,0.43846264,-0.75453895,-0.06667302,0.26433215,-0.47614887,-0.19654793,0.2440039,-0.45599714,-0.075745665,Q,Right,0.96,aug_Q_010.jpg
0.0,0.0,0.0,-0.28402412,-0.18913499,-0.009268884,-0.4738067,-0.6109424,-0.081506185,-0.12527055,-0.57578826,-0.19661887,-0.09668743,-0.73157513,-0.14726032,-0.17933641,-0.9217903,-0.0656768,-0.22584881,-0.6592268,-0.13762598,-0.23618223,-0.63990366,-0.2337351,-0.07270113,-0.41845733,-0.20369059,-0.2066727,-0.9778084,-0.034306355,-0.032615006,-0.737262,-0.21263802,-0.041917663,-0.6303054,-0.1852419,-0.092092246,-0.38886094,-0.16742136,0.1181004,-0.7707063,-0.07235582,0.006299898,-0.6551714,-0.12769188,0.064526565,-0.612665,-0.15821591,0.08040463,-0.48642716,-0.15531854,0.31604093,-0.7552945,-0.052368786,0.22944422,-0.55686253,-0.17554843,0.2943517,-0.48298597,-0.27804205,0.054554295,-0.41253117,-0.114516824,S,Right,0.96,aug_S_005.jpg
0.0,0.0,0.0,-0.15747315,-0.15836024,0.11273402,-0.39568192,-0.56868184,0.0013649439,-0.6423831,-0.62275326,0.024132853,-0.93897593,-0.79661834,-0.108095184,-0.13228458,-0.8659691,0.1540777,-0.10913597,-0.76703596,-0.057496697,-0.10876692,-0.6267981,-0.07421707,-0.05229046,-0.3765995,-0.027714282,0.053137034,-0.9985457,0.009107545,0.0142611945,-0.6884545,0.018655188,0.033900883,-0.41010612,0.024713336,0.116142325,-0.36367065,-0.036195084,0.25303075,-0.9161785,0.018481709,0.17345682,-0.67139655,-0.022371732,0.20075798,-0.656552,-0.033593,0.14313811,-0.41271156,-0.010309879,0.35807005,-0.6915387,0.09223839,0.5527658,-1.1572101,-0.033153333,0.73434293,-1.3824507,-0.016507957,0.8395605,-1.7632754,-0.053949967,Y,Right,0.96,aug_Y_030.jpg
0.0,0.0,0.0,-0.15033205,-0.26145023,-0.004442029,-0.4622857,-0.52301824,-0.10560278,-0.12538464,-0.6236721,-0.19956504,-0.05916954,-0.6036965,-0.13525847,-0.25367516,-0.8937534,-0.047642127,-0.1693706,-0.82735866,-0.07155655,-0.13201798,-0.6158604,-0.07027558,-0.16220386,-0.5502362,-0.09760897,-0.05300772,-0.9984908,-0.014364099,-0.11833791,-0.7850141,0.020618264,-0.02201767,-0.58742946,-0.12617809,-0.01752608,-0.49026603,-0.22387806,0.029551823,-0.89506215,-0.031032197,0.05602443,-0.6840716,-0.0736658,0.063616,-0.67358685,-0.1422529,-0.017664649,-0.5450688,-0.2874213,0.20334643,-0.65627116,0.048003573,0.21978685,-1.1408668,-0.009337875,0.33934888,-1.3136119,-0.1803398,0.15263315,-1.2154585,-0.24534611,J,Right,0.96,aug_J_014.jpg
0.0,0.0,0.0,-0.1621538,-0.24900293,-0.07063406,-0.306812,-0.61699796,-0.06027145,-0.5335027,-0.9672609,-0.20374349,-0.6649017,-1.260119,-0.21835774,-0.29068172,-1.0096151,-0.18458396,-0.1669709,-1.294804,-0.22166485,-0.2933726,-1.5057663,-0.369606,-0.29787788,-1.3797417,-0.38731644,0.030062165,-0.9892697,-0.14297469,0.08837977,-0.7520948,-0.15199378,0.102816604,-0.4834546,-0.3034565,0.05524188,-0.5633916,-0.119338036,0.24410534,-0.9303843,-0.08299063,0.2578457,-0.7349551,-0.12728629,0.2659712,-0.57423335,-0.142718,0.13492699,-0.61215127,-0.19734918,0.3738012,-0.7169507,-0.1638289,0.40910128,-0.6598474,-0.13933858,0.35327262,-0.5376235,-0.22072072,0.33629528,-0.41511592,-0.16601539,T,Right,0.96,aug_T_023.jpg
0.0,0.0,0.0,-0.2095073,-0.34479165,0.055867072,-0.29894018,-0.70511717,-0.0031793506,-0.14356889,-0.7209837,-0.13535587,-0.035534453,-0.7337855,-0.18945037,-0.15947156,-0.9810902,0.04988119,-0.18286875,-1.3650063,-0.097753264,-0.23460576,-1.7259105,-0.013111782,-0.33296165,-2.149877,-0.09594077,0.119813435,-0.99157286,-0.049273882,-0.022707481,-1.4830414,-0.015822344,0.0231374,-1.8987083,-0.020542808,0.016415281,-2.2095895,-0.21611947,0.27398345,-0.9548628,0.0801981,0.19899216,-0.8622377,-0.06568724,0.25404784,-0.6865512,-0.03512293,0.14306377,-0.45245126,-0.11418028,0.37990734,-0.6899753,0.04732263,0.3300796,-0.67661023,-0.1084309,0.30422765,-0.50404024,-0.13112956,0.20845538,-0.5301935,-0.11870945,2,Right,0.96,aug_2_019.jpg
0.0,0.0,0.0,-0.2632747,-0.25061947,0.029134085,-0.3826717,-0.5676602,-0.108115636,-0.30720887,-0.5810941,-0.13934779,-0.072265595,-0.67172647,-0.17848246,-0.24442787,-0.9347203,-0.07043097,-0.24777487,-0.805544,-0.15460558,-0.13869251,-0.50533295,-0.21890147,-0.22737274,-0.5863283,-0.18322377,-0.069694966,-0.9973914,-0.018784411,-0.12523861,-0.9199543,-0.107609764,-0.022509703,-0.6409278,-0.27224672,-0.0026590528,-0.39290315,-0.15790847,0.11636714,-0.9085642,-0.10733682,0.17971294,-0.75864697,-0.22956796,0.09943683,-0.58839357,-0.19401161,0.05166291,-0.5403987,-0.1408588,0.32507786,-0.89089775,-0.04855503,0.37212697,-0.6878686,-0.022405146,0.29026297,-0.49727654,-0.18191977,0.21164422,-0.4343805,-0.19219306,N,Right,0.96,aug_N_009.jpg
0.0,0.0,0.0,-0.13651998,-0.2641354,-0.1454978,-0.3959393,-0.6485773,-0.21836045,-0.6532225,-0.79748434,-0.13682015,-0.9374418,-0.8830079,-0.25388023,-0.2575764,-0.8747604,-0.07756033,-0.14473687,-0.7725643,-0.23663144,-0.18128558,-0.6099903,-0.16177103,-0.0814411,-0.45576826,-0.26719183,0.03976384,-0.99411553,-0.10076251,-0.034838963,-0.7575721,-0.15192725,-0.091433644,-0.56548846,-0.119298354,-0.034287255,-0.5120903,-0.17723617,0.15708084,-0.8880133,-0.016335381,0.042201884,-0.8006205,-0.1766386,0.028685553,-0.65203035,-0.25986886,0.117758825,-0.47032243,-0.3261679,0.28821746,-0.79558057,-0.12403666,0.43746805,-1.0771195,-0.1908393,0.650785,-1.3975329,-0.24751551,0.8189278,-1.6223965,-0.22559926,Y,Right,0.96,aug_Y_024.jpg
0.0,0.0,0.0,-0.18153232,-0.23819667,-0.041424233,-0.33655208,-0.50501126,-0.08989442,-0.2629496,-0.53962547,-0.16398808,-0.037859898,-0.6603184,-0.18539003,-0.17455769,-0.793628,-0.16414173,-0.30269378,-1.4008771,-0.19094485,-0.28273854,-1.4858873,-0.30584362,-0.38456938,-1.3819221,-0.29475167,0.07830436,-0.9944278,-0.070581324,0.008712507,-1.2376987,-0.24136622,0.030724905,-1.6360813,-0.2193354,-0.07721885,-1.4210114,-0.28482065,0.17567372,-0.8998837,0.041971274,0.1734025,-1.1858709,-0.13286716,0.20242384,-1.4254369,-0.25113356,0.12252646,-1.3002212,-0.3387978,0.31482393,-0.68873465,0.0036960426,0.32996267,-1.14294,-0.17144401,0.43041724,-1.4305831,-0.24473993,0.23078936,-1.2621046,-0.38837525,E,Right,0.96,aug_E_024.jpg
0.0,0.0,0.0,-0.2459701,-0.22869475,-0.025997788,-0.44018573,-0.60171807,-0.068414114,-0.79609275,-0.7675147,-0.15075636,-0.9887789,-0.9624826,-0.14298762,-0.34418917,-1.0219226,0.04040245,-0.20247963,-1.5075539,-0.015649166,-0.35699365,-1.8343815,-0.12779409,-0.35500008,-2.1201987,-0.14112478,-0.052563973,-0.9965822,-0.06372468,-0.04992171,-1.490245,-0.036787506,-0.070940815,-1.9859178,-0.09360672,-0.13103336,-2.3208287,-0.09172911,0.16656089,-1.0681231,-0.009534612,0.16209896,-1.4777927,-0.04728315,0.15277644,-1.7953596,-0.10369872,0.1455296,-2.079086,-0.18747066,0.285307,-0.77010685,0.03877286,0.2671091,-1.1885527,0.010172911,0.48856473,-1.5159268,-0.1675225,0.43846512,-1.9061252,-0.17394577,5,Right,0.96,aug_5_005.jpg
0.0,0.0,0.0,-0.13470522,0.62430316,-0.15168393,-0.59871966,0.99458194,-0.1605185,-1.0672667,1.029404,-0.17481002,-1.3642728,1.0490394,-0.14772739,-0.9449359,0.7255495,0.09223552,-1.2445542,0.6498305,-0.107999414,-0.8827651,0.60460484,-0.18293391,-0.77563405,0.6019064,-0.19900209,-0.9330006,0.34810507,0.09128358,-1.1881796,0.27147618,-0.1363918,-0.7554491,0.30777147,-0.1679926,-0.71259063,0.34250438,-0.12588736,-0.8926732,0.0037613965,0.03717477,-1.109727,-0.08555679,-0.23444442,-0.6883238,-0.0013259547,-0.1751213,-0.61656904,0.05808367,-0.058057837,-0.84279513,-0.34755677,-0.028299794,-1.0206892,-0.3935286,-0.17101087,-0.71603245,-0.2917292,-0.10273213,-0.607737,-0.21537858,-0.009940942,A,Right,0.95,488.jpg
0.0,0.0,0.0,-0.28383157,-0.3151735,-0.008221682,-0.4411105,-0.72802174,-0.10786383,-0.69903284,-0.76290816,-0.10145796,-0.92011833,-0.8874094,-0.120646566,-0.2910054,-0.9181852,-0.019496517,-0.3200213,-1.4598564,-0.1350415,-0.33339497,-1.6908808,-0.17181002,-0.38725102,-2.1115985,-0.1246747,-0.036148753,-0.9976574,-0.058078174,0.030848699,-1.5076795,-0.027058562,-0.025805637,-1.8260529,-0.008617004,-0.09212857,-2.2290418,-0.24782817,0.18766685,-0.8124809,0.035158075,0.24553926,-1.347833,-0.11509962,0.09388719,-1.5800517,-0.11505322,0.15565684,-1.9226904,-0.23422629,0.33368123,-0.77905196,-0.018860662,0.35270312,-1.2388768,-0.09200871,0.45462653,-1.4699667,-0.09901714,0.3449181,-1.7753737,-0.21598406,5,Right,0.96,aug_5_022.jpg
0.0,0.0,0.0,-0.110290535,-0.3526048,-0.060154174,-0.2856384,-0.59756756,-0.14976297,-0.13434365,-0.6801483,-0.1985601,0.04469189,-0.76285106,-0.22261417,-0.09958046,-0.9378278,-0.117291525,-0.20381932,-1.348457,-0.2612728,-0.30741176,-1.5331792,-0.3372279,-0.44802365,-1.4070339,-0.38997614,0.084983915,-0.992455,-0.08837839,-0.055065382,-1.5130233,-0.26855332,0.006311615,-1.5667669,-0.30622357,0.060302142,-1.5770333,-0.35999516,0.20878021,-0.94862485,-0.0046682414,0.32991564,-1.3155526,-0.18634936,0.1995454,-1.5993913,-0.32106894,0.0716072,-1.4111525,-0.4121592,0.4196032,-0.8108426,-0.0608003,0.42789432,-1.141553,-0.11503681,0.34495065,-1.4004611,-0.20851342,0.33069506,-1.2800289,-0.4641299,E,Right,0.96,aug_E_010.jpg
0.0,0.0,0.0,-0.15196186,-0.27391773,-0.1185818,-0.47575146,-0.5930593,-0.22708787,-0.6765878,-1.0741246,-0.15599671,-0.9345455,-1.2664053,-0.28076828,-0.30194455,-0.9124038,-0.15825257,-0.3188867,-1.3803886,-0.23047967,-0.3711881,-1.8408654,-0.13759716,-0.50579345,-2.3331637,-0.2028557,-0.066010416,-0.9957581,-0.064096175,-0.12433224,-1.5440438,-0.11702755,-0.12638135,-1.8444933,-0.15598236,-0.15485267,-2.3643832,-0.29219544,0.1622263,-0.8420594,-0.13376708,0.12300432,-0.7373447,-0.13519521,0.17872414,-0.627398,-0.27900627,-0.03734741,-0.51221335,-0.23861511,0.33458734,-0.74546844,-0.03539908,0.26525375,-0.5757276,-0.2000659,0.37711036,-0.47591108,-0.2851799,0.1010611,-0.38496846,-0.247352,3,Right,0.96,aug_3_003.jpg
0.0,0.0,0.0,-0.2311374,-0.28068194,-0.09696429,-0.34784108,-0.51031196,-0.027747065,-0.6841876,-0.80200166,-0.11947021,-1.0672169,-0.9284476,-0.17955446,-0.2945084,-0.9607204,-0.064734355,-0.24795444,-1.4564836,-0.062231455,-0.27079052,-1.8943763,-0.14766589,-0.39495724,-2.135687,-0.08019742,-0.02323113,-0.99268526,-0.118474916,-0.008377799,-1.4103488,-0.099526934,-0.086094305,-1.6797811,-0.34841928,-0.15778303,-1.5215371,-0.2500274,0.20036946,-0.9265196,0.0012554902,0.21613108,-0.84440744,-0.165642,0.22743954,-0.6788514,-0.13919829,0.13695742,-0.49431124,-0.13765278,0.33747393,-0.6748005,-0.059665136,0.25234488,-0.6327082,-0.08900064,0.2677478,-0.53901273,-0.20520018,0.16990794,-0.4804433,-0.15912007,K,Right,0.96,aug_K_018.jpg
0.0,0.0,0.0,-0.2886817,-0.2663982,-0.09212885,-0.47890458,-0.6845898,-0.12866911,-0.20432322,-0.74708915,-0.23801176,-0.122084826,-0.85638577,-0.1907619,-0.34031022,-0.99325573,0.06966356,-0.35876143,-1.523963,-0.08025226,-0.31216037,-1.8322215,-0.13986182,-0.5578432,-2.2370458,-0.13514718,-0.062269974,-0.99512655,-0.0764568,-0.13839538,-1.5880808,-0.045639604,-0.13056691,-1.9249978,-0.15347588,-0.15533699,-2.3119056,-0.16111901,0.11243505,-0.9867598,0.0062737223,-0.035424277,-0.8858878,-0.07925813,0.02010341,-0.7092565,-0.23004495,0.02241836,-0.4512128,-0.14459889,0.2320337,-0.75774723,-0.018609628,0.1863111,-0.67071205,-0.14206414,0.08319158,-0.619981,-0.14882535,0.07713157,-0.6137171,-0.09635754,R,Right,0.96,aug_R_020.jpg
0.0,0.0,0.0,-0.14566278,-0.19383326,-0.053526625,-0.3778913,-0.47590324,-0.049620647,-0.058852755,-0.60751796,-0.22653311,0.044591602,-0.74237245,-0.15958019,-0.15935338,-0.98384017,-0.07508546,-0.086538136,-1.3096591,-0.084950596,-0.14818944,-1.676926,-0.122634515,-0.23145992,-2.0124974,-0.19750533,-0.10124011,-0.99149454,-0.08178653,0.020104045,-0.80742145,-0.009483812,-0.041072894,-0.5385869,-0.14890008,0.05270968,-0.44576144,-0.27153516,0.17921893,-0.873741,-0.09119045,0.16100198,-0.64845145,-0.2524926,0.110996984,-0.67170596,-0.15634346,0.079584636,-0.5137543,-0.12527063,0.42977524,-0.6009274,-0.07140431,0.21396105,-0.62283164,-0.03702574,0.3045661,-0.44440365,-0.17129639,0.19105543,-0.43556294,-0.17658143,1,Right,0.96,aug_1_023.jpg
0.0,0.0,0.0,-0.30206677,-0.21234904,0.029913813,-0.49359655,-0.62137747,-0.05187641,-0.54284286,-0.8295977,-0.16919127,-0.3618287,-0.8931822,-0.22557934,-0.32533363,-0.94176835,-0.0216428,-0.29828098,-1.4803977,-0.10206674,-0.3594706,-1.8218583,-0.047444075,-0.37024525,-2.2072747,-0.11251373,-0.11651506,-0.9929844,0.02015341,-0.12959145,-1.4385252,-0.11697955,-0.07658572,-1.5808351,-0.27712405,-0.28059253,-1.5303035,-0.30421332,-0.010498141,-0.8915532,-0.018197568,0.116285354,-1.323996,-0.13320537,0.0060894573,-1.5398238,-0.27313128,-0.049677446,-1.3180807,-0.24205664,0.2922289,-0.86984265,0.038727563,0.31300417,-1.1987722,-0.12000542,0.22187155,-1.4093908,-0.14693065,0.15533105,-1.3604921,-0.32082972,D,Right,0.96,aug_D_005.jpg
0.0,0.0,0.0,-0.26705158,-0.18835224,-0.24944566,-0.35770229,-0.54798555,-0.1614272,-0.72872484,-0.81641,-0.17739332,-0.9900039,-0.8372888,-0.25321966,-0.19250207,-0.9009871,-0.038405742,-0.17012165,-1.410832,-0.11841377,-0.33221063,-1.7542584,-0.1539812,-0.35176906,-2.140339,-0.22986768,-0.0017003961,-0.9973375,-0.07290484,-0.032863487,-1.2865068,-0.27964804,-0.032074038,-1.5980467,-0.31241632,-0.14933918,-1.4837918,-0.31276155,0.14499697,-0.8097415,-0.18290845,0.13117011,-0.6105591,-0.19724365,0.15383707,-0.45920384,-0.23845555,0.1143844,-0.3708627,-0.31120163,0.36466932,-0.69285953,-0.17687865,0.42477655,-0.5579852,-0.14531429,0.3728348,-0.41289896,-0.2435764,0.15018782,-0.39747742,-0.2684166,P,Right,0.96,aug_P_031.jpg
0.0,0.0,0.0,-0.093170136,-0.33468062,0.0039830925,-0.19249626,-0.63289803,-0.1373497,-0.40492865,-1.0407639,-0.11830829,-0.6069886,-1.231238,-0.2401364,-0.15281288,-0.8837874,0.110992484,-0.19837937,-0.7456272,-0.110656716,-0.039980758,-0.6833191,-0.13107464,-0.030869363,-0.4546797,-0.09036123,0.0123717105,-0.99508005,0.09829872,0.04830747,-0.82415086,-0.049610402,0.06588993,-0.6992451,-0.09463605,-0.042424586,-0.5360258,-0.16954489,0.197202,-0.9069818,-0.0023799024,0.064991884,-0.7614441,-0.1330036,0.27754351,-0.6507265,-0.13248765,0.15434657,-0.43594706,-0.1792781,0.40249035,-0.70841765,0.017195713,0.33932215,-0.69883126,-0.0933704,0.28307387,-0.56728023,-0.07419645,0.20181385,-0.4173126,-0.051827706,A,Right,0.96,aug_A_018.jpg
0.0,0.0,0.0,-0.22295329,-0.26595205,-0.07582611,-0.4061794,-0.5380577,0.030493574,-0.6595929,-0.6573851,-0.043760393,-0.9608477,-0.92341346,-0.11922301,-0.18511395,-0.82380265,0.044000298,-0.19531381,-1.405583,-0.05523401,-0.28370705,-1.6460688,-0.090290196,-0.3560147,-2.029907,-0.18780088,0.048395716,-0.99420166,-0.096025564,-0.037469435,-1.2140106,-0.09575448,-0.042431515,-1.5270673,-0.22506258,-0.2554457,-1.5163578,-0.25111687,0.21172997,-0.8388524,0.04063043,0.18151048,-0.70529014,-0.089076735,0.05237738,-0.47987056,-0.09897471,0.00085800944,-0.5171433,-0.059920676,0.26458958,-0.62331,-0.14106564,0.35203356,-0.60719806,-0.07610831,0.22133403,-0.39734644,-0.08927129,0.13741758,-0.5017913,-0.11774876,P,Right,0.96,aug_P_012.jpg
0.0,0.0,0.0,-0.26145884,-0.21562874,0.0011299318,-0.28973365,-0.58184797,-0.06288937,-0.63616526,-0.9310751,-0.057459082,-0.71873546,-1.2042829,-0.11274071,-0.24652423,-0.83181614,0.0034975566,-0.15060677,-0.800496,-0.07575937,-0.04104754,-0.43461937,-0.15141238,-0.04112362,-0.33340177,-0.02460258,-0.020597428,-0.99827427,0.054992344,0.0044239196,-0.71047926,-0.01167292,-0.05958304,-0.5738916,-0.2054512,0.02946594,-0.46476412,-0.09324457,0.17050944,-0.83945835,-0.0055424436,0.1270575,-0.7726525,0.0034915537,0.14822209,-0.57733876,-0.10605743,0.018411811,-0.43779957,-0.09072023,0.31497484,-0.6035784,-0.0409325,0.24054293,-0.5539137,0.07087014,0.1992531,-0.40845364,-0.14037795,0.18049113,-0.3736832,-0.116335794,A,Right,0.96,aug_A_008.jpg
0.0,0.0,0.0,-0.0039185854,-0.36147046,0.07323781,-0.22574529,-0.70730394,-0.028438129,0.105314665,-0.6486671,-0.18515486,0.188815,-0.8543012,-0.21764375,-0.05740464,-0.985809,0.06238118,-0.0040333294,-0.8397102,-0.18232216,-0.007189696,-0.6120335,-0.10912927,0.05717794,-0.50077164,-0.11694947,0.028453453,-0.9995688,0.007253203,0.18826957,-1.0071754,0.013523784,0.0768014,-0.5179872,-0.0089065125,0.066724695,-0.47160047,-0.19646823,0.3070543,-1.0058511,0.04064966,0.3148703,-0.8913185,-0.059495166,0.28325087,-0.7788312,-0.16159374,0.34491763,-0.5443967,-0.24540454,0.5933319,-0.8749281,0.026686117,0.48450744,-0.61444604,-0.09604736,0.3765114,-0.59833056,-0.2091199,0.38261056,-0.3647912,-0.060979225,N,Right,0.96,aug_N_002.jpg
0.0,0.0,0.0,-0.28683427,-0.25143263,0.031634767,-0.43714887,-0.537971,-0.12320122,-0.25296548,-0.7159288,-0.073773324,-0.0547437,-0.68059677,-0.035991024,-0.20507552,-0.9427862,0.008336347,-0.2756556,-1.3604112,0.0017449223,-0.46601325,-1.6160871,-0.075002834,-0.47772568,-2.1075532,-0.23206867,-0.1470659,-0.9852857,0.08708423,-0.06910094,-1.4419641,-0.0938485,-0.13326146,-1.8391601,-0.114852905,-0.10869404,-2.2042866,-0.13907403,0.047845036,-0.8843058,-0.007930104,0.043122698,-1.3224112,-0.040950704,0.04395061,-1.7012131,-0.04715797,0.066971384,-2.038036,-0.13833667,0.2882255,-0.6674211,0.042630676,0.3555064,-1.1330376,-0.070473805,0.37629592,-1.4585068,-0.058587905,0.29330096,-1.7328436,-0.12772037,4,Right,0.96,aug_4_008.jpg
0.0,0.0,0.0,-0.19370441,-0.21333149,-0.23955272,-0.31969622,-0.5177718,-0.22797686,-0.29973805,-0.6958947,-0.2837967,0.06291279,-0.70618594,-0.33795273,-0.2534189,-0.8995731,-0.24704677,-0.2202727,-1.4304565,-0.25110182,-0.2742093,-1.6442072,-0.37174228,-0.50336534,-1.4740323,-0.52976686,0.110309586,-0.98674756,-0.118999936,0.013615489,-1.3724775,-0.38041106,-0.063186586,-1.684108,-0.4713527,-0.062178113,-1.549222,-0.5313472,0.17758352,-0.8648446,-0.31468,0.18978411,-1.2300524,-0.33307698,0.24456413,-1.5450792,-0.42578116,-0.0030690227,-1.4993372,-0.5474022,0.4854727,-0.7133874,-0.21265857,0.4511141,-1.2133956,-0.30718917,0.3582035,-1.3688072,-0.37255767,0.30725625,-1.3477864,-0.5162093,E,Right,0.96,aug_E_020.jpg
0.0,0.0,0.0,-0.33395955,-0.28778145,0.07723303,-0.52342933,-0.62831736,-0.0025763663,-0.7534617,-0.8341799,-0.0843534,-1.0455658,-1.1361145,0.02552508,-0.299188,-1.1205637,-0.003778626,-0.3204117,-1.4640077,-0.05046554,-0.2951379,-2.0933805,-0.014214842,-0.43788928,-2.4889235,-0.08731257,-0.075619124,-0.99422336,0.07616932,-0.043858435,-1.0020139,-0.06832959,-0.10727379,-0.6296757,-0.099959716,-0.035019953,-0.5167044,-0.17379944,0.1100861,-1.0724456,0.040721882,0.16473761,-0.99853665,-0.103433855,-0.06675754,-0.8195732,-0.08176783,0.13893057,-0.6568539,-0.14837563,0.3992841,-0.83491725,0.13049714,0.35407105,-0.81391144,-0.16667949,0.29780933,-0.5041745,-0.044941086,0.24870901,-0.5108925,-0.17168573,G,Right,0.96,aug_G_008.jpg
0.0,0.0,0.0,-0.094667554,-0.19864215,-4.041632e-06,-0.36612108,-0.55068445,-0.059815332,-0.21160011,-0.62037027,-0.16642846,-0.0048243525,-0.70334655,-0.21102972,-0.23501551,-0.86554307,0.001254987,-0.23291089,-1.1784396,-0.12800516,-0.28991756,-1.6384515,-0.09890989,-0.2591107,-1.9775536,-0.22602978,0.035845745,-0.9992652,0.013571291,0.06901372,-1.3574889,-0.090403125,0.070698164,-1.7593086,-0.058302667,-0.0004764849,-2.1850264,-0.153605,0.12632537,-0.84853,-0.045911618,0.07795825,-0.6974689,-0.105635665,0.19372253,-0.64934963,-0.12240712,-0.005860902,-0.48466426,-0.06761797,0.37934962,-0.7584211,-0.115780026,0.25928622,-0.66440225,-0.08008429,0.31154522,-0.42388332,-0.23277847,0.13177742,-0.35791308,-0.17980106,2,Right,0.96,aug_2_016.jpg
0.0,0.0,0.0,-0.078265384,-0.36148337,-0.12674068,-0.24547122,-0.5735558,-0.21300633,-0.059687782,-0.5931625,-0.2651952,-0.011369557,-0.53436655,-0.25152132,-0.05994177,-0.82268256,-0.15043356,-0.2122934,-1.1920369,-0.27444476,-0.3062594,-1.4695309,-0.29652357,-0.2807814,-1.3018807,-0.3223283,0.041369062,-0.9990572,-0.013162386,0.056102473,-0.73979884,-0.1500922,0.054733295,-0.5966941,-0.20413277,0.04166897,-0.5042477,-0.17699318,0.27826938,-0.8468918,0.006825375,0.15388697,-0.6202104,-0.13867918,0.03494942,-0.50367266,-0.25329557,0.14544383,-0.44713962,-0.20078182,0.38610038,-0.7636447,-0.10211666,0.41018105,-0.69722635,-0.1587152,0.342688,-0.5705511,-0.18031079,0.31721815,-0.41240326,-0.14644073,X,Right,0.96,aug_X_012.jpg
0.0,0.0,0.0,-0.24118237,-0.2854916,-0.13345607,-0.5349673,-0.6927411,-0.13950366,-0.26747057,-0.8596979,-0.21498984,0.030242821,-0.7368071,-0.15913568,-0.3080721,-1.1601346,-0.17582007,-0.4084864,-1.5639719,-0.039211746,-0.3829472,-2.0813313,-0.10181478,-0.52717865,-2.560708,-0.286295,0.025363652,-0.9993777,0.024511026,-0.00935697,-1.7296948,-0.27025503,0.033545066,-2.2431216,-0.14840001,-0.035179935,-2.7622955,-0.19478334,0.06795957,-1.1120582,-0.14448448,0.21407686,-0.82726026,-0.23786905,0.095185064,-0.7431029,-0.3312186,0.097149506,-0.6038315,-0.2135165,0.47345832,-0.9098641,0.02800736,0.41378278,-0.8360211,-0.21636581,0.2869778,-0.70705414,-0.34725332,0.35931143,-0.5734835,-0.23145635,2,Right,0.96,aug_2_015.jpg
0.0,0.0,0.0,-0.20781446,-0.16453658,-0.11439134,-0.32103196,-0.5678081,-0.27787897,-0.1740228,-0.62540317,-0.3268259,0.05813251,-0.6725429,-0.31873283,-0.14107014,-0.86290646,-0.17785735,-0.105843775,-0.6384148,-0.2887195,-0.13756196,-0.5608734,-0.1508742,-0.12217168,-0.4943998,-0.32619554,0.07462207,-0.9798774,-0.18512663,0.020805899,-0.743554,-0.17129906,0.013251171,-0.56565887,-0.2804918,-0.062613085,-0.45419317,-0.27135786,0.16525765,-0.9358635,-0.20060427,0.14195345,-0.6643412,-0.1380861,0.13410504,-0.61813605,-0.29501218,0.041957505,-0.40054548,-0.158625,0.3328599,-0.7797918,-0.08424751,0.342491,-0.6062659,-0.14319956,0.2056829,-0.56439215,-0.28355867,0.23809674,-0.41735473,-0.14106715,N,Right,0.96,aug_N_020.jpg
0.0,0.0,0.0,0.06991821,-0.3470983,-0.18347138,-0.221473,-0.60279787,-0.15385032,-0.31443274,-1.0525326,-0.17953847,-0.57284456,-1.1777362,-0.26505738,-0.0076130885,-1.0372784,-0.06938508,-0.13138953,-1.2651259,-0.17036924,-0.15438977,-1.6126263,-0.3075314,-0.27142248,-1.3661821,-0.3953516,0.19618164,-0.96758753,-0.1590189,0.12443422,-0.8467818,-0.12176996,0.100048825,-0.6592918,-0.1604041,0.14901015,-0.6365839,-0.24357717,0.35706556,-0.89041245,-0.20468687,0.2768542,-0.75123423,-0.14614512,0.30048904,-0.5624894,-0.22003476,0.23879056,-0.58868015,-0.25089198,0.46651986,-0.7562595,-0.12630497,0.5047908,-0.7706761,-0.14089036,0.4256727,-0.56970096,-0.16637596,0.31460994,-0.5204804,-0.26804677,T,Right,0.96,aug_T_009.jpg
0.0,0.0,0.0,0.5578756,-0.089118056,0.13617805,0.9296056,-0.25566795,0.15268499,1.2782515,-0.30532613,0.09612182,1.6014181,-0.29895103,0.040638447,0.4872769,-0.84390897,0.30289215,1.0117013,-0.90541315,0.20049833,1.4086212,-0.9037353,0.07036777,1.7088466,-0.87904567,-0.021666871,0.40590715,-0.9044308,0.13131732,1.0553827,-0.97536844,0.030293403,1.4763606,-0.9527744,-0.07552054,1.8046305,-0.9029737,-0.14665207,0.39944276,-0.89834154,-0.061097797,1.0528431,-0.98312664,-0.14829811,1.4668165,-0.9607083,-0.2014957,1.7727957,-0.9152597,-0.23107244,0.46694592,-0.8320285,-0.2564871,0.99397373,-0.9453532,-0.30972114,1.3264036,-0.9497158,-0.31315985,1.5951248,-0.922681,-0.3110776,C,Right,0.95,228.jpg
0.0,0.0,0.0,-0.32260594,-0.30285665,-0.09972635,-0.39434662,-0.6192455,-0.12804715,-0.21252215,-0.7057026,-0.1932332,-0.14293131,-0.7690636,-0.16578224,-0.29928556,-0.8763367,-0.021023545,-0.29267892,-1.2143207,-0.05002448,-0.37046173,-1.6724375,-0.15329322,-0.40440065,-2.1081352,-0.14837795,-0.095602185,-0.98835564,-0.11837793,-0.10331746,-0.8184331,-0.13673802,-0.19783536,-0.63983524,-0.23780137,0.0071392553,-0.3611493,-0.21793209,0.017861001,-0.89151525,-0.081622876,0.16477095,-0.68351054,-0.11222804,0.03338276,-0.6058923,-0.18586703,0.033109803,-0.5923323,-0.1449417,0.28306615,-0.77429074,-0.10189717,0.19396402,-0.6672113,-0.24651809,0.23247497,-0.6092412,-0.30521813,0.24269953,-0.5135687,-0.23657063,1,Right,0.96,aug_1_029.jpg
0.0,0.0,0.0,-0.3151064,-0.39611757,-0.045125842,-0.36209998,-0.69191796,-0.035195813,-0.81359327,-0.8638678,-0.22823475,-1.1165498,-0.93581325,-0.28709963,-0.24208713,-1.0353848,-0.021698825,-0.25524488,-0.8059977,-0.20737174,-0.1289678,-0.716565,-0.14542018,-0.22787204,-0.51179546,-0.20551972,-0.07262596,-0.9935703,-0.086852476,-0.15187287,-0.9804435,-0.13839747,-0.110130005,-0.65585977,-0.20415057,-0.055412542,-0.5447225,-0.17757642,0.094505325,-1.0137604,-0.09122759,0.1015058,-0.76110214,-0.1054596,0.037295435,-0.794547,-0.29627416,-0.017390499,-0.60435545,-0.13066392,0.24522625,-0.8258793,0.051562235,0.5502546,-1.1823581,-0.086851515,0.59230554,-1.5018551,-0.13648444,0.77631766,-1.852899,-0.15930939,Y,Right,0.96,aug_Y_017.jpg
